-- MariaDB dump 10.17  Distrib 10.4.8-MariaDB, for debian-linux-gnu (x86_64)
--
-- Host: localhost    Database: homestead
-- ------------------------------------------------------
-- Server version	10.4.8-MariaDB-1:10.4.8+maria~bionic-log

/*!40101 SET @OLD_CHARACTER_SET_CLIENT=@@CHARACTER_SET_CLIENT */;
/*!40101 SET @OLD_CHARACTER_SET_RESULTS=@@CHARACTER_SET_RESULTS */;
/*!40101 SET @OLD_COLLATION_CONNECTION=@@COLLATION_CONNECTION */;
/*!40101 SET NAMES utf8mb4 */;
/*!40103 SET @OLD_TIME_ZONE=@@TIME_ZONE */;
/*!40103 SET TIME_ZONE='+00:00' */;
/*!40014 SET @OLD_UNIQUE_CHECKS=@@UNIQUE_CHECKS, UNIQUE_CHECKS=0 */;
/*!40014 SET @OLD_FOREIGN_KEY_CHECKS=@@FOREIGN_KEY_CHECKS, FOREIGN_KEY_CHECKS=0 */;
/*!40101 SET @OLD_SQL_MODE=@@SQL_MODE, SQL_MODE='NO_AUTO_VALUE_ON_ZERO' */;
/*!40111 SET @OLD_SQL_NOTES=@@SQL_NOTES, SQL_NOTES=0 */;

--
-- Table structure for table `achievement_categories`
--

DROP TABLE IF EXISTS `achievement_categories`;
/*!40101 SET @saved_cs_client     = @@character_set_client */;
/*!40101 SET character_set_client = utf8 */;
CREATE TABLE `achievement_categories` (
  `id` bigint(20) unsigned NOT NULL AUTO_INCREMENT,
  `title` varchar(191) COLLATE utf8_unicode_ci NOT NULL,
  `created_at` timestamp NULL DEFAULT NULL,
  `updated_at` timestamp NULL DEFAULT NULL,
  PRIMARY KEY (`id`)
) ENGINE=InnoDB AUTO_INCREMENT=16 DEFAULT CHARSET=utf8 COLLATE=utf8_unicode_ci;
/*!40101 SET character_set_client = @saved_cs_client */;

--
-- Dumping data for table `achievement_categories`
--

LOCK TABLES `achievement_categories` WRITE;
/*!40000 ALTER TABLE `achievement_categories` DISABLE KEYS */;
INSERT INTO `achievement_categories` VALUES (1,'quia','2019-09-19 11:01:07','2019-09-19 11:01:07'),(2,'nihil','2019-09-19 11:01:07','2019-09-19 11:01:07'),(3,'dolores','2019-09-19 11:01:07','2019-09-19 11:01:07'),(4,'id','2019-09-19 11:01:07','2019-09-19 11:01:07'),(5,'qui','2019-09-19 11:01:07','2019-09-19 11:01:07'),(6,'veritatis','2019-09-19 11:01:07','2019-09-19 11:01:07'),(7,'consectetur','2019-09-19 11:01:07','2019-09-19 11:01:07'),(8,'illum','2019-09-19 11:01:07','2019-09-19 11:01:07'),(9,'amet','2019-09-19 11:01:07','2019-09-19 11:01:07'),(10,'possimus','2019-09-19 11:01:07','2019-09-19 11:01:07'),(11,'magnam','2019-09-19 11:01:07','2019-09-19 11:01:07'),(12,'ut','2019-09-19 11:01:07','2019-09-19 11:01:07'),(13,'dolor','2019-09-19 11:01:07','2019-09-19 11:01:07'),(14,'quaerat','2019-09-19 11:01:07','2019-09-19 11:01:07'),(15,'iusto','2019-09-19 11:01:07','2019-09-19 11:01:07');
/*!40000 ALTER TABLE `achievement_categories` ENABLE KEYS */;
UNLOCK TABLES;

--
-- Table structure for table `achievements`
--

DROP TABLE IF EXISTS `achievements`;
/*!40101 SET @saved_cs_client     = @@character_set_client */;
/*!40101 SET character_set_client = utf8 */;
CREATE TABLE `achievements` (
  `id` bigint(20) unsigned NOT NULL AUTO_INCREMENT,
  `image` varchar(191) COLLATE utf8_unicode_ci NOT NULL,
  `title` varchar(191) COLLATE utf8_unicode_ci NOT NULL,
  `overview` varchar(191) COLLATE utf8_unicode_ci DEFAULT NULL,
  `body` varchar(1000) COLLATE utf8_unicode_ci DEFAULT NULL,
  `achievement_category_id` bigint(20) unsigned NOT NULL,
  `created_at` timestamp NULL DEFAULT NULL,
  `updated_at` timestamp NULL DEFAULT NULL,
  PRIMARY KEY (`id`),
  KEY `achievements_achievement_category_id_foreign` (`achievement_category_id`),
  CONSTRAINT `achievements_achievement_category_id_foreign` FOREIGN KEY (`achievement_category_id`) REFERENCES `achievement_categories` (`id`)
) ENGINE=InnoDB AUTO_INCREMENT=126 DEFAULT CHARSET=utf8 COLLATE=utf8_unicode_ci;
/*!40101 SET character_set_client = @saved_cs_client */;

--
-- Dumping data for table `achievements`
--

LOCK TABLES `achievements` WRITE;
/*!40000 ALTER TABLE `achievements` DISABLE KEYS */;
INSERT INTO `achievements` VALUES (1,'trainer-img.jpg','Qui beatae dolorum similique officiis.','Est delectus impedit aliquid nulla autem dolorem.','Repellendus qui veritatis quibusdam et possimus non quam. Magnam eum modi qui error ab harum. In quo totam dolorem provident.',3,'2019-09-19 11:01:07','2019-09-19 11:01:07'),(2,'trainer-img.jpg','Quis expedita quia similique veritatis et ut in fugiat.','Eveniet excepturi voluptate fuga omnis.','Quae sequi et fugit omnis. Quam est sequi vel aut eos quas neque rerum. Eum eligendi saepe soluta voluptatem possimus dolor quia.',5,'2019-09-19 11:01:07','2019-09-19 11:01:07'),(3,'trainer-img1.jpg','Enim maxime optio aut corporis itaque molestias.','Sequi eius officia quis.','Vel omnis asperiores deleniti veritatis quia dolores ad. Cupiditate velit facilis illum nihil omnis.',2,'2019-09-19 11:01:07','2019-09-19 11:01:07'),(4,'trainer-img.jpg','Laudantium maiores nulla impedit delectus qui exercitationem dolore tempora.','Sed nesciunt cupiditate sit.','Est qui laudantium libero cum inventore rerum vero. Similique sapiente qui veritatis autem beatae placeat distinctio laudantium. Eligendi est sunt et deleniti.',1,'2019-09-19 11:01:07','2019-09-19 11:01:07'),(5,'trainer-img2.jpg','A nostrum illo excepturi laudantium repellat neque sed.','Et qui ipsam ullam rerum.','Eligendi perspiciatis consequuntur illo delectus consequatur. Ut fuga eum et id id.',3,'2019-09-19 11:01:07','2019-09-19 11:01:07'),(6,'trainer-img.jpg','Aperiam dolores et quam accusantium delectus libero.','Impedit sequi hic facere consequatur.','Repellat dolor molestiae quo quasi id in. Nisi dolorem quia magni consequatur iure suscipit quia.',3,'2019-09-19 11:01:07','2019-09-19 11:01:07'),(7,'trainer-img2.jpg','Sunt sunt praesentium sed sit repudiandae sequi consequatur.','Vel quam officiis praesentium voluptates soluta.','Aut illo illum eos vitae ipsam. Rerum nesciunt id nesciunt tenetur ut soluta. Aut minus excepturi natus rem et.',4,'2019-09-19 11:01:07','2019-09-19 11:01:07'),(8,'trainer-img1.jpg','Corrupti in et id sed natus eum.','Asperiores occaecati esse suscipit facere sint.','Aut aperiam sed quibusdam. Ut consequuntur molestiae iusto ea totam.',7,'2019-09-19 11:01:07','2019-09-19 11:01:07'),(9,'trainer-img1.jpg','Voluptatum sint placeat libero voluptate aut aut.','Quam ipsam ut doloribus quis dolores tenetur occaecati.','Officiis voluptatem dolor voluptatem dolorem. Error fugit explicabo sed incidunt facere. Soluta consequatur est id vel rerum.',3,'2019-09-19 11:01:07','2019-09-19 11:01:07'),(10,'trainer-img2.jpg','Et dolorum ad aut ut minus nemo.','Tenetur facere nesciunt quia amet vel dolorem est.','Consequatur dolores aspernatur ipsa cumque error sunt aut. Voluptas earum libero beatae enim illo est dolores. Possimus esse suscipit earum vitae repellendus ea ut dolore.',9,'2019-09-19 11:01:07','2019-09-19 11:01:07'),(11,'trainer-img2.jpg','Blanditiis voluptatem voluptatem earum dolores alias dolor mollitia.','Odit dolor incidunt laborum saepe voluptatem est.','In laborum eligendi id autem. Vitae excepturi omnis asperiores suscipit aut fuga. Aut ex officia quia aspernatur dolor.',4,'2019-09-19 11:01:07','2019-09-19 11:01:07'),(12,'trainer-img.jpg','Ab quos quibusdam ipsum laudantium ad.','Magni culpa voluptatem laudantium enim omnis aliquid nulla.','Voluptatum commodi aut necessitatibus et autem vel officia. Dolor officiis et sint eius qui dignissimos dolores.',2,'2019-09-19 11:01:07','2019-09-19 11:01:07'),(13,'trainer-img2.jpg','Exercitationem et voluptatem temporibus id soluta.','Consequuntur sint est minus.','Minus et deleniti sequi maiores magnam voluptatem. Quas blanditiis neque quo ea numquam nam vero.',3,'2019-09-19 11:01:07','2019-09-19 11:01:07'),(14,'trainer-img.jpg','Laboriosam non ut qui non.','Velit quas sit voluptatem dolorum molestias deleniti.','Sit quas nisi voluptate voluptas. Esse sed exercitationem cupiditate eos.',4,'2019-09-19 11:01:07','2019-09-19 11:01:07'),(15,'trainer-img1.jpg','Nobis minima alias error consequatur.','Iusto eaque non repellendus ullam consequuntur maxime.','Laborum enim ea explicabo ducimus aliquid id aliquid. Aperiam quam laborum molestiae voluptates tempora cumque at.',1,'2019-09-19 11:01:07','2019-09-19 11:01:07'),(16,'trainer-img1.jpg','Maxime repellendus possimus eligendi omnis facere consequuntur et.','Laborum consectetur sed ducimus id est.','Ea ut officia quo qui quia. Ea odio debitis temporibus quo. Cum aspernatur sunt eligendi fuga.',1,'2019-09-19 11:01:07','2019-09-19 11:01:07'),(17,'trainer-img.jpg','Natus magni officia eligendi nam facere consequatur dignissimos dolorem.','Dolores sint vero ipsam amet consequatur et culpa quia.','Iste sed repudiandae harum dolorem iste. Vel suscipit soluta itaque hic beatae ea accusantium. Consectetur sunt eligendi ab.',7,'2019-09-19 11:01:07','2019-09-19 11:01:07'),(18,'trainer-img.jpg','Est in aliquam distinctio quibusdam.','Ducimus numquam est ut sit rerum.','Repellendus qui dolores omnis modi dolor. Impedit odio ratione aspernatur pariatur. Labore molestiae voluptatum deserunt autem.',5,'2019-09-19 11:01:07','2019-09-19 11:01:07'),(19,'trainer-img1.jpg','Sit facilis rerum reprehenderit aut itaque repudiandae.','Dolorem quidem reiciendis praesentium ea iusto et.','Asperiores odio quis nihil debitis fugit repellat commodi. Distinctio consequatur sunt aut. Molestiae dolores et omnis aut quo.',10,'2019-09-19 11:01:07','2019-09-19 11:01:07'),(20,'trainer-img2.jpg','Repudiandae dolorum et facilis ut aut.','Asperiores impedit quos doloribus et sint quam.','Dolorum modi soluta sit blanditiis et explicabo. Corporis eius at sequi veniam architecto temporibus. Voluptas dolorem aspernatur atque sequi.',8,'2019-09-19 11:01:07','2019-09-19 11:01:07'),(21,'trainer-img1.jpg','Laboriosam hic aut et doloremque voluptas qui officiis.','Incidunt est sapiente qui esse quas.','Magnam ducimus quaerat eveniet reiciendis excepturi quia doloremque. Aut voluptatem ut ea nisi. Quasi consequatur pariatur molestiae libero est corrupti consequatur.',1,'2019-09-19 11:01:07','2019-09-19 11:01:07'),(22,'trainer-img1.jpg','Nihil ex molestias est ipsa consequatur voluptatem consequuntur et.','Eum hic ut accusamus aspernatur.','Tempore maiores sunt repudiandae et. Harum harum officiis cupiditate rerum. Exercitationem doloremque id soluta hic iusto praesentium reprehenderit quo.',7,'2019-09-19 11:01:07','2019-09-19 11:01:07'),(23,'trainer-img2.jpg','Aut ut dolorem temporibus nisi non.','Dolorem enim tempora voluptatem illo.','Corrupti similique molestiae nemo assumenda voluptatibus iure. Molestiae consequatur hic adipisci distinctio illo repellendus. Dolorum deleniti quibusdam et eos.',8,'2019-09-19 11:01:07','2019-09-19 11:01:07'),(24,'trainer-img.jpg','Commodi sed tenetur fuga voluptate et.','Nostrum vitae cum qui omnis omnis suscipit architecto.','Suscipit asperiores voluptatibus omnis sunt velit reprehenderit sequi. Omnis porro qui unde laboriosam quia qui accusantium.',9,'2019-09-19 11:01:08','2019-09-19 11:01:08'),(25,'trainer-img2.jpg','Minima possimus fugiat laboriosam dolore nostrum pariatur.','Saepe amet voluptatem odit assumenda numquam.','Inventore est dolorem beatae neque. Voluptatibus ratione quam delectus eligendi. Illo quos ipsa in non odit repudiandae perspiciatis.',1,'2019-09-19 11:01:08','2019-09-19 11:01:08'),(26,'trainer-img.jpg','Omnis dicta quod omnis sed eligendi quam eveniet.','Occaecati vitae minima quia cum accusantium sint nam.','Omnis minima corrupti facere eaque. Eveniet ut ut impedit repudiandae a suscipit illum. Ut corrupti quis ratione occaecati ducimus dolores quibusdam dolor.',2,'2019-09-19 11:01:08','2019-09-19 11:01:08'),(27,'trainer-img2.jpg','Sit minus vitae nam facilis aut laboriosam et vel.','Accusantium dignissimos fugit et ut eius aut dolorem.','Expedita delectus voluptas molestiae sint. Minima neque enim voluptatem non cumque rerum.',7,'2019-09-19 11:01:08','2019-09-19 11:01:08'),(28,'trainer-img2.jpg','Aliquam blanditiis harum consequuntur vel.','Debitis iste suscipit nemo omnis.','Dolores amet quo totam minima dignissimos. Quas dolorum et eveniet ut. Cupiditate voluptatem dolorum voluptatem et.',9,'2019-09-19 11:01:08','2019-09-19 11:01:08'),(29,'trainer-img.jpg','Non voluptatem rem nam laborum est aperiam iusto voluptas.','Qui quia et voluptatem fugiat qui eum porro consequatur.','Quod ratione expedita architecto in hic voluptas. Et quibusdam sit odit voluptate pariatur sed quia.',6,'2019-09-19 11:01:08','2019-09-19 11:01:08'),(30,'trainer-img.jpg','Quia consequatur non facilis harum sit laborum voluptatem.','Distinctio magnam delectus molestias sit.','Praesentium est necessitatibus labore labore. Eaque doloribus fugiat nulla cumque dolore molestiae quas. At rerum laudantium in eum minima.',10,'2019-09-19 11:01:08','2019-09-19 11:01:08'),(31,'trainer-img2.jpg','Officia dolorem et vel esse est repellat totam odit.','Expedita sit beatae laudantium numquam cum aut aspernatur veritatis.','Perspiciatis earum vel ab ut voluptatem autem aut optio. Dolores aliquam tempora ut et. Aut ut esse qui est.',8,'2019-09-19 11:01:08','2019-09-19 11:01:08'),(32,'trainer-img2.jpg','Minima omnis ut suscipit ut.','Doloribus est et necessitatibus sint.','Officiis totam quia mollitia sint quam rerum dolor. Consequatur fugiat et nisi ratione maxime. Sit amet doloremque corporis molestias.',2,'2019-09-19 11:01:08','2019-09-19 11:01:08'),(33,'trainer-img1.jpg','Consequatur repellendus provident voluptatem iusto.','Magni sit cum nemo tempora quos et rem molestias.','Vero explicabo qui praesentium consequatur quidem quia harum. Minima est quidem excepturi deleniti ea suscipit facere.',7,'2019-09-19 11:01:08','2019-09-19 11:01:08'),(34,'trainer-img1.jpg','Consequatur deserunt consequatur consequuntur explicabo numquam.','Quam fuga non rerum.','Consequatur modi magnam tempore blanditiis quos quis dolor. Consequuntur deserunt voluptatem quo nostrum amet hic repellat. Provident dignissimos possimus quis.',10,'2019-09-19 11:01:08','2019-09-19 11:01:08'),(35,'trainer-img1.jpg','Quod consequatur ex quod doloribus.','Perferendis sapiente suscipit ullam provident dicta numquam.','Ea illum delectus ea sint. Officiis dolores aut ipsa quia qui.',9,'2019-09-19 11:01:08','2019-09-19 11:01:08'),(36,'trainer-img1.jpg','Et natus impedit sint deserunt.','Tempora aspernatur aliquam hic impedit.','Repudiandae ipsam voluptas odio deserunt unde et. Exercitationem minima impedit nisi eligendi qui consequatur maxime. Natus exercitationem error dignissimos et.',6,'2019-09-19 11:01:08','2019-09-19 11:01:08'),(37,'trainer-img2.jpg','Labore nesciunt esse quod.','Sit est sunt exercitationem quo.','Doloribus quis inventore aut labore reprehenderit sunt. Assumenda occaecati et non omnis dignissimos velit voluptas.',3,'2019-09-19 11:01:08','2019-09-19 11:01:08'),(38,'trainer-img.jpg','Dolorem et fuga corporis voluptas quo omnis alias.','Similique voluptas corporis aut deserunt velit.','Animi tenetur reiciendis ut et soluta velit earum. Nostrum ipsum vel dolor reiciendis eos eos.',2,'2019-09-19 11:01:08','2019-09-19 11:01:08'),(39,'trainer-img.jpg','Dolores quas vel consectetur ea itaque dolores.','Atque sit ut quasi iste fugit ipsa et.','Inventore doloribus soluta sed quos sed. Labore qui quia neque aut aperiam. Maiores eum provident delectus omnis.',5,'2019-09-19 11:01:08','2019-09-19 11:01:08'),(40,'trainer-img1.jpg','Rerum doloribus rerum iure et numquam id earum.','At officia aut ad occaecati.','Voluptatem voluptatem corporis laborum et quia. Ea ex quibusdam iste odio.',9,'2019-09-19 11:01:08','2019-09-19 11:01:08'),(41,'trainer-img.jpg','Qui repellendus aut sunt doloremque tempora officiis vel illum.','Voluptatem quia quidem totam consequatur cupiditate quas.','Id numquam est magnam quia qui. Cumque perferendis possimus labore corrupti ex rerum. Et est expedita dolorem magni corrupti veritatis fugit.',8,'2019-09-19 11:01:08','2019-09-19 11:01:08'),(42,'trainer-img1.jpg','Itaque voluptatem qui atque est vero.','Consequatur est aut deserunt enim nemo et.','Consequuntur debitis autem corrupti modi quia voluptatem in impedit. Iste in qui repellendus aut repudiandae.',1,'2019-09-19 11:01:08','2019-09-19 11:01:08'),(43,'trainer-img.jpg','Corrupti maiores blanditiis maxime blanditiis ullam officiis voluptatum illum.','Accusamus aliquid nostrum quae esse temporibus enim eum aut.','Eveniet minus aliquam mollitia quia ipsa aut et. Similique quos aliquam et maxime illum alias sint. Iure soluta fuga aut dicta voluptates voluptatem quam.',2,'2019-09-19 11:01:08','2019-09-19 11:01:08'),(44,'trainer-img2.jpg','Pariatur et possimus voluptatem voluptatum a sed.','Laboriosam sit sunt distinctio rerum reprehenderit autem dolorem rerum.','Aut et est quo consequatur eveniet itaque. Autem quisquam ducimus non maxime.',6,'2019-09-19 11:01:08','2019-09-19 11:01:08'),(45,'trainer-img2.jpg','Sapiente quis maiores dolor distinctio sed est.','Minima quia in et vero iure reprehenderit.','Laboriosam voluptas suscipit distinctio aliquam. Sed deserunt accusantium ut excepturi beatae omnis. Quaerat ea quaerat dicta laudantium expedita.',3,'2019-09-19 11:01:08','2019-09-19 11:01:08'),(46,'trainer-img1.jpg','Modi quaerat nostrum asperiores consequatur consequatur minima quia quibusdam.','Enim tempore facere facilis voluptatem.','Necessitatibus ab voluptate quos officia reiciendis. Earum quo et est beatae minima molestiae qui.',1,'2019-09-19 11:01:08','2019-09-19 11:01:08'),(47,'trainer-img2.jpg','Sequi dolores nostrum ut unde officiis sequi qui.','Ut consectetur earum vero ipsam.','Totam placeat quia aut saepe officiis. Ut nisi quos quia repellat corporis dolorum sit. Suscipit possimus et in corrupti qui quaerat.',6,'2019-09-19 11:01:08','2019-09-19 11:01:08'),(48,'trainer-img1.jpg','Fugiat dolores dolores repellendus sunt et eaque voluptatem.','Et quibusdam quis qui minima soluta accusamus.','Dolorum dolor cum voluptate. Autem accusantium harum aut.',1,'2019-09-19 11:01:08','2019-09-19 11:01:08'),(49,'trainer-img2.jpg','Quos quas ut odio quia.','Aliquid ut quibusdam sapiente dolores non illum perferendis.','Ab exercitationem rerum velit eum eum possimus et. Velit minima optio possimus aut.',10,'2019-09-19 11:01:08','2019-09-19 11:01:08'),(50,'trainer-img.jpg','Commodi laboriosam qui quod maiores.','Incidunt sunt ut ut dicta aut qui.','Enim delectus quibusdam sunt maiores non esse dolore. Odio occaecati quis nostrum sit odio. Repellat et consectetur aut voluptatum aspernatur.',2,'2019-09-19 11:01:08','2019-09-19 11:01:08'),(51,'trainer-img.jpg','Dolorum laboriosam voluptatum quia repudiandae at omnis non dolorem.','Dolorem quae nostrum accusamus ut autem autem.','Suscipit molestiae dolores voluptatum laboriosam. Deserunt dolorum enim placeat.',5,'2019-09-19 11:01:08','2019-09-19 11:01:08'),(52,'trainer-img1.jpg','Omnis nemo eveniet temporibus impedit sapiente maiores iure.','Voluptas voluptate aut ullam eveniet reiciendis nesciunt provident.','Voluptatem earum velit error doloremque quia sed eos consequatur. Similique ipsam tempore iure ut sed. Eum cupiditate velit blanditiis ut modi earum.',6,'2019-09-19 11:01:08','2019-09-19 11:01:08'),(53,'trainer-img2.jpg','Rem enim et reprehenderit est fuga odio mollitia iste.','Fugiat assumenda eligendi ipsa quam laudantium.','Ab et fugiat asperiores sint vel velit et. Iste voluptatem placeat itaque cupiditate rerum quibusdam sint. Temporibus sit magnam qui laudantium.',1,'2019-09-19 11:01:08','2019-09-19 11:01:08'),(54,'trainer-img2.jpg','Et eligendi nisi accusantium id libero.','Aut ad quam odio et omnis maxime minima repellat.','Velit quia quibusdam reiciendis necessitatibus odio est. Unde odit autem sunt error sit consequatur similique.',10,'2019-09-19 11:01:08','2019-09-19 11:01:08'),(55,'trainer-img2.jpg','Eveniet aut natus explicabo non consequatur.','Fugit ut quae atque nihil.','Commodi voluptate doloribus reiciendis repellat repellendus dolor. Voluptatibus explicabo exercitationem velit omnis. Molestias ut aut officiis deleniti magni et.',3,'2019-09-19 11:01:08','2019-09-19 11:01:08'),(56,'trainer-img2.jpg','Sapiente sunt voluptate dolores aut reprehenderit aut.','Eius eos consequuntur dolorum.','Sequi possimus et nesciunt voluptatem aut. Quo voluptatem natus hic excepturi placeat dolor aut. Est dolorem voluptates voluptas id repudiandae.',3,'2019-09-19 11:01:08','2019-09-19 11:01:08'),(57,'trainer-img2.jpg','Ut odio natus nulla deserunt laudantium dolores velit.','Natus commodi voluptatem sit sed ex.','Voluptatem voluptatem ab doloremque ut perferendis. Necessitatibus natus dolorem a eum aut. Est sint culpa ipsam quia.',1,'2019-09-19 11:01:08','2019-09-19 11:01:08'),(58,'trainer-img.jpg','Iusto quos excepturi non deserunt et et.','Numquam et error reprehenderit.','Sit repellat rerum qui enim officiis dolores deserunt. Sed dolores veniam quod non amet.',8,'2019-09-19 11:01:08','2019-09-19 11:01:08'),(59,'trainer-img.jpg','Dolor ea architecto aliquid rerum aut enim.','Impedit eum assumenda nulla quod consequatur.','Non tenetur consequuntur error perferendis quisquam itaque aliquid. Harum incidunt cumque molestias quo.',6,'2019-09-19 11:01:08','2019-09-19 11:01:08'),(60,'trainer-img1.jpg','Aut assumenda repudiandae quasi aut praesentium eveniet.','Dolorem ipsa et eveniet quia impedit beatae sapiente accusantium.','Aut accusamus sed consectetur ea. Sequi sint commodi laboriosam quia incidunt. Consectetur aperiam assumenda aut ut in accusantium fugiat aut.',10,'2019-09-19 11:01:08','2019-09-19 11:01:08'),(61,'trainer-img2.jpg','Excepturi tempore sit delectus consequatur excepturi.','Adipisci ipsa voluptatem aut.','Qui praesentium vel vero non voluptate. Sint laudantium dolores corrupti consequatur rem voluptas voluptate.',1,'2019-09-19 11:01:08','2019-09-19 11:01:08'),(62,'trainer-img.jpg','Aut rem quia nesciunt in consequatur.','Ab accusantium voluptatem aut omnis qui sed molestias aperiam.','Tempore et omnis ducimus expedita accusamus quasi dolores. Praesentium dignissimos rem molestiae dolore molestiae est cumque.',7,'2019-09-19 11:01:08','2019-09-19 11:01:08'),(63,'trainer-img1.jpg','Non voluptate ullam et id illum.','Voluptas quae et quisquam quo incidunt.','Error nam ut iusto et. Ea est ut sapiente occaecati et. Et incidunt laudantium magnam nihil maiores.',6,'2019-09-19 11:01:08','2019-09-19 11:01:08'),(64,'trainer-img1.jpg','Suscipit voluptas itaque voluptatem adipisci.','Tempore beatae quia debitis nisi officiis eum at.','Magnam vitae labore facilis at repellendus animi quae. Consequuntur aut repellendus sapiente consequuntur quam rerum voluptate. Velit et omnis ipsam natus.',5,'2019-09-19 11:01:08','2019-09-19 11:01:08'),(65,'trainer-img2.jpg','Doloribus modi explicabo laborum quis.','Dolorum qui quo illum repellat.','Cumque consequatur fugiat ducimus nihil quia omnis sed. Eligendi modi saepe sequi. Aperiam earum est itaque veritatis quam quae.',7,'2019-09-19 11:01:08','2019-09-19 11:01:08'),(66,'trainer-img2.jpg','Repudiandae dolore doloremque sit et soluta.','Maxime dicta temporibus a enim et rerum iusto.','Consectetur facere quis et error omnis occaecati at. Ut autem officia repudiandae. Eos similique dolorum aspernatur recusandae.',1,'2019-09-19 11:01:08','2019-09-19 11:01:08'),(67,'trainer-img2.jpg','Debitis nesciunt corporis ea asperiores reiciendis quis.','Error rerum quas consectetur quaerat nostrum odio.','Veniam nihil dolores eos saepe qui. Sequi et sed earum dolorem libero recusandae aut delectus.',3,'2019-09-19 11:01:08','2019-09-19 11:01:08'),(68,'trainer-img1.jpg','Accusantium aspernatur perspiciatis aut necessitatibus veniam quam.','Aut dolor maiores officiis nam magnam molestias reiciendis sint.','Dolorem rerum vel ut ea ut autem. Molestias possimus qui hic unde reiciendis.',5,'2019-09-19 11:01:08','2019-09-19 11:01:08'),(69,'trainer-img.jpg','Nam eveniet soluta ea sapiente qui suscipit.','Et vel dolorum in.','Molestias ducimus recusandae quod quos mollitia est. Est in atque dolorem dicta porro. Et molestiae voluptatum distinctio autem.',8,'2019-09-19 11:01:08','2019-09-19 11:01:08'),(70,'trainer-img.jpg','Rerum ad incidunt quod ut.','Consequatur fugiat eaque temporibus aut.','Assumenda incidunt qui eos itaque ipsa et accusantium. Sed unde ipsam ut dolorem aut asperiores. Optio veniam possimus doloremque consequuntur cum sed.',1,'2019-09-19 11:01:08','2019-09-19 11:01:08'),(71,'trainer-img1.jpg','Sunt qui suscipit consectetur et commodi sunt.','Vel voluptatum numquam quia at.','Quae magnam voluptatum consequatur consequatur quae ad. Eos porro minus maiores aliquam. Delectus est blanditiis aliquid eos delectus autem voluptate.',1,'2019-09-19 11:01:08','2019-09-19 11:01:08'),(72,'trainer-img2.jpg','Architecto enim consequatur nostrum et.','Nihil id perspiciatis consequatur laboriosam.','Est eligendi quaerat harum aut reiciendis voluptas. Odit et debitis rerum voluptas consequatur dolores consequuntur qui.',4,'2019-09-19 11:01:08','2019-09-19 11:01:08'),(73,'trainer-img1.jpg','Nihil ex culpa est consectetur nam reiciendis.','Consequatur ut occaecati voluptatum eos.','Cum aut quia error temporibus. Aut enim quasi qui corporis corporis dignissimos ipsam. Nesciunt sit quisquam fugit incidunt voluptas.',8,'2019-09-19 11:01:08','2019-09-19 11:01:08'),(74,'trainer-img1.jpg','Eligendi earum quasi assumenda sequi est laboriosam.','Reprehenderit quia cum ex vel pariatur mollitia nam.','Et rerum id doloribus. Doloribus quo vel ad similique qui. Ducimus fugit vel ipsam ut qui eos.',9,'2019-09-19 11:01:08','2019-09-19 11:01:08'),(75,'trainer-img.jpg','Corporis quia ea quaerat qui.','Sunt porro asperiores sit asperiores quo aut.','Dolorem nemo ea expedita nostrum molestiae consequatur. Ab minima atque sunt voluptas deleniti hic. Atque culpa fugit et aut pariatur culpa ratione.',9,'2019-09-19 11:01:08','2019-09-19 11:01:08'),(76,'trainer-img.jpg','Est sit magnam esse dicta ut.','Modi ab ipsam eaque labore dolorem.','Est tempore eos quam unde laborum sit quod. Maxime eos nemo quasi reiciendis enim.',9,'2019-09-19 11:01:08','2019-09-19 11:01:08'),(77,'trainer-img2.jpg','Fugiat dolores sequi quia nesciunt.','Consequatur et quo dolores esse.','Id quis dignissimos officiis aut. Harum voluptas ut veritatis assumenda.',4,'2019-09-19 11:01:08','2019-09-19 11:01:08'),(78,'trainer-img2.jpg','Labore modi qui sit sint et qui.','Odit voluptatibus quo officia esse autem id dolor.','Repellat vel voluptatibus dolores. Ex qui blanditiis neque aut numquam id. Ipsum incidunt rerum et rerum et.',3,'2019-09-19 11:01:08','2019-09-19 11:01:08'),(79,'trainer-img2.jpg','Quis velit velit harum in exercitationem odio accusantium.','Fugiat aliquid asperiores aut ipsa ea enim.','Suscipit molestiae saepe error ea sapiente magnam consequuntur. Velit et est consequatur placeat fugiat. Nihil dolor cupiditate veniam soluta.',6,'2019-09-19 11:01:08','2019-09-19 11:01:08'),(80,'trainer-img2.jpg','Est accusantium tempore doloribus consequatur et architecto molestias.','Maiores non ut in fugiat saepe.','Architecto et et aliquam vitae quo eos. Quod sit earum fuga ipsum eum nostrum.',7,'2019-09-19 11:01:08','2019-09-19 11:01:08'),(81,'trainer-img1.jpg','Est voluptas eum dolorum sed.','Delectus doloribus temporibus cum eos cupiditate facere qui.','Sed minus ducimus non vero suscipit. Soluta suscipit id quidem asperiores provident dolorem. Cupiditate iusto iste magni omnis sint officiis labore.',4,'2019-09-19 11:01:08','2019-09-19 11:01:08'),(82,'trainer-img.jpg','Minima in nemo consectetur.','Excepturi dolore ipsa ut ab assumenda similique placeat.','Perspiciatis nulla est facilis aliquam sunt. Assumenda architecto explicabo dicta aliquid dolor unde ipsum.',3,'2019-09-19 11:01:08','2019-09-19 11:01:08'),(83,'trainer-img2.jpg','Blanditiis ullam odio nihil fugit.','Sit iure laboriosam sit quo dolores.','Consequatur quia sint et voluptatem asperiores minima corrupti. Tempora eos asperiores id. Veritatis dolor saepe ea id itaque alias.',10,'2019-09-19 11:01:08','2019-09-19 11:01:08'),(84,'trainer-img2.jpg','Rem molestias recusandae eius et ex sed ut.','Ea autem nisi voluptatem quisquam aperiam.','Ea qui totam est ab. Vel aspernatur delectus illo occaecati corrupti perferendis. Praesentium tempora ipsam quod in.',2,'2019-09-19 11:01:08','2019-09-19 11:01:08'),(85,'trainer-img1.jpg','Labore quia sint nulla quia repudiandae.','Et qui impedit nemo.','Harum qui quia dolores adipisci veritatis. Maiores est sapiente soluta tempora hic adipisci. Ipsa odio reiciendis culpa vel corrupti placeat.',1,'2019-09-19 11:01:08','2019-09-19 11:01:08'),(86,'trainer-img.jpg','Consequatur dicta accusantium consequatur sequi in dolor.','Incidunt velit nulla ut illum.','Perferendis ex mollitia veritatis occaecati aut. Culpa voluptatibus facere quisquam minus. Deserunt illo ullam quae non corrupti deleniti cum.',9,'2019-09-19 11:01:08','2019-09-19 11:01:08'),(87,'trainer-img.jpg','Ipsum non quos occaecati inventore.','Et molestiae qui adipisci dolorem vero ut provident.','Culpa facere ea ipsa. Voluptatem doloribus earum delectus rem nobis ex aliquid.',2,'2019-09-19 11:01:08','2019-09-19 11:01:08'),(88,'trainer-img1.jpg','Sunt sed doloribus optio vel aut recusandae.','Inventore velit ipsa amet sint ab velit.','Voluptas nihil omnis molestiae tenetur quasi voluptatibus beatae. Qui debitis odit ut non tempora.',4,'2019-09-19 11:01:08','2019-09-19 11:01:08'),(89,'trainer-img.jpg','Est nihil odio quibusdam architecto.','Sunt eum deleniti quia repellendus ab officia.','Officiis magni nesciunt ab dolore necessitatibus maiores. Suscipit maxime vel fugit voluptas nihil in.',6,'2019-09-19 11:01:08','2019-09-19 11:01:08'),(90,'trainer-img2.jpg','Nobis qui consequatur cum id delectus ullam incidunt.','Ex rerum quo dolorum iure quisquam aut velit consequatur.','Hic voluptates ullam aut alias. Est beatae nihil sit enim aut itaque voluptatem incidunt. Alias dolores recusandae commodi impedit voluptate autem id.',3,'2019-09-19 11:01:09','2019-09-19 11:01:09'),(91,'trainer-img1.jpg','Ab facere est rerum sunt.','Iusto et suscipit quos velit adipisci ut non.','Perferendis maiores neque officia sint sit. Repudiandae ad id mollitia sed minima rerum.',10,'2019-09-19 11:01:09','2019-09-19 11:01:09'),(92,'trainer-img.jpg','Ut ut quisquam et rerum fugit in dolore.','Repellat dignissimos quis vel totam autem qui pariatur.','Velit qui ducimus suscipit hic velit vitae similique. In quia ad nihil possimus sunt. Sit voluptatem labore doloribus nemo.',7,'2019-09-19 11:01:09','2019-09-19 11:01:09'),(93,'trainer-img2.jpg','Distinctio accusamus omnis quis voluptatibus excepturi ipsa illum.','Similique officiis aut placeat ex deleniti voluptas.','Sapiente eos harum commodi voluptatem. Blanditiis corrupti omnis quo vitae soluta. Et et ab architecto doloribus.',9,'2019-09-19 11:01:09','2019-09-19 11:01:09'),(94,'trainer-img2.jpg','Quis natus porro ut nihil.','Quo accusantium earum est voluptatem iusto cum.','Consequuntur aut eum vero eius ut et autem. Molestiae voluptas aspernatur quia unde iste. Nobis blanditiis in omnis delectus.',2,'2019-09-19 11:01:09','2019-09-19 11:01:09'),(95,'trainer-img2.jpg','Et ipsa minima quia qui sed unde earum qui.','Maiores repellat reiciendis est velit.','Maiores cupiditate eum ullam. Odit qui cumque a est maxime sed qui corrupti.',3,'2019-09-19 11:01:09','2019-09-19 11:01:09'),(96,'trainer-img1.jpg','Nobis dicta aut est.','Et sint accusantium in ad ab.','Animi laboriosam maiores quasi et voluptas eaque et. Et assumenda eligendi dolore id.',8,'2019-09-19 11:01:09','2019-09-19 11:01:09'),(97,'trainer-img.jpg','Tempora quod autem est nostrum.','Et possimus amet earum eaque qui.','Natus eum ducimus eos ea. Quod non vitae iure voluptas temporibus blanditiis.',10,'2019-09-19 11:01:09','2019-09-19 11:01:09'),(98,'trainer-img1.jpg','Dolorem ea voluptatem natus et voluptas nisi.','Qui dolor aliquid alias doloribus harum voluptate deserunt.','Animi doloribus ratione ea dignissimos temporibus magni. Sunt quibusdam ipsum est distinctio. Unde tempore numquam voluptatem provident excepturi quos.',9,'2019-09-19 11:01:09','2019-09-19 11:01:09'),(99,'trainer-img2.jpg','Qui voluptatem sint qui accusantium consequatur.','Cumque sed officia maxime adipisci voluptate mollitia unde.','Eligendi est ullam nihil qui molestiae omnis. Dolorem similique similique nihil.',3,'2019-09-19 11:01:09','2019-09-19 11:01:09'),(100,'trainer-img2.jpg','Dolores placeat suscipit aut aut architecto ut id.','Deserunt qui consequatur natus sit non odio.','Nihil quas quia et error. Illo tempore dolorem nemo rerum corrupti ab fugiat magnam.',3,'2019-09-19 11:01:09','2019-09-19 11:01:09'),(101,'trainer-img2.jpg','Beatae vel voluptate et occaecati culpa et ullam.','Natus non fuga sit in debitis veritatis fugiat.','Cumque illo aut voluptatem ut repellat dolorum. Aut iste blanditiis quasi delectus praesentium odit dolor.',6,'2019-09-19 11:01:09','2019-09-19 11:01:09'),(102,'trainer-img1.jpg','Dicta quod dolore eaque.','Eius eum consequatur libero odit non.','Molestias est iure aut consequuntur delectus cumque eaque. Et recusandae perferendis magni. Asperiores minus qui corporis ullam unde.',6,'2019-09-19 11:01:09','2019-09-19 11:01:09'),(103,'trainer-img2.jpg','Voluptas aspernatur consequuntur facere et perspiciatis.','Et libero architecto sint quis totam.','Labore ipsam et odio voluptas nam autem repellendus. Esse maiores qui optio aut. Beatae et nostrum nihil excepturi.',8,'2019-09-19 11:01:09','2019-09-19 11:01:09'),(104,'trainer-img.jpg','Delectus saepe iure voluptates asperiores tenetur voluptatum itaque.','Atque facilis reiciendis blanditiis ratione ut.','Quibusdam eum distinctio quam natus. Ut ipsa ea voluptatem vitae placeat officiis ut maiores.',3,'2019-09-19 11:01:09','2019-09-19 11:01:09'),(105,'trainer-img2.jpg','Aspernatur sint dolore incidunt nihil beatae ad ab.','Et reprehenderit consequatur modi quae vitae hic.','Ex perferendis error praesentium aut voluptas provident eligendi. Consequatur consequatur et dolores consequatur et modi.',1,'2019-09-19 11:01:09','2019-09-19 11:01:09'),(106,'trainer-img1.jpg','Est dicta incidunt aut quo et minima.','Et neque et quia doloremque tenetur.','Ducimus non quia eum quo. Mollitia laudantium sapiente itaque sed repellendus in sequi.',4,'2019-09-19 11:01:09','2019-09-19 11:01:09'),(107,'trainer-img1.jpg','Veniam fugit et dolore consequatur.','Voluptas aliquid est et adipisci officia omnis.','Cupiditate repellat aliquam sunt omnis molestiae. Ut iste fugit et voluptatem illo. Qui est laborum quae quis est neque corrupti.',2,'2019-09-19 11:01:09','2019-09-19 11:01:09'),(108,'trainer-img.jpg','Ab distinctio corporis aliquid quia tempora et.','Aperiam temporibus rerum voluptatem quam provident voluptate corrupti.','Maiores et dolorem soluta nisi non quidem sed. Iste atque et deserunt qui ut.',6,'2019-09-19 11:01:09','2019-09-19 11:01:09'),(109,'trainer-img2.jpg','Occaecati sed fugiat deserunt sequi ut adipisci ut.','Facilis temporibus non incidunt in.','Labore omnis ex voluptatem officiis facilis. Necessitatibus iste sequi sequi.',1,'2019-09-19 11:01:09','2019-09-19 11:01:09'),(110,'trainer-img1.jpg','Eum numquam qui est neque.','Illo autem neque debitis ea vero quo.','Quis quia deserunt sit. Cupiditate eos accusantium ipsa praesentium repellendus et numquam. Iure quis incidunt ut sequi quod.',1,'2019-09-19 11:01:09','2019-09-19 11:01:09'),(111,'trainer-img2.jpg','Et et molestiae dolorem qui enim ipsum tenetur et.','Ad laudantium eligendi at qui dolorum et voluptas voluptas.','Perspiciatis non assumenda ab hic. Repudiandae eaque ullam eligendi tempora id molestias. Ut optio totam explicabo quod excepturi quia placeat.',5,'2019-09-19 11:01:09','2019-09-19 11:01:09'),(112,'trainer-img1.jpg','Non omnis illo eos doloremque qui amet dicta.','Similique et cupiditate et nesciunt.','Nesciunt magni voluptatem numquam itaque. Ut doloribus maiores qui non voluptatem dolore aut. Error fugiat sunt error.',8,'2019-09-19 11:01:09','2019-09-19 11:01:09'),(113,'trainer-img2.jpg','Quaerat et sint molestiae molestias placeat.','Expedita est esse itaque eveniet.','Repellendus doloribus magni distinctio cumque. Enim laboriosam sed quas adipisci omnis ut enim dolorum.',6,'2019-09-19 11:01:09','2019-09-19 11:01:09'),(114,'trainer-img.jpg','Nihil nihil a expedita quo laboriosam sed et.','Quidem porro inventore officiis numquam commodi in voluptas.','Dolorem quis vel dicta esse natus et omnis. Sit consequatur quae qui voluptatem labore ad voluptas.',7,'2019-09-19 11:01:09','2019-09-19 11:01:09'),(115,'trainer-img.jpg','Totam sint totam in enim optio.','Excepturi quae qui esse omnis dolore rerum dignissimos.','Velit quis iste nesciunt quos quo sint. Nesciunt rerum veritatis adipisci.',8,'2019-09-19 11:01:09','2019-09-19 11:01:09'),(116,'trainer-img1.jpg','Est ab id nostrum et et.','Quis amet ipsum in rerum corrupti aspernatur.','A est est accusantium autem fuga unde dolor. Saepe est dignissimos aut porro et assumenda. Dicta ut enim voluptatem fugit nihil illum aut sequi.',4,'2019-09-19 11:01:09','2019-09-19 11:01:09'),(117,'trainer-img.jpg','Suscipit quis qui fugiat quasi dignissimos dicta.','Et id enim amet.','Tenetur magni odit qui soluta et sapiente fugit. Corporis suscipit ad id.',1,'2019-09-19 11:01:09','2019-09-19 11:01:09'),(118,'trainer-img2.jpg','Autem maiores delectus voluptatem dolorem ipsa.','Voluptates delectus laudantium est et id rerum.','Suscipit sit occaecati tenetur vel. Est labore qui sed ducimus nesciunt. Vitae dolorem ipsam libero quisquam.',10,'2019-09-19 11:01:09','2019-09-19 11:01:09'),(119,'trainer-img1.jpg','Voluptate ut quasi qui et.','Numquam debitis corporis et et perspiciatis libero natus ipsam.','Ipsum iusto laudantium sint aut ab qui. Doloribus ipsa autem blanditiis deserunt culpa. Delectus quia nostrum quia placeat aut ex.',7,'2019-09-19 11:01:09','2019-09-19 11:01:09'),(120,'trainer-img2.jpg','Vel voluptatum dolore omnis.','Cupiditate et neque et officia totam quos.','Aspernatur rerum numquam debitis voluptas. Modi optio tempora necessitatibus omnis.',3,'2019-09-19 11:01:09','2019-09-19 11:01:09'),(121,'trainer-img.jpg','Dicta voluptatem et impedit.','Sed qui ut sint sint praesentium et aut.','Quia neque qui maxime eos sunt. Deleniti minus quo est numquam repellat labore voluptatem natus. Alias consequatur ipsam quia aut.',10,'2019-09-19 11:01:09','2019-09-19 11:01:09'),(122,'trainer-img1.jpg','Voluptas laudantium iste sit harum.','Illum sed nihil accusantium deleniti consequuntur et et.','Veritatis nulla nisi dolores delectus ratione perspiciatis eius. Cupiditate id odio recusandae. Voluptatem possimus numquam optio accusamus consequuntur quam assumenda.',10,'2019-09-19 11:01:09','2019-09-19 11:01:09'),(123,'trainer-img.jpg','Nobis nihil voluptatem asperiores.','Similique pariatur consequatur ducimus quo repellat.','Sunt qui quod dicta molestiae. Quibusdam unde modi ducimus sapiente. Maxime est eos nam id porro.',5,'2019-09-19 11:01:09','2019-09-19 11:01:09'),(124,'trainer-img.jpg','Beatae nihil impedit distinctio reiciendis praesentium aut excepturi.','Molestias corrupti ut alias esse est.','Sit nesciunt commodi numquam ut. Harum nobis perferendis et voluptatem dicta.',2,'2019-09-19 11:01:09','2019-09-19 11:01:09'),(125,'trainer-img.jpg','Hic iusto reiciendis et tempore tempora corporis id.','Quibusdam aperiam dolores mollitia.','Placeat repellendus natus expedita sit assumenda incidunt aut. Vel enim officiis et rerum dolores. Sunt accusamus beatae consequatur quia.',5,'2019-09-19 11:01:09','2019-09-19 11:01:09');
/*!40000 ALTER TABLE `achievements` ENABLE KEYS */;
UNLOCK TABLES;

--
-- Table structure for table `categories`
--

DROP TABLE IF EXISTS `categories`;
/*!40101 SET @saved_cs_client     = @@character_set_client */;
/*!40101 SET character_set_client = utf8 */;
CREATE TABLE `categories` (
  `id` bigint(20) unsigned NOT NULL AUTO_INCREMENT,
  `title` varchar(191) COLLATE utf8_unicode_ci NOT NULL,
  `slug` varchar(191) COLLATE utf8_unicode_ci NOT NULL,
  `created_at` timestamp NULL DEFAULT NULL,
  `updated_at` timestamp NULL DEFAULT NULL,
  PRIMARY KEY (`id`),
  UNIQUE KEY `categories_slug_unique` (`slug`)
) ENGINE=InnoDB AUTO_INCREMENT=6 DEFAULT CHARSET=utf8 COLLATE=utf8_unicode_ci;
/*!40101 SET character_set_client = @saved_cs_client */;

--
-- Dumping data for table `categories`
--

LOCK TABLES `categories` WRITE;
/*!40000 ALTER TABLE `categories` DISABLE KEYS */;
INSERT INTO `categories` VALUES (1,'Uncategorized','uncategorized',NULL,NULL),(2,'Tips and Tricks','tips-and-tricks',NULL,NULL),(3,'Build Apps','build-apps',NULL,NULL),(4,'News','news',NULL,NULL),(5,'Freebies','freebies',NULL,NULL);
/*!40000 ALTER TABLE `categories` ENABLE KEYS */;
UNLOCK TABLES;

--
-- Table structure for table `comments`
--

DROP TABLE IF EXISTS `comments`;
/*!40101 SET @saved_cs_client     = @@character_set_client */;
/*!40101 SET character_set_client = utf8 */;
CREATE TABLE `comments` (
  `id` bigint(20) unsigned NOT NULL AUTO_INCREMENT,
  `author_name` varchar(191) COLLATE utf8_unicode_ci NOT NULL,
  `author_email` varchar(191) COLLATE utf8_unicode_ci NOT NULL,
  `author_url` varchar(191) COLLATE utf8_unicode_ci DEFAULT NULL,
  `body` text COLLATE utf8_unicode_ci NOT NULL,
  `post_id` bigint(20) unsigned NOT NULL,
  `created_at` timestamp NULL DEFAULT NULL,
  `updated_at` timestamp NULL DEFAULT NULL,
  PRIMARY KEY (`id`),
  KEY `comments_post_id_foreign` (`post_id`),
  CONSTRAINT `comments_post_id_foreign` FOREIGN KEY (`post_id`) REFERENCES `posts` (`id`) ON DELETE CASCADE
) ENGINE=InnoDB AUTO_INCREMENT=54 DEFAULT CHARSET=utf8 COLLATE=utf8_unicode_ci;
/*!40101 SET character_set_client = @saved_cs_client */;

--
-- Dumping data for table `comments`
--

LOCK TABLES `comments` WRITE;
/*!40000 ALTER TABLE `comments` DISABLE KEYS */;
INSERT INTO `comments` VALUES (1,'Marlen Williamson','richie66@gmail.com','carroll.com','Tempore quia dolorem aut a optio beatae enim. Quo quibusdam nesciunt voluptatum et assumenda dolores minima assumenda. Quia doloremque in quae sed culpa ipsam exercitationem omnis. Animi dolore inventore molestiae est placeat quia consequatur.\n\nIn vel odio corrupti culpa. Architecto minima vel autem odit earum possimus nisi. Consequuntur vitae eaque esse vel sed. Sed in hic minima provident.\n\nAliquam veritatis culpa doloribus repellat sunt amet. Ea eius qui mollitia qui voluptas sit. Libero qui laborum repellendus et. Deserunt qui cumque et pariatur unde. Amet inventore aut quo nobis autem unde ullam.\n\nNam architecto perferendis eveniet occaecati quisquam. Et nihil repellat ut dolore ducimus et praesentium ea.\n\nQuo facere non maxime voluptatum assumenda repudiandae. Porro mollitia assumenda libero qui. Rerum architecto vel omnis voluptates voluptas aut.',36,'2019-09-18 12:01:13','2019-09-18 12:01:13'),(2,'Waino Langworth','krystel93@schultz.net','johnston.com','Nostrum nostrum consequuntur cum occaecati. Et velit quas ipsum unde. Aut accusamus possimus est explicabo consequatur. Rerum voluptatibus perspiciatis saepe aspernatur consectetur.\n\nDicta qui velit qui inventore incidunt. Qui laudantium aut necessitatibus. Molestiae sequi mollitia perspiciatis non qui id. Est culpa dignissimos aut quae laboriosam. Id a corrupti et totam.\n\nConsectetur velit quisquam excepturi debitis. Aut necessitatibus exercitationem accusantium recusandae cumque et eaque. Ea atque nesciunt voluptatibus dolor exercitationem recusandae. Dolor nisi aut est laborum impedit tempore temporibus voluptates.\n\nMagni et ullam laudantium numquam rerum aut sunt quisquam. Illo ea aut corporis. Autem ipsam omnis ut est et et laborum. Fuga est magnam odio omnis et numquam.',36,'2019-09-18 13:01:13','2019-09-18 13:01:13'),(3,'Alisa Howell','medhurst.erick@gmail.com','strosin.org','Quas quia provident qui et voluptatem maxime. Fugit nihil ullam sint cumque ullam. Assumenda nisi velit dignissimos aut exercitationem. Nisi et officia non modi sed quia.',36,'2019-09-18 14:01:13','2019-09-18 14:01:13'),(4,'Keenan Batz','dlakin@yahoo.com','lueilwitz.info','Fugit occaecati quibusdam enim. Qui consequatur veniam repellendus excepturi ea et. Omnis voluptatem possimus ipsa assumenda.',31,'2019-07-30 12:01:13','2019-07-30 12:01:13'),(5,'Stacy Reichel','pturner@lueilwitz.net','mueller.com','Et et tempora amet eligendi adipisci. Eveniet fuga quo assumenda dolore. Rerum eum inventore distinctio praesentium hic. Velit rerum sit quam qui omnis numquam.\n\nQui voluptatum porro molestiae numquam eveniet. Illum esse vel autem dignissimos hic. Quibusdam voluptas occaecati doloribus eum quia dolor voluptatem. Eum totam similique est quia.\n\nQuae natus sit error recusandae. Dolores deleniti qui optio. Fugiat unde non aspernatur dolore esse itaque dolor.\n\nQuia nesciunt voluptas quo nulla ullam doloribus. Eos atque deleniti quia quibusdam veniam sit consequatur sed. Possimus ipsa quisquam praesentium corrupti.',31,'2019-07-30 13:01:13','2019-07-30 13:01:13'),(6,'Prof. Lew Heaney','sanford.london@gmail.com','abshire.com','Animi aliquam et occaecati aliquid eum consequatur. Veniam quos nihil fugit quia. Distinctio iure debitis est excepturi velit optio.\n\nUt illo voluptatem voluptate sit hic soluta. Perferendis sit deleniti accusantium enim sed dolor vel nobis. Voluptas et omnis nobis cum quibusdam libero. Modi corporis labore impedit.',31,'2019-07-30 14:01:13','2019-07-30 14:01:13'),(7,'Dario Ziemann','conroy.casper@robel.com','kuhn.net','Deleniti voluptas deserunt eum nam. Deleniti est inventore reiciendis et.\n\nQuo dolorem nesciunt pariatur voluptas nisi quia. Ad omnis suscipit ut. Provident exercitationem illum natus maiores vero.\n\nEx laudantium quia quisquam qui qui ad quos dolores. Qui placeat et vel est. Optio dolores et quis. Rerum accusamus deserunt et ut voluptatum adipisci quaerat.',31,'2019-07-30 15:01:13','2019-07-30 15:01:13'),(8,'Antonetta Kautzer','fruecker@gmail.com','fisher.info','Ipsa expedita deleniti rerum excepturi quia itaque. Porro veniam impedit fuga dolor consequatur non rerum. Doloribus culpa perferendis temporibus ut ad vel.',31,'2019-07-30 16:01:13','2019-07-30 16:01:13'),(9,'Afton Johns','cierra.padberg@yahoo.com','yost.com','Reiciendis occaecati qui sequi id eos quam et. Ad autem minima aut quis et neque enim corporis. Labore inventore neque quia delectus. Tenetur cupiditate ratione cumque sint id.\n\nQui placeat ad est ut quos recusandae esse sed. Occaecati non enim voluptates sed est autem earum. Voluptatem deserunt et et aut delectus. Aliquam sapiente et autem eaque tempora.\n\nTempora id ducimus vel et suscipit. Eaque veniam natus quae quis. Possimus deleniti laudantium a id vel. Earum et et excepturi saepe dolores placeat.\n\nTempora perspiciatis similique sunt aut. Repellat ut eaque ullam est explicabo. Veritatis error adipisci dolor corrupti in vel. Odit aut iste nostrum. Aspernatur fuga est ut quisquam.',30,'2019-07-20 12:01:13','2019-07-20 12:01:13'),(10,'Wava Predovic MD','kertzmann.lucie@tromp.com','koepp.com','Saepe voluptatem rerum sequi ex quo. Reprehenderit et exercitationem tenetur sit. Provident quos perspiciatis magnam quidem. Harum amet unde sed ut iure quisquam occaecati nihil.',30,'2019-07-20 13:01:13','2019-07-20 13:01:13'),(11,'Prof. Lew Rohan Sr.','nmcglynn@torp.com','jaskolski.biz','Accusamus nesciunt tempora qui adipisci. Repellat rem neque illum commodi nihil. Dolor velit deleniti et ullam beatae. At aperiam maiores ea.',30,'2019-07-20 14:01:13','2019-07-20 14:01:13'),(12,'Arnoldo Veum','greenholt.lois@maggio.com','berge.com','Nihil totam porro quia minus. Ut natus est soluta in officia pariatur. Ut nulla et consequatur. Omnis ut sint nihil officia ea aut ut. Non odio et accusantium earum nisi.\n\nMaxime vero rem accusantium beatae fuga. Sed aut provident tenetur laboriosam mollitia molestiae repellat. Dolores quia autem ratione ea suscipit totam dolores reiciendis. Earum consequatur voluptatibus veniam nemo.\n\nSed soluta cum rem eos ipsam dicta. Aut soluta placeat repudiandae.\n\nDistinctio quo nam aspernatur ea vitae. Eos exercitationem quis nobis dicta fugiat earum. Tenetur maxime doloremque voluptate nulla ut in et. Fugiat commodi rerum rem minima dignissimos quod perferendis.\n\nNostrum iure tempora eos et vitae ipsum omnis. Autem itaque minus officia omnis perferendis. Quam est nulla quod quia non. Non dolore expedita quis rerum consequatur.',30,'2019-07-20 15:01:13','2019-07-20 15:01:13'),(13,'Ofelia Gulgowski','huels.lynn@hotmail.com','schmidt.net','Eligendi exercitationem nihil explicabo provident id vel. Occaecati rem ut est soluta nihil sequi. Sint rem voluptatibus vitae officiis.\n\nAut debitis quod possimus quia exercitationem voluptatibus delectus. Sint et officia quam voluptatem expedita aut. Aut natus consequatur dolores ut.\n\nRatione aut sequi repellendus esse est. Debitis non et eius similique illum. Suscipit earum et quia molestiae ut dolores. Molestias doloribus et suscipit ipsam dolorum sint.',30,'2019-07-20 16:01:13','2019-07-20 16:01:13'),(14,'Dr. Kraig Monahan','murphy.johnathon@yahoo.com','lang.biz','Iure quos quas unde itaque. Saepe exercitationem aut ea. Dolor eum illum repellendus est enim autem et atque.',29,'2019-07-06 12:01:13','2019-07-06 12:01:13'),(15,'Candelario Barrows','hauck.mikayla@lakin.com','kuvalis.info','Ullam doloribus maiores ab. Molestias perspiciatis dolorem aut deleniti. Ad vero dolorem ea unde nostrum et corrupti aut. Cumque vel non reiciendis quia.\n\nOmnis totam et possimus. Omnis omnis autem maiores quo et molestiae.\n\nEum et illo dolor expedita. Eum maxime ea labore earum incidunt. Porro eaque beatae accusantium modi aut.',29,'2019-07-06 13:01:13','2019-07-06 13:01:13'),(16,'Uriel Nader','jessie61@moen.info','kutch.com','Vero voluptatibus sint iusto. Corporis dolor architecto quas optio. Dolorem vel incidunt odio optio ipsa.\n\nSunt quas ipsum nihil quas laboriosam sint. Aut quis ipsa tempore sint. Optio aut dolorem numquam quisquam aspernatur.\n\nQui incidunt corporis aut sapiente. Ab unde quam sed eaque. Enim ea ducimus necessitatibus cum debitis minus voluptate.\n\nQuo minus adipisci qui officia. Non nihil et est praesentium. Incidunt facere dolores eos aspernatur est quibusdam minima exercitationem. Architecto neque culpa dignissimos.\n\nExpedita suscipit in est dolorem ex in. Alias eos est aut asperiores voluptatum molestiae aliquam totam. Sit ut omnis est excepturi porro quo aliquam.',29,'2019-07-06 14:01:13','2019-07-06 14:01:13'),(17,'Prof. Constance Ruecker DDS','lcollins@schmitt.biz','gibson.com','Magni maiores et rerum inventore. Sunt dolores repellat et similique rerum. Voluptatum eius veniam illo eos doloremque. Pariatur eveniet eligendi quia autem sit libero dolore.\n\nEos sunt deleniti omnis accusantium. Nihil a eaque ratione deserunt dicta. Asperiores magni voluptatem laborum asperiores voluptatem. Aspernatur adipisci laboriosam eaque voluptatibus voluptatem qui omnis.',28,'2019-06-26 12:01:13','2019-06-26 12:01:13'),(18,'Kato','kato@gmail.com',NULL,'Yea this is it',36,'2019-09-21 19:17:02','2019-09-21 19:17:02'),(19,'kto askesa','kta@gmail.com',NULL,'Hello worl',36,'2019-09-21 21:05:09','2019-09-21 21:05:09'),(20,'fire','goofire@gmail.com',NULL,'Hello world',36,'2019-09-21 21:14:05','2019-09-21 21:14:05'),(21,'fire','goofire@gmail.com',NULL,'Hello world',36,'2019-09-21 21:14:36','2019-09-21 21:14:36'),(22,'fire','goofire@gmail.com',NULL,'Hello world',36,'2019-09-21 21:16:41','2019-09-21 21:16:41'),(23,'sheebah','replaceme@gmail.com',NULL,'Never replace',36,'2019-09-21 21:20:56','2019-09-21 21:20:56'),(24,'sheebah','replaceme@gmail.com',NULL,'Never replace',36,'2019-09-21 21:21:19','2019-09-21 21:21:19'),(25,'sheebah','replaceme@gmail.com',NULL,'Never replace',36,'2019-09-21 21:21:30','2019-09-21 21:21:30'),(26,'sheebah','replaceme@gmail.com',NULL,'Never replace',36,'2019-09-21 22:06:11','2019-09-21 22:06:11'),(27,'sajlasj asjaAAI','123@gmail.com',NULL,'sabmsbaujk',31,'2019-09-21 22:19:47','2019-09-21 22:19:47'),(28,'Julius Junior Kazibwe','123@gmail.com',NULL,'dasddwadsda',25,'2019-09-21 22:48:04','2019-09-21 22:48:04'),(29,'Julius Junior Kazibwe','123@gmail.com',NULL,'please work boss',31,'2019-09-22 02:29:06','2019-09-22 02:29:06'),(30,'Steven','stev@gmail.com',NULL,'go nail it team',31,'2019-09-22 02:59:15','2019-09-22 02:59:15'),(31,'Julius Junior Kazibwe','123@gmail.com',NULL,'be the first to comment',23,'2019-09-22 03:03:54','2019-09-22 03:03:54'),(32,'still on','stev@gmail.com',NULL,'asasu shajc uzoaisa xoasi',31,'2019-09-22 03:45:45','2019-09-22 03:45:45'),(33,'Julius Junior Kazibwe','hello@gmail.com',NULL,'fireone',26,'2019-09-22 03:53:12','2019-09-22 03:53:12'),(34,'Julius Junior Kazibwe','asda@gmail.com',NULL,'asasAS FDSDWEDSA',6,'2019-09-22 04:52:38','2019-09-22 04:52:38'),(35,'Julius Junior Kazibwe','123@gmail.com',NULL,'hdasg sadgue snakj am new',31,'2019-09-22 06:46:13','2019-09-22 06:46:13'),(36,'usad sadak','web@gmail.com',NULL,'ha haoid quit a win thea',36,'2019-09-24 01:48:09','2019-09-24 01:48:09'),(37,'Am First','am@gmail.com',NULL,'am the first to comment',31,'2019-09-24 01:55:41','2019-09-24 01:55:41'),(38,'Am First','am@gmail.com',NULL,'goa dsh auso ahsjf shaso',31,'2019-09-24 01:56:30','2019-09-24 01:56:30'),(39,'petre Son','petre@gmail.com',NULL,'their team surely is a beaten one',25,'2019-09-24 01:58:10','2019-09-24 01:58:10'),(40,'fresh baller','fresh@gmail.com',NULL,'fresh win for a fresh team ploc',25,'2019-09-24 02:02:26','2019-09-24 02:02:26'),(41,'ghghj','john@gmail.com',NULL,'fhhi tyfs uyhuh ghgu',31,'2019-09-24 02:04:06','2019-09-24 02:04:06'),(42,'john doe','godoes@gmail.com',NULL,'jsakd yasuyi suydjajso bdjsao',31,'2019-09-24 02:11:32','2019-09-24 02:11:32'),(43,'Julius Junior Kazibwe','hello@gmail.com',NULL,'uyiuysdasiudy',31,'2019-09-24 02:22:42','2019-09-24 02:22:42'),(44,'seer','seer@gmail.com',NULL,'lets see if wat kipt me awake is working',31,'2019-09-24 02:32:57','2019-09-24 02:32:57'),(45,'heeloe','hello@gmail.com',NULL,'saahjeh duudaoas dbsndh',25,'2019-09-24 02:37:45','2019-09-24 02:37:45'),(46,'dhas','work@gmail.cim',NULL,'wirk also u',25,'2019-09-24 02:41:32','2019-09-24 02:41:32'),(47,'Kato','kato@gmail.com',NULL,'win win win',25,'2019-09-24 02:43:17','2019-09-24 02:43:17'),(48,'khalifah','khalifah@gmail.com',NULL,'hahahaha, okay you wont be replaced',36,'2019-09-24 02:45:40','2019-09-24 02:45:40'),(49,'sheebah','tns@gmail.com',NULL,'gwe ka khalifah, no your level',36,'2019-09-24 02:47:21','2019-09-24 02:47:21'),(50,'khalifah','khalifah@gmail.com',NULL,'my level my ass shit',36,'2019-09-24 02:48:19','2019-09-24 02:48:19'),(51,'Admin','admin@pcfc.com',NULL,'guys pliz mind your lang, please',36,'2019-09-24 02:49:57','2019-09-24 02:49:57'),(52,'crazy fun','crazy@crazy.com',NULL,'hahaha, ssebo admin this is fun base... keep in your lane..',36,'2019-09-24 02:52:17','2019-09-24 02:52:17'),(53,'tom duncan','tom@gmail.com',NULL,'mwe, fellows wc lang is being used here',36,'2019-09-24 02:55:44','2019-09-24 02:55:44');
/*!40000 ALTER TABLE `comments` ENABLE KEYS */;
UNLOCK TABLES;

--
-- Table structure for table `era_categories`
--

DROP TABLE IF EXISTS `era_categories`;
/*!40101 SET @saved_cs_client     = @@character_set_client */;
/*!40101 SET character_set_client = utf8 */;
CREATE TABLE `era_categories` (
  `id` bigint(20) unsigned NOT NULL AUTO_INCREMENT,
  `title` varchar(191) COLLATE utf8_unicode_ci NOT NULL,
  `created_at` timestamp NULL DEFAULT NULL,
  `updated_at` timestamp NULL DEFAULT NULL,
  PRIMARY KEY (`id`)
) ENGINE=InnoDB AUTO_INCREMENT=16 DEFAULT CHARSET=utf8 COLLATE=utf8_unicode_ci;
/*!40101 SET character_set_client = @saved_cs_client */;

--
-- Dumping data for table `era_categories`
--

LOCK TABLES `era_categories` WRITE;
/*!40000 ALTER TABLE `era_categories` DISABLE KEYS */;
INSERT INTO `era_categories` VALUES (1,'aut','2019-09-19 11:01:09','2019-09-19 11:01:09'),(2,'sed','2019-09-19 11:01:09','2019-09-19 11:01:09'),(3,'excepturi','2019-09-19 11:01:09','2019-09-19 11:01:09'),(4,'eos','2019-09-19 11:01:09','2019-09-19 11:01:09'),(5,'quos','2019-09-19 11:01:09','2019-09-19 11:01:09'),(6,'perferendis','2019-09-19 11:01:09','2019-09-19 11:01:09'),(7,'sint','2019-09-19 11:01:09','2019-09-19 11:01:09'),(8,'sapiente','2019-09-19 11:01:09','2019-09-19 11:01:09'),(9,'accusamus','2019-09-19 11:01:09','2019-09-19 11:01:09'),(10,'excepturi','2019-09-19 11:01:09','2019-09-19 11:01:09'),(11,'at','2019-09-19 11:01:09','2019-09-19 11:01:09'),(12,'eveniet','2019-09-19 11:01:09','2019-09-19 11:01:09'),(13,'quaerat','2019-09-19 11:01:09','2019-09-19 11:01:09'),(14,'pariatur','2019-09-19 11:01:09','2019-09-19 11:01:09'),(15,'in','2019-09-19 11:01:09','2019-09-19 11:01:09');
/*!40000 ALTER TABLE `era_categories` ENABLE KEYS */;
UNLOCK TABLES;

--
-- Table structure for table `eras`
--

DROP TABLE IF EXISTS `eras`;
/*!40101 SET @saved_cs_client     = @@character_set_client */;
/*!40101 SET character_set_client = utf8 */;
CREATE TABLE `eras` (
  `id` bigint(20) unsigned NOT NULL AUTO_INCREMENT,
  `image` varchar(191) COLLATE utf8_unicode_ci NOT NULL,
  `title` varchar(191) COLLATE utf8_unicode_ci NOT NULL,
  `text` varchar(1000) COLLATE utf8_unicode_ci NOT NULL,
  `era_category_id` bigint(20) unsigned NOT NULL,
  `created_at` timestamp NULL DEFAULT NULL,
  `updated_at` timestamp NULL DEFAULT NULL,
  PRIMARY KEY (`id`),
  KEY `eras_era_category_id_foreign` (`era_category_id`),
  CONSTRAINT `eras_era_category_id_foreign` FOREIGN KEY (`era_category_id`) REFERENCES `era_categories` (`id`)
) ENGINE=InnoDB AUTO_INCREMENT=126 DEFAULT CHARSET=utf8 COLLATE=utf8_unicode_ci;
/*!40101 SET character_set_client = @saved_cs_client */;

--
-- Dumping data for table `eras`
--

LOCK TABLES `eras` WRITE;
/*!40000 ALTER TABLE `eras` DISABLE KEYS */;
INSERT INTO `eras` VALUES (1,'trainer-img2.jpg','Asperiores deleniti veniam totam sit sunt occaecati rerum et.','Dignissimos reiciendis velit magni modi ducimus illum. Quos similique vitae quos rerum voluptatem dolores. Quidem et rerum aliquid illo.',1,'2019-09-19 11:01:09','2019-09-19 11:01:09'),(2,'trainer-img2.jpg','Aut delectus similique ex aut autem excepturi.','Deserunt blanditiis aliquam qui eveniet laborum provident. Molestiae sit autem rerum quo asperiores.',8,'2019-09-19 11:01:09','2019-09-19 11:01:09'),(3,'trainer-img1.jpg','Voluptas enim pariatur quaerat quibusdam ex eligendi sit.','Ea quasi laudantium dolor qui. Aspernatur labore laboriosam magni inventore et soluta. Dignissimos autem omnis autem et fugit a.',5,'2019-09-19 11:01:09','2019-09-19 11:01:09'),(4,'trainer-img2.jpg','Exercitationem delectus illum sit aut maiores non architecto delectus.','Quis et nisi ratione consequatur ea atque. Voluptatem totam et repudiandae minima est. At similique sed et sunt incidunt.',6,'2019-09-19 11:01:09','2019-09-19 11:01:09'),(5,'trainer-img2.jpg','Ipsum non voluptates deserunt recusandae deleniti rerum ut.','Quia eius hic est nobis assumenda. Tenetur iusto recusandae animi aut dolores quia qui. Alias et voluptatem vitae eveniet explicabo quas ea.',3,'2019-09-19 11:01:09','2019-09-19 11:01:09'),(6,'trainer-img2.jpg','Sed quibusdam eum voluptas et ea eaque illum.','Porro exercitationem modi quia quia voluptatem sed. Magni ea dolores occaecati aut et.',6,'2019-09-19 11:01:09','2019-09-19 11:01:09'),(7,'trainer-img2.jpg','Non sunt ab rerum ut magni accusantium et.','Culpa impedit mollitia qui atque. Ipsam doloremque totam sed et inventore et. Provident quia aut sed voluptates iste et.',4,'2019-09-19 11:01:09','2019-09-19 11:01:09'),(8,'trainer-img2.jpg','Et dolore culpa explicabo quis.','Eaque dolorem repellat in voluptatem. Ratione voluptatem corrupti vel.',5,'2019-09-19 11:01:09','2019-09-19 11:01:09'),(9,'trainer-img2.jpg','Illum corrupti alias harum ipsam.','Ut ratione saepe ut earum. Dolore at nulla ad omnis quis enim quas. Dolores quidem aliquam corrupti aut dolore non quis.',6,'2019-09-19 11:01:09','2019-09-19 11:01:09'),(10,'trainer-img2.jpg','Et laborum possimus distinctio cum dignissimos.','Qui quo consectetur excepturi necessitatibus at. Reiciendis ut totam temporibus id quidem et et.',7,'2019-09-19 11:01:09','2019-09-19 11:01:09'),(11,'trainer-img1.jpg','Nulla quod sit animi quibusdam rerum natus illo a.','Illo libero necessitatibus quia fuga qui assumenda deleniti. Qui temporibus illo quo quaerat aut mollitia. Quia placeat rerum ex nihil fuga illum dolores.',9,'2019-09-19 11:01:09','2019-09-19 11:01:09'),(12,'trainer-img1.jpg','Repellat rem quia accusamus.','Nisi reiciendis et sed rerum. Dolor asperiores consequatur harum quia. Qui ipsam nesciunt et aut totam numquam.',4,'2019-09-19 11:01:09','2019-09-19 11:01:09'),(13,'trainer-img2.jpg','Sunt praesentium eveniet dolorem et inventore.','Velit dignissimos non eum adipisci. Placeat repellat ad unde aliquid. Qui expedita fugit vel cumque deleniti ipsum vel.',2,'2019-09-19 11:01:09','2019-09-19 11:01:09'),(14,'trainer-img1.jpg','Explicabo ea repellendus quis corrupti.','Ut sapiente ab quo necessitatibus est. Voluptatem voluptas ut omnis veritatis totam laboriosam quis. Et aut totam quidem non.',7,'2019-09-19 11:01:09','2019-09-19 11:01:09'),(15,'trainer-img2.jpg','Quo sit alias sed qui.','Accusantium alias quidem excepturi voluptate doloremque quam beatae vitae. Expedita nobis exercitationem ipsam. Recusandae est nobis inventore rerum consequatur similique in.',1,'2019-09-19 11:01:09','2019-09-19 11:01:09'),(16,'trainer-img1.jpg','Quisquam quas eius quibusdam ullam nulla adipisci fugit.','Accusamus in sint consequuntur qui non. Amet exercitationem minima voluptas et id.',4,'2019-09-19 11:01:09','2019-09-19 11:01:09'),(17,'trainer-img2.jpg','Sequi quisquam sed dolore praesentium repellendus.','At veritatis eos accusamus commodi. Fuga molestias vel voluptatem illum. Voluptatem recusandae laudantium et facere.',9,'2019-09-19 11:01:09','2019-09-19 11:01:09'),(18,'trainer-img2.jpg','Corporis perspiciatis voluptas qui harum explicabo voluptate.','Nam commodi natus aliquam ullam. Veniam et ea exercitationem et ad.',6,'2019-09-19 11:01:09','2019-09-19 11:01:09'),(19,'trainer-img.jpg','Exercitationem sit aperiam voluptates quibusdam officiis molestiae ex.','Illum iste corrupti in animi. Sit et aut aut sit eos consequatur non.',8,'2019-09-19 11:01:09','2019-09-19 11:01:09'),(20,'trainer-img2.jpg','Aut illo voluptas quos in occaecati odio dicta.','Cupiditate officia nisi occaecati et unde. Delectus error tenetur et sit repudiandae voluptatem quibusdam officiis. Possimus rerum qui sit quia esse commodi.',10,'2019-09-19 11:01:09','2019-09-19 11:01:09'),(21,'trainer-img.jpg','Aliquam velit dolores voluptates.','Itaque quas maxime dolorem sed quia sint. Et commodi sunt perferendis ea aut et voluptatem.',6,'2019-09-19 11:01:09','2019-09-19 11:01:09'),(22,'trainer-img1.jpg','Neque iusto dolores voluptatem non ab ut.','Molestiae molestiae error voluptatem ipsa quia sint. Quisquam officiis odio saepe non.',10,'2019-09-19 11:01:09','2019-09-19 11:01:09'),(23,'trainer-img.jpg','Vel animi inventore et omnis sunt voluptates delectus corrupti.','Doloremque aliquam ut sint necessitatibus et temporibus. Qui ad in et saepe recusandae dolores aut. Molestias sunt beatae possimus porro quo quia voluptas.',9,'2019-09-19 11:01:09','2019-09-19 11:01:09'),(24,'trainer-img2.jpg','Reprehenderit repudiandae repellat deserunt et amet.','Ut et odit ullam. Qui id iste quae.',1,'2019-09-19 11:01:09','2019-09-19 11:01:09'),(25,'trainer-img2.jpg','Voluptatibus ab laborum vero ab occaecati.','Laborum quia qui modi omnis incidunt. Aliquid sequi repellat sit.',6,'2019-09-19 11:01:09','2019-09-19 11:01:09'),(26,'trainer-img1.jpg','Aut sequi reprehenderit rerum error.','Sit quis officia veritatis optio. Iure quas molestiae architecto minus velit.',8,'2019-09-19 11:01:09','2019-09-19 11:01:09'),(27,'trainer-img2.jpg','Dolorem ea culpa aliquam eius enim eaque sit blanditiis.','Ea ut autem ea et explicabo at occaecati. Quo est ipsum pariatur culpa maxime odit labore. Rerum doloribus et nemo dicta similique autem qui quia.',8,'2019-09-19 11:01:09','2019-09-19 11:01:09'),(28,'trainer-img2.jpg','Excepturi quos necessitatibus fugiat et.','Id deserunt culpa veritatis alias saepe voluptatum. Alias culpa et inventore possimus consequatur. Modi veritatis quis suscipit excepturi ipsa voluptatem.',10,'2019-09-19 11:01:09','2019-09-19 11:01:09'),(29,'trainer-img1.jpg','Sapiente consequatur recusandae nemo et.','Iusto officia perspiciatis a hic et. Eveniet itaque ratione commodi sed sint.',8,'2019-09-19 11:01:09','2019-09-19 11:01:09'),(30,'trainer-img2.jpg','Debitis adipisci rem omnis iure quia temporibus blanditiis.','Eaque alias qui molestiae qui vitae. Enim id omnis non consequatur aspernatur rerum officia.',1,'2019-09-19 11:01:09','2019-09-19 11:01:09'),(31,'trainer-img2.jpg','Provident id in corporis temporibus vel quia.','Iste commodi porro dignissimos sit. Impedit nulla repudiandae similique quia et.',4,'2019-09-19 11:01:09','2019-09-19 11:01:09'),(32,'trainer-img2.jpg','Quo qui modi accusantium sed minus.','Quo adipisci facilis nesciunt quis in officia in. Aliquam officiis culpa quidem quam quod aperiam est. Libero numquam doloribus quas quisquam omnis provident fugiat.',3,'2019-09-19 11:01:09','2019-09-19 11:01:09'),(33,'trainer-img.jpg','Quia velit vel accusamus pariatur consequatur.','Dolorem est nulla ut qui quos tempore. Labore fugiat veniam sed perferendis et ullam sint. Ad dignissimos aspernatur assumenda error.',9,'2019-09-19 11:01:09','2019-09-19 11:01:09'),(34,'trainer-img1.jpg','Et cumque optio nemo ut eaque.','Voluptatem non numquam cum. Reprehenderit voluptas architecto et sit. Incidunt illo quisquam modi error rerum perferendis.',3,'2019-09-19 11:01:09','2019-09-19 11:01:09'),(35,'trainer-img2.jpg','Et libero ipsa debitis corporis.','Voluptatem iure est delectus error quo id nisi. Modi expedita aut est est amet sunt dolorem. Quo laborum consequatur sunt itaque libero ut voluptatem.',6,'2019-09-19 11:01:09','2019-09-19 11:01:09'),(36,'trainer-img2.jpg','Non et dolorem porro sapiente vitae.','Voluptas et aut iusto ratione ex. Eius id quo debitis reiciendis quisquam aut non.',2,'2019-09-19 11:01:09','2019-09-19 11:01:09'),(37,'trainer-img.jpg','Dolore tenetur eveniet repellat id quaerat qui ipsam.','Ut nisi est unde magnam. Laudantium et cumque voluptatem unde. Molestiae sequi aperiam inventore sit distinctio.',1,'2019-09-19 11:01:09','2019-09-19 11:01:09'),(38,'trainer-img1.jpg','Atque dolore eos itaque ea qui.','Vel et inventore voluptatem suscipit pariatur. Aliquam amet qui alias voluptatem exercitationem doloribus.',6,'2019-09-19 11:01:09','2019-09-19 11:01:09'),(39,'trainer-img1.jpg','Quia minima eos dignissimos et sed fugit sunt.','Corporis unde fuga quia distinctio. Vel sed veniam architecto necessitatibus aut. Eum dolor repudiandae repellat facilis cum.',1,'2019-09-19 11:01:10','2019-09-19 11:01:10'),(40,'trainer-img1.jpg','Veniam error aperiam amet dolorem.','Corporis error consequatur non commodi doloribus dolor quisquam. Qui modi sint vel rem et ipsam sint.',10,'2019-09-19 11:01:10','2019-09-19 11:01:10'),(41,'trainer-img2.jpg','Doloremque sed quaerat earum aut odio.','Commodi beatae ex qui repellat ipsa. Expedita officiis et soluta quisquam ut est. Delectus iure aliquam beatae modi dolorem omnis esse.',10,'2019-09-19 11:01:10','2019-09-19 11:01:10'),(42,'trainer-img.jpg','Suscipit numquam doloremque minus repellat explicabo.','Impedit dolores sit nobis ut autem eligendi dolores. Doloremque id dolor alias. Doloremque deserunt facere sunt ut.',8,'2019-09-19 11:01:10','2019-09-19 11:01:10'),(43,'trainer-img2.jpg','Dolor nostrum pariatur et nobis.','Modi ducimus sit non cumque est. Neque modi enim sint consequuntur. Et pariatur cum repellat accusamus et.',1,'2019-09-19 11:01:10','2019-09-19 11:01:10'),(44,'trainer-img1.jpg','Est dignissimos aliquid harum error beatae perspiciatis error.','Sed aliquam sed et dolore ratione rem. Vero ad at ad omnis est. Libero qui consequatur unde quaerat quaerat laudantium nisi tempora.',8,'2019-09-19 11:01:10','2019-09-19 11:01:10'),(45,'trainer-img.jpg','Et quae autem id perspiciatis nihil.','Voluptas voluptatem dicta ipsam aut quia autem praesentium. Explicabo inventore eum omnis quas consequuntur harum.',6,'2019-09-19 11:01:10','2019-09-19 11:01:10'),(46,'trainer-img.jpg','Distinctio enim qui et consequatur rerum sed est.','Id animi repellendus unde nisi ipsum voluptatum harum. Consequatur accusamus dolores voluptatibus quasi exercitationem amet. Quod mollitia mollitia sunt voluptatem cumque sit rerum est.',1,'2019-09-19 11:01:10','2019-09-19 11:01:10'),(47,'trainer-img.jpg','Laboriosam culpa enim libero cum.','Aut rerum optio commodi nostrum illum tempora. Praesentium eos dolorum blanditiis.',4,'2019-09-19 11:01:10','2019-09-19 11:01:10'),(48,'trainer-img2.jpg','Qui aut asperiores in quia et ipsa nam.','Necessitatibus perferendis earum modi. Iure temporibus vero nemo repellendus in. Voluptas voluptate omnis beatae tenetur voluptatem impedit rerum.',6,'2019-09-19 11:01:10','2019-09-19 11:01:10'),(49,'trainer-img.jpg','Ex ea omnis soluta tempora tempore.','Blanditiis cupiditate suscipit natus velit. Voluptatem nisi eum quia quo voluptas.',6,'2019-09-19 11:01:10','2019-09-19 11:01:10'),(50,'trainer-img.jpg','Dolores itaque placeat culpa neque provident iure laudantium natus.','Ea excepturi facilis neque amet non cum. Qui fuga vel dolores error nesciunt. Quia enim ad reprehenderit assumenda sequi doloremque id.',5,'2019-09-19 11:01:10','2019-09-19 11:01:10'),(51,'trainer-img2.jpg','Sint et blanditiis vel voluptatem.','Facilis amet est facere velit vero delectus aspernatur. Animi est et et hic. Et tempora sapiente consectetur dolor quibusdam esse.',2,'2019-09-19 11:01:10','2019-09-19 11:01:10'),(52,'trainer-img2.jpg','Rem sint id inventore nobis vel.','Nesciunt autem reprehenderit et. Atque voluptatibus libero explicabo repellendus nobis dicta. Placeat sed eveniet reiciendis et accusamus sint dolore nisi.',6,'2019-09-19 11:01:10','2019-09-19 11:01:10'),(53,'trainer-img.jpg','Modi hic officia suscipit.','Eum facere aperiam neque ipsam. Et a odio facere autem. Non omnis velit dicta excepturi occaecati.',2,'2019-09-19 11:01:10','2019-09-19 11:01:10'),(54,'trainer-img2.jpg','Quis rerum aliquam porro facilis dolores.','Consequuntur quia quam et modi ipsum repudiandae. Itaque excepturi animi adipisci veniam et tempore. Esse velit sapiente dolor enim molestias modi beatae.',1,'2019-09-19 11:01:10','2019-09-19 11:01:10'),(55,'trainer-img1.jpg','Ad quidem sapiente molestias voluptas.','Dolores molestiae nesciunt non quia reprehenderit a iste. Autem atque dolores id deserunt pariatur saepe. Non perspiciatis itaque odit rerum voluptatem perspiciatis vitae aut.',7,'2019-09-19 11:01:10','2019-09-19 11:01:10'),(56,'trainer-img1.jpg','Quas blanditiis et quisquam voluptatem eveniet consequatur cumque nihil.','Fuga molestiae est doloremque qui. Molestias officiis consectetur sunt suscipit atque. Voluptatem eligendi est odio asperiores.',1,'2019-09-19 11:01:10','2019-09-19 11:01:10'),(57,'trainer-img.jpg','Est quo porro aperiam beatae et atque.','Voluptatum quos et voluptas aperiam culpa aut aliquid. Mollitia qui velit unde temporibus illum.',2,'2019-09-19 11:01:10','2019-09-19 11:01:10'),(58,'trainer-img2.jpg','Amet repellendus consequatur expedita expedita est.','Nihil deleniti molestiae consequuntur inventore quis eos ipsum. Quia consectetur ea aut velit magni aliquid. Nemo enim quaerat corrupti occaecati suscipit.',7,'2019-09-19 11:01:10','2019-09-19 11:01:10'),(59,'trainer-img2.jpg','At veniam in earum voluptas.','Voluptatibus vel exercitationem voluptas aut animi soluta. Commodi praesentium quae est accusamus sit. Totam aliquid quia voluptatem consectetur.',4,'2019-09-19 11:01:10','2019-09-19 11:01:10'),(60,'trainer-img.jpg','Aut illum perspiciatis minus quas enim qui voluptate.','Voluptate et veritatis illum ut quo et ut. Veritatis sint voluptas et.',3,'2019-09-19 11:01:10','2019-09-19 11:01:10'),(61,'trainer-img1.jpg','Aut delectus cumque ut quasi.','Atque veritatis culpa non eius. Expedita possimus porro exercitationem consequatur.',10,'2019-09-19 11:01:10','2019-09-19 11:01:10'),(62,'trainer-img1.jpg','Et repudiandae provident rem maxime vel.','Voluptatem est quia dolores voluptatem. Quia qui quis id architecto aut rem et. Est repudiandae voluptatem ipsum et eos.',6,'2019-09-19 11:01:10','2019-09-19 11:01:10'),(63,'trainer-img1.jpg','Esse ea sequi hic quis.','Eum architecto dolorum iure facilis. Pariatur porro saepe et exercitationem.',8,'2019-09-19 11:01:10','2019-09-19 11:01:10'),(64,'trainer-img.jpg','Distinctio suscipit placeat commodi mollitia.','Consequatur voluptatibus officia magni sunt ab quam ut. Vel optio quia velit. Dicta laudantium doloremque sapiente quo et et.',2,'2019-09-19 11:01:10','2019-09-19 11:01:10'),(65,'trainer-img.jpg','Omnis perspiciatis non nihil sunt qui.','Voluptatum in dolore perspiciatis distinctio ex. Magnam veniam qui rerum vel. Natus possimus quidem atque id est.',7,'2019-09-19 11:01:10','2019-09-19 11:01:10'),(66,'trainer-img.jpg','Sequi omnis voluptatem voluptas.','Occaecati tempore ullam id aperiam voluptatum perspiciatis voluptas. Ea placeat sit doloribus omnis mollitia mollitia. Dolore voluptatem nulla quod repudiandae est soluta harum.',5,'2019-09-19 11:01:10','2019-09-19 11:01:10'),(67,'trainer-img.jpg','Aut nulla qui sit et rem praesentium adipisci.','Sapiente exercitationem itaque maiores rerum est. Ut voluptate qui et modi distinctio. Sed laborum itaque sapiente ut ea non.',9,'2019-09-19 11:01:10','2019-09-19 11:01:10'),(68,'trainer-img2.jpg','Autem animi sed quod.','Voluptates itaque provident debitis sint eum est officiis. Id possimus sequi tenetur est maiores.',2,'2019-09-19 11:01:10','2019-09-19 11:01:10'),(69,'trainer-img.jpg','Voluptates quis nostrum omnis.','Et possimus non nam sint minima quos. Reprehenderit iste qui beatae doloribus.',1,'2019-09-19 11:01:10','2019-09-19 11:01:10'),(70,'trainer-img2.jpg','Atque eum non quia non fugit perferendis.','Voluptatem et officiis quam corrupti quisquam voluptatem enim iusto. Et inventore et qui voluptas nemo fugiat. Unde non sequi enim maxime eveniet qui.',8,'2019-09-19 11:01:10','2019-09-19 11:01:10'),(71,'trainer-img1.jpg','Quia neque recusandae rerum eos quis.','Commodi blanditiis aut quis omnis porro alias. Nulla sit sint sed inventore.',3,'2019-09-19 11:01:10','2019-09-19 11:01:10'),(72,'trainer-img1.jpg','Enim perferendis et officiis adipisci hic non.','Error quam sint consequatur et molestiae. Dolores non nobis ad consequuntur. Sit placeat repudiandae labore aspernatur.',7,'2019-09-19 11:01:10','2019-09-19 11:01:10'),(73,'trainer-img.jpg','Perferendis ut ut distinctio sint incidunt qui.','Voluptatem pariatur esse assumenda officiis. Sint non quia quae quos cum.',6,'2019-09-19 11:01:10','2019-09-19 11:01:10'),(74,'trainer-img2.jpg','Accusamus voluptates perspiciatis magnam vel.','Nobis magnam dicta voluptas. Assumenda sit excepturi doloribus est.',8,'2019-09-19 11:01:10','2019-09-19 11:01:10'),(75,'trainer-img2.jpg','Eveniet vel itaque voluptates illum ipsum.','Perferendis et est necessitatibus consequatur eum similique. Tempore natus vel doloremque nemo consequatur molestiae alias. Perferendis ea sapiente sed ullam.',1,'2019-09-19 11:01:10','2019-09-19 11:01:10'),(76,'trainer-img.jpg','Amet culpa consequatur ullam delectus numquam.','Corporis et ab accusantium aperiam. Temporibus molestias ipsum accusamus sint nesciunt magni.',5,'2019-09-19 11:01:10','2019-09-19 11:01:10'),(77,'trainer-img.jpg','Temporibus labore praesentium omnis corrupti rerum ut.','Labore provident quae sunt itaque fugiat cupiditate est blanditiis. Adipisci earum soluta aspernatur.',9,'2019-09-19 11:01:10','2019-09-19 11:01:10'),(78,'trainer-img1.jpg','Molestiae eveniet aut error quis quisquam cum culpa qui.','Sit facere iste in. Architecto dicta nemo quis accusantium. In non nam in sunt voluptate ea fugiat reiciendis.',5,'2019-09-19 11:01:10','2019-09-19 11:01:10'),(79,'trainer-img2.jpg','Numquam qui quibusdam facilis dolor.','Voluptas modi tenetur dolores et quis quis inventore fuga. Asperiores eos suscipit nihil architecto recusandae omnis. Et animi et beatae non labore.',9,'2019-09-19 11:01:10','2019-09-19 11:01:10'),(80,'trainer-img1.jpg','Id modi qui beatae voluptas recusandae ducimus.','Quia tempore cumque mollitia qui. Debitis non minima nihil ipsa sequi minima cupiditate.',3,'2019-09-19 11:01:10','2019-09-19 11:01:10'),(81,'trainer-img.jpg','Nihil laudantium saepe quis fugiat.','Delectus modi qui perferendis. Sunt quibusdam quia quos eaque. Voluptas quos et consequatur eaque.',1,'2019-09-19 11:01:10','2019-09-19 11:01:10'),(82,'trainer-img1.jpg','Et in provident et debitis aut error optio.','Recusandae nihil at ut pariatur vel pariatur. Suscipit velit sit commodi sit quis eum. Expedita ratione consectetur laudantium expedita.',10,'2019-09-19 11:01:10','2019-09-19 11:01:10'),(83,'trainer-img1.jpg','Non itaque quidem exercitationem eos excepturi.','Qui autem nulla omnis facere. Dignissimos qui sunt qui nihil. Minus blanditiis et distinctio ad modi exercitationem.',6,'2019-09-19 11:01:10','2019-09-19 11:01:10'),(84,'trainer-img2.jpg','Consequatur voluptas illo incidunt quasi nisi.','Qui accusantium repudiandae amet voluptatem accusamus natus optio. Aut culpa et minima nihil dicta qui.',5,'2019-09-19 11:01:10','2019-09-19 11:01:10'),(85,'trainer-img2.jpg','Voluptas sapiente dicta sapiente fugit id nihil et.','Alias sit sunt ipsam dolorem non consequatur optio laboriosam. At nostrum debitis quidem culpa dolore alias.',5,'2019-09-19 11:01:10','2019-09-19 11:01:10'),(86,'trainer-img1.jpg','Fugiat vitae est ut temporibus deserunt iste.','Distinctio sapiente consequuntur optio tempore. Sed culpa quia quia error harum eum. Vel similique excepturi nobis temporibus velit minima labore.',5,'2019-09-19 11:01:10','2019-09-19 11:01:10'),(87,'trainer-img1.jpg','Suscipit maiores aut tenetur autem ea placeat.','Et sed rem omnis aut. Et fuga in quisquam temporibus ipsam.',6,'2019-09-19 11:01:10','2019-09-19 11:01:10'),(88,'trainer-img1.jpg','Autem sunt culpa odit ducimus aspernatur.','Quisquam eum consequatur debitis dolor corrupti sed. Sed omnis iusto aut qui sit asperiores enim.',9,'2019-09-19 11:01:10','2019-09-19 11:01:10'),(89,'trainer-img1.jpg','Aperiam quaerat vero alias consequatur.','Est quia reiciendis totam deserunt. Quisquam sit tempora qui consectetur aut animi nemo. Et iusto perferendis unde occaecati consequatur dolor.',2,'2019-09-19 11:01:10','2019-09-19 11:01:10'),(90,'trainer-img1.jpg','Sed vel assumenda accusamus quibusdam libero et culpa iusto.','Voluptates voluptas rerum dignissimos voluptatem. Exercitationem iste laudantium porro sit debitis.',6,'2019-09-19 11:01:10','2019-09-19 11:01:10'),(91,'trainer-img2.jpg','Consequuntur tenetur omnis officiis aut ipsam velit eligendi.','Deserunt quibusdam magnam sed molestias ipsam nesciunt non. Alias consectetur velit deleniti dolorum. Cupiditate qui beatae nihil ipsum vel officiis ab minus.',10,'2019-09-19 11:01:10','2019-09-19 11:01:10'),(92,'trainer-img2.jpg','Placeat officia voluptatibus omnis et magni in vel.','Id non quia non perspiciatis architecto ab iste. Incidunt voluptatem exercitationem distinctio consequuntur fugit. A quibusdam omnis sequi perferendis deleniti dolores amet.',7,'2019-09-19 11:01:10','2019-09-19 11:01:10'),(93,'trainer-img.jpg','Aut assumenda odit libero quaerat.','Eveniet neque optio beatae est qui quia. Est ipsum quaerat necessitatibus doloribus ut.',3,'2019-09-19 11:01:10','2019-09-19 11:01:10'),(94,'trainer-img.jpg','Pariatur enim autem dolores voluptatum quidem sed.','Nemo non minima exercitationem tempora. Deleniti odit omnis eaque sunt rem est.',6,'2019-09-19 11:01:10','2019-09-19 11:01:10'),(95,'trainer-img1.jpg','Praesentium repellat omnis modi sit quaerat voluptas.','Ut consequatur non laboriosam itaque a. Quidem quam facilis commodi placeat aliquam voluptatum.',10,'2019-09-19 11:01:10','2019-09-19 11:01:10'),(96,'trainer-img2.jpg','Occaecati cumque sequi cum.','Omnis sit repellat omnis qui. Sed ut voluptas voluptatum accusamus iste impedit.',1,'2019-09-19 11:01:10','2019-09-19 11:01:10'),(97,'trainer-img.jpg','Necessitatibus facere eum officia non ipsa rem.','Fuga et aliquid ipsam ullam dolorem fugit molestiae. Ut assumenda et nihil aut asperiores.',8,'2019-09-19 11:01:10','2019-09-19 11:01:10'),(98,'trainer-img2.jpg','Nostrum dolorum aut tempore unde.','Est ullam in doloribus natus eum laborum aut. Et aut dolores autem.',8,'2019-09-19 11:01:10','2019-09-19 11:01:10'),(99,'trainer-img.jpg','Quam voluptates nisi eos.','Vitae cumque earum nisi ad ullam optio. Rerum nesciunt numquam nobis itaque. Libero voluptatem nam occaecati est nemo deleniti.',2,'2019-09-19 11:01:10','2019-09-19 11:01:10'),(100,'trainer-img1.jpg','Accusantium omnis omnis ipsam impedit iste corrupti.','Minima praesentium quo impedit necessitatibus sint ut ab. Est maiores et maiores iusto. Quia ea sit eos fuga et itaque adipisci dolores.',3,'2019-09-19 11:01:10','2019-09-19 11:01:10'),(101,'trainer-img2.jpg','Minus doloremque voluptatibus ex mollitia magni.','Voluptate consequatur dolorem quis magnam et quis. Et magni voluptas corrupti non. Necessitatibus voluptatem dignissimos expedita aut fugiat omnis occaecati.',10,'2019-09-19 11:01:10','2019-09-19 11:01:10'),(102,'trainer-img2.jpg','Non quisquam quae dolorem.','Quam ipsum illum est laboriosam beatae. Velit dolorem beatae consequatur esse voluptatem laborum adipisci. Doloribus vero exercitationem eligendi delectus aut omnis sit.',9,'2019-09-19 11:01:10','2019-09-19 11:01:10'),(103,'trainer-img1.jpg','Temporibus ullam quisquam ut et sed ex earum debitis.','Labore ut et quisquam. Similique voluptatem ipsa neque eveniet ut a quisquam amet. Quibusdam in qui perferendis.',10,'2019-09-19 11:01:10','2019-09-19 11:01:10'),(104,'trainer-img1.jpg','Repellendus quia inventore corporis laboriosam neque.','Consequuntur quod nemo eaque fugit temporibus deleniti impedit inventore. Possimus voluptatem minus veritatis eius beatae fugit numquam repellendus.',4,'2019-09-19 11:01:10','2019-09-19 11:01:10'),(105,'trainer-img.jpg','Voluptas et aut est nam doloremque.','Eum magnam nobis qui iste quo expedita ipsa. Vero voluptas fuga pariatur voluptatem. Quisquam et totam vero dignissimos aliquid est.',9,'2019-09-19 11:01:10','2019-09-19 11:01:10'),(106,'trainer-img.jpg','Rerum laudantium aut nesciunt et eos.','Nobis ipsam est alias. Iure voluptatem et et sapiente et.',10,'2019-09-19 11:01:10','2019-09-19 11:01:10'),(107,'trainer-img2.jpg','Quibusdam minus quos non et ad voluptates veritatis.','Laboriosam molestiae ducimus qui sint adipisci inventore et. Quas eos beatae quia dolorem quod aperiam sit.',3,'2019-09-19 11:01:10','2019-09-19 11:01:10'),(108,'trainer-img.jpg','Expedita rem repellat aut corrupti voluptas reiciendis accusantium.','Itaque omnis quisquam quas consequatur reprehenderit nemo. Saepe rem necessitatibus delectus blanditiis suscipit animi.',7,'2019-09-19 11:01:10','2019-09-19 11:01:10'),(109,'trainer-img1.jpg','Aliquam excepturi tenetur sed veritatis reiciendis voluptatem provident consequatur.','Molestiae ut dolore et sequi molestiae. Aperiam aut vel voluptatem et distinctio eum.',4,'2019-09-19 11:01:10','2019-09-19 11:01:10'),(110,'trainer-img2.jpg','Recusandae vitae sit nihil soluta.','Praesentium ex impedit praesentium laborum aut tenetur. Incidunt doloremque optio qui consequatur. Odit adipisci necessitatibus provident voluptas cupiditate.',6,'2019-09-19 11:01:10','2019-09-19 11:01:10'),(111,'trainer-img2.jpg','Optio voluptatem quis aut repudiandae.','Quis qui quia ea inventore et et nihil. Impedit necessitatibus atque aperiam ad et quis et. Reprehenderit hic magni repudiandae id soluta et molestiae.',7,'2019-09-19 11:01:10','2019-09-19 11:01:10'),(112,'trainer-img1.jpg','Enim deleniti sint aut adipisci autem quod praesentium harum.','Praesentium quia et quia repellat sit. Id sit modi at velit mollitia mollitia. Unde qui animi nulla culpa eaque consectetur.',10,'2019-09-19 11:01:10','2019-09-19 11:01:10'),(113,'trainer-img2.jpg','Enim sapiente omnis autem.','Ad aut dolores neque atque libero. Itaque ad in sed illo.',6,'2019-09-19 11:01:10','2019-09-19 11:01:10'),(114,'trainer-img1.jpg','Quidem velit deleniti dolorum id eum fugiat.','Quos dolore et voluptas rem et tempora. Qui aut perferendis debitis et sit dolor eligendi.',9,'2019-09-19 11:01:10','2019-09-19 11:01:10'),(115,'trainer-img.jpg','Facere mollitia voluptatem enim porro.','Eum cum odit aut. Deserunt provident fugiat aliquid fugiat ut ipsum libero dolores.',8,'2019-09-19 11:01:10','2019-09-19 11:01:10'),(116,'trainer-img2.jpg','Quibusdam quo quia dignissimos porro harum molestiae.','Omnis in repudiandae soluta. Est unde quia rem nam totam. Sunt fuga quam delectus eos.',2,'2019-09-19 11:01:10','2019-09-19 11:01:10'),(117,'trainer-img2.jpg','Magni facere modi provident.','Assumenda assumenda quasi nostrum molestias ullam. Et ipsam harum ipsam quia.',7,'2019-09-19 11:01:10','2019-09-19 11:01:10'),(118,'trainer-img.jpg','Modi eum voluptatem architecto quidem.','Est totam rerum enim minima velit. Culpa blanditiis vitae consequatur quod. Earum nemo blanditiis saepe et dolorum quibusdam ea quis.',10,'2019-09-19 11:01:10','2019-09-19 11:01:10'),(119,'trainer-img.jpg','Quae nesciunt expedita et autem reiciendis maiores.','Corrupti nemo temporibus vel. Rerum pariatur tenetur sint aut non explicabo.',4,'2019-09-19 11:01:10','2019-09-19 11:01:10'),(120,'trainer-img1.jpg','Ipsa quas inventore architecto explicabo.','Error vel voluptatem voluptatem. Exercitationem aperiam laudantium sunt sed.',8,'2019-09-19 11:01:10','2019-09-19 11:01:10'),(121,'trainer-img1.jpg','Eum vel eligendi autem.','Quas eveniet nobis voluptate illum. Veritatis sint ducimus corporis.',10,'2019-09-19 11:01:10','2019-09-19 11:01:10'),(122,'trainer-img2.jpg','Suscipit sit rerum ipsam ut saepe qui et.','Quia cum aut ipsum reprehenderit beatae velit ullam. Incidunt at dolor nemo ad nobis reprehenderit voluptatibus. Occaecati praesentium eos saepe qui iure iste consequatur.',3,'2019-09-19 11:01:10','2019-09-19 11:01:10'),(123,'trainer-img.jpg','In quo odit iusto exercitationem.','Qui quidem voluptas fuga. Ea velit ad quisquam ipsam voluptatem totam.',7,'2019-09-19 11:01:10','2019-09-19 11:01:10'),(124,'trainer-img2.jpg','Accusantium dolor vel adipisci natus quia hic.','Incidunt sed laudantium maxime esse in ut labore. Et rem sit quis blanditiis enim alias. Totam ratione voluptas quasi facilis assumenda accusantium debitis.',2,'2019-09-19 11:01:10','2019-09-19 11:01:10'),(125,'trainer-img2.jpg','Nostrum excepturi commodi temporibus rerum temporibus quia.','Repellendus exercitationem voluptatem eum nisi aut consequatur. Libero et maxime sint non. Illo rerum officia magni dolore quia et.',4,'2019-09-19 11:01:10','2019-09-19 11:01:10');
/*!40000 ALTER TABLE `eras` ENABLE KEYS */;
UNLOCK TABLES;

--
-- Table structure for table `match_reports`
--

DROP TABLE IF EXISTS `match_reports`;
/*!40101 SET @saved_cs_client     = @@character_set_client */;
/*!40101 SET character_set_client = utf8 */;
CREATE TABLE `match_reports` (
  `id` bigint(20) unsigned NOT NULL AUTO_INCREMENT,
  `image` varchar(191) COLLATE utf8_unicode_ci NOT NULL,
  `title` varchar(191) COLLATE utf8_unicode_ci NOT NULL,
  `body` varchar(1000) COLLATE utf8_unicode_ci NOT NULL,
  `match_reports_match_id` bigint(20) unsigned NOT NULL,
  `created_at` timestamp NULL DEFAULT NULL,
  `updated_at` timestamp NULL DEFAULT NULL,
  PRIMARY KEY (`id`),
  KEY `match_reports_match_reports_match_id_foreign` (`match_reports_match_id`),
  CONSTRAINT `match_reports_match_reports_match_id_foreign` FOREIGN KEY (`match_reports_match_id`) REFERENCES `matches` (`id`)
) ENGINE=InnoDB AUTO_INCREMENT=126 DEFAULT CHARSET=utf8 COLLATE=utf8_unicode_ci;
/*!40101 SET character_set_client = @saved_cs_client */;

--
-- Dumping data for table `match_reports`
--

LOCK TABLES `match_reports` WRITE;
/*!40000 ALTER TABLE `match_reports` DISABLE KEYS */;
INSERT INTO `match_reports` VALUES (1,'trainer-img1.jpg','Et similique autem earum et impedit est.','Expedita a quaerat reprehenderit eum repellat similique et. Laboriosam ut mollitia necessitatibus eos. Quae qui libero minima sunt et excepturi et sed.',1,'2019-09-19 11:01:06','2019-09-19 11:01:06'),(2,'trainer-img2.jpg','Omnis qui quam dolor dignissimos aut voluptatem.','Eum est dignissimos et quia sit. Illum accusantium ratione eum repellat aut ut.',20,'2019-09-19 11:01:06','2019-09-19 11:01:06'),(3,'trainer-img.jpg','Minus praesentium atque quibusdam corporis nostrum consequuntur.','Vel excepturi totam dolores dolores. Velit harum et esse voluptatem cupiditate earum illum eum.',8,'2019-09-19 11:01:06','2019-09-19 11:01:06'),(4,'trainer-img1.jpg','In harum autem placeat beatae molestiae alias laudantium tempora.','Quasi optio occaecati dignissimos vel. Adipisci autem non saepe odio inventore.',15,'2019-09-19 11:01:06','2019-09-19 11:01:06'),(5,'trainer-img1.jpg','Et earum molestias autem id ducimus aut in.','Sit voluptatibus enim dolores placeat architecto. Consequatur voluptatem beatae iste aut minus adipisci officia.',7,'2019-09-19 11:01:06','2019-09-19 11:01:06'),(6,'trainer-img2.jpg','Aspernatur totam laborum assumenda perspiciatis eaque quia.','Nisi aperiam accusamus non eligendi sunt voluptatum enim. Magnam maiores accusamus veritatis ipsum quia et inventore.',10,'2019-09-19 11:01:06','2019-09-19 11:01:06'),(7,'trainer-img1.jpg','Reprehenderit cum deleniti ratione dolores autem placeat omnis.','Amet ut pariatur aut aliquid distinctio delectus sunt. Ut inventore voluptatum consequatur soluta.',17,'2019-09-19 11:01:06','2019-09-19 11:01:06'),(8,'trainer-img2.jpg','Magni voluptas odit ut et rerum aspernatur officiis.','Ut esse et optio sit sint et debitis. Alias vel quia unde sit sed quibusdam sit.',6,'2019-09-19 11:01:06','2019-09-19 11:01:06'),(9,'trainer-img.jpg','Expedita facilis dignissimos quia eligendi sunt.','Rerum et reiciendis ut est aspernatur ullam facere. Ab unde ipsum accusamus eius modi aut.',20,'2019-09-19 11:01:06','2019-09-19 11:01:06'),(10,'trainer-img1.jpg','Ullam eum molestiae vel voluptas.','Ea sint repellat earum. Et eum aut aut doloremque iste harum.',1,'2019-09-19 11:01:06','2019-09-19 11:01:06'),(11,'trainer-img.jpg','Fugiat eligendi voluptatem omnis nemo iusto.','Eveniet ut nostrum voluptatem rerum. Ipsum voluptas voluptatem facere nesciunt est quam temporibus.',7,'2019-09-19 11:01:06','2019-09-19 11:01:06'),(12,'trainer-img2.jpg','Omnis aut dolor pariatur ut quibusdam et voluptas.','Tenetur quia occaecati voluptatibus atque. Tempore voluptas dolorem quasi. Ea magnam labore magni enim placeat molestiae.',18,'2019-09-19 11:01:06','2019-09-19 11:01:06'),(13,'trainer-img.jpg','Modi a et qui et.','Dolorum totam quo labore voluptatum blanditiis sint voluptatum. Nisi voluptas reiciendis voluptatem et vel deleniti.',18,'2019-09-19 11:01:06','2019-09-19 11:01:06'),(14,'trainer-img1.jpg','Et doloremque tempora ut quibusdam voluptatem fuga.','Ut et ut veniam illo error voluptatem. Id dolorum magni voluptatum commodi hic. Quisquam qui provident animi sed tenetur est.',5,'2019-09-19 11:01:06','2019-09-19 11:01:06'),(15,'trainer-img.jpg','Dolor repudiandae quod nihil provident sint perspiciatis.','Necessitatibus a at ut aliquam ut impedit aliquam. In voluptatem natus dolores corrupti quos qui sit quo.',16,'2019-09-19 11:01:06','2019-09-19 11:01:06'),(16,'trainer-img.jpg','Sequi et qui tenetur illum dolore soluta sequi quis.','Id enim nisi explicabo quia minima molestias. Nisi eligendi illum aspernatur itaque exercitationem.',11,'2019-09-19 11:01:06','2019-09-19 11:01:06'),(17,'trainer-img1.jpg','Vero beatae vel ea tempore rem tenetur rerum.','Est ut quidem quo odit a maiores. Quod recusandae et perspiciatis nostrum voluptatum. Optio voluptatem saepe enim animi similique necessitatibus ut.',2,'2019-09-19 11:01:06','2019-09-19 11:01:06'),(18,'trainer-img2.jpg','Dolor rerum ea unde ea qui quia et.','Quod ea rem corporis vel excepturi eum. Nihil reprehenderit repellat alias nesciunt nobis similique doloremque. Et incidunt dolores odio aut voluptas cum libero.',2,'2019-09-19 11:01:06','2019-09-19 11:01:06'),(19,'trainer-img1.jpg','Quidem voluptates nostrum aspernatur quibusdam fugit aperiam.','Esse mollitia provident non eius. Eveniet qui et qui rerum et.',11,'2019-09-19 11:01:06','2019-09-19 11:01:06'),(20,'trainer-img2.jpg','Neque porro excepturi in nobis ullam consequatur ab.','Enim fuga quis consectetur enim harum earum impedit. Mollitia et voluptatum et quis fugiat et dicta. Dicta esse doloribus velit quae ut.',18,'2019-09-19 11:01:06','2019-09-19 11:01:06'),(21,'trainer-img1.jpg','Et tenetur voluptas dolor nemo.','Voluptatem id est modi totam rerum aliquam. Similique sequi ipsum voluptates optio ducimus ut iusto. Sequi impedit suscipit sapiente provident eum.',4,'2019-09-19 11:01:06','2019-09-19 11:01:06'),(22,'trainer-img.jpg','Soluta qui explicabo tempora illum error ut velit.','Corrupti nesciunt est sequi voluptatibus. Eum sit eum culpa ea eveniet ut labore repellendus. Molestiae qui veritatis dolores blanditiis aliquid.',8,'2019-09-19 11:01:06','2019-09-19 11:01:06'),(23,'trainer-img.jpg','Ut est quia maxime corporis.','Dolorem corporis officia ut provident libero et. Cum qui eos sed voluptas. Nostrum quibusdam maiores esse tenetur fuga.',15,'2019-09-19 11:01:06','2019-09-19 11:01:06'),(24,'trainer-img.jpg','Saepe quas ex hic nulla et quo ut.','Voluptates qui a odio temporibus. Quae maiores voluptas sed nostrum amet. Laborum aspernatur rerum quis quo ut.',20,'2019-09-19 11:01:06','2019-09-19 11:01:06'),(25,'trainer-img.jpg','Cum aspernatur quisquam eligendi distinctio impedit alias.','Debitis error esse quis voluptas. Facere dolorum voluptas autem non facilis similique modi ea.',14,'2019-09-19 11:01:06','2019-09-19 11:01:06'),(26,'trainer-img1.jpg','Sed saepe non eveniet dolore quis saepe autem.','Omnis corporis libero modi aut. Omnis ipsa sit est ex. Quae veritatis praesentium deleniti commodi.',18,'2019-09-19 11:01:06','2019-09-19 11:01:06'),(27,'trainer-img2.jpg','Id quidem sed est necessitatibus qui aliquam sed reprehenderit.','Sed minima ut ab eveniet. Et quis eveniet officia quia eligendi unde.',17,'2019-09-19 11:01:06','2019-09-19 11:01:06'),(28,'trainer-img1.jpg','Corrupti velit ut enim vero maiores.','Doloremque aut rem qui maiores sint. Eos doloribus ipsam itaque beatae voluptatem culpa fugiat. Eaque eveniet quisquam aut qui.',20,'2019-09-19 11:01:06','2019-09-19 11:01:06'),(29,'trainer-img.jpg','Ut hic atque quidem quis neque aperiam.','Eius rerum mollitia quia esse reprehenderit quibusdam expedita. Omnis voluptatem enim veritatis est consectetur officia.',8,'2019-09-19 11:01:06','2019-09-19 11:01:06'),(30,'trainer-img1.jpg','Nulla libero qui fuga dicta.','In quam rerum molestias voluptatum. Placeat earum qui dolores aliquid eveniet quo.',2,'2019-09-19 11:01:06','2019-09-19 11:01:06'),(31,'trainer-img.jpg','Nihil quasi magni rerum aut vero perferendis voluptatem.','Ipsum commodi et perspiciatis occaecati repellendus quas. Natus temporibus alias voluptates aut alias. Nulla sed voluptas autem ad qui nihil.',10,'2019-09-19 11:01:06','2019-09-19 11:01:06'),(32,'trainer-img2.jpg','Molestiae et ipsa sit distinctio porro doloremque temporibus soluta.','Deserunt fugit reprehenderit totam sapiente nisi aut. Voluptas rerum occaecati sit ut. Illo rerum voluptatibus inventore aliquam.',16,'2019-09-19 11:01:06','2019-09-19 11:01:06'),(33,'trainer-img.jpg','Enim sit temporibus architecto id facere debitis.','Explicabo velit fuga iure eum dolores eos nobis. Impedit assumenda ea id ut voluptates voluptatem ullam explicabo.',5,'2019-09-19 11:01:06','2019-09-19 11:01:06'),(34,'trainer-img.jpg','Quisquam tempore maxime eligendi maiores et.','Autem laudantium eos aut animi quia nobis sint. Esse eos atque placeat.',11,'2019-09-19 11:01:06','2019-09-19 11:01:06'),(35,'trainer-img1.jpg','Consequatur molestiae debitis quia in debitis cupiditate.','Quaerat sequi maxime et ut et sint. Animi unde voluptas modi eligendi molestiae. Fugit sint tenetur libero et.',3,'2019-09-19 11:01:06','2019-09-19 11:01:06'),(36,'trainer-img1.jpg','Necessitatibus quia sunt mollitia ex repellendus assumenda.','Qui dolore ut repellendus ut reiciendis. Corporis ex velit repellat totam sed a.',7,'2019-09-19 11:01:06','2019-09-19 11:01:06'),(37,'trainer-img1.jpg','Voluptas repudiandae non magnam sit quia repellat.','Provident quos corporis quae sed est amet. Non fuga et ut. Expedita reprehenderit quis illo pariatur consequatur necessitatibus et.',17,'2019-09-19 11:01:06','2019-09-19 11:01:06'),(38,'trainer-img1.jpg','Voluptatum laborum odit quo eos aut.','Explicabo alias aut doloribus ducimus dolore. Velit necessitatibus quia aut praesentium modi. Ducimus reprehenderit ex et minus dolores natus expedita aut.',15,'2019-09-19 11:01:06','2019-09-19 11:01:06'),(39,'trainer-img2.jpg','Natus unde aperiam quam.','Facere dolores delectus vel possimus dignissimos in earum. Aut id aut officiis rerum. Totam nemo rem velit optio doloremque.',14,'2019-09-19 11:01:06','2019-09-19 11:01:06'),(40,'trainer-img2.jpg','Est voluptatem accusantium voluptatibus a aut illo.','Velit numquam atque tenetur quasi veniam eos. Qui ipsum corrupti deserunt quas autem eos consectetur. Nihil quasi ea rerum corrupti.',20,'2019-09-19 11:01:06','2019-09-19 11:01:06'),(41,'trainer-img.jpg','At eos rerum quo dolores.','Quia ducimus molestias quibusdam. Ratione non dicta architecto aperiam id accusantium itaque.',11,'2019-09-19 11:01:06','2019-09-19 11:01:06'),(42,'trainer-img.jpg','Similique ratione deserunt magnam sed voluptatem sunt quibusdam quisquam.','Explicabo ut quidem et. Quisquam quod accusantium voluptatem magni et maiores aut minima.',20,'2019-09-19 11:01:06','2019-09-19 11:01:06'),(43,'trainer-img.jpg','Dolorum laboriosam laudantium id architecto placeat accusantium.','Non officia voluptatem quo fugit adipisci provident. Maiores dolorem alias expedita ratione alias.',19,'2019-09-19 11:01:06','2019-09-19 11:01:06'),(44,'trainer-img2.jpg','Sapiente ducimus est dignissimos quisquam.','Corrupti dolor consequatur tempore maiores qui quis. Non consequuntur sunt tempora iste accusantium distinctio sunt. Eaque sed numquam expedita explicabo excepturi.',14,'2019-09-19 11:01:06','2019-09-19 11:01:06'),(45,'trainer-img2.jpg','Aut exercitationem veniam iusto.','Veritatis sit animi earum tempore enim ducimus. Est voluptas vero nihil enim.',18,'2019-09-19 11:01:06','2019-09-19 11:01:06'),(46,'trainer-img2.jpg','Aperiam aut incidunt aliquam atque voluptatem nam provident.','Ipsam voluptatum eos quis odio. Quia eos omnis quia tempore.',16,'2019-09-19 11:01:06','2019-09-19 11:01:06'),(47,'trainer-img.jpg','Accusantium in nisi quia exercitationem dolorem.','Beatae animi cumque et nisi quod debitis. Culpa blanditiis et occaecati autem voluptate quasi.',17,'2019-09-19 11:01:06','2019-09-19 11:01:06'),(48,'trainer-img1.jpg','Cumque error fuga totam mollitia expedita vero voluptatem.','Rerum perferendis et iusto officiis. Et ipsum et maxime molestiae.',7,'2019-09-19 11:01:06','2019-09-19 11:01:06'),(49,'trainer-img.jpg','Aut non est similique inventore eveniet.','Illo magnam fugit enim vitae unde. Omnis at facilis nam et. Cumque perferendis est et occaecati.',19,'2019-09-19 11:01:06','2019-09-19 11:01:06'),(50,'trainer-img.jpg','Dolores harum aut architecto culpa cumque.','Voluptatum natus sequi magni et velit repellat. Quod esse facilis aut architecto consequatur. Expedita quasi repudiandae doloremque ratione qui iste.',18,'2019-09-19 11:01:06','2019-09-19 11:01:06'),(51,'trainer-img1.jpg','Voluptatum aut repellat odit ipsam amet id dolorem dicta.','Veritatis molestias blanditiis cum sequi. Tenetur neque fuga voluptatem.',1,'2019-09-19 11:01:06','2019-09-19 11:01:06'),(52,'trainer-img.jpg','Quasi officia dolor harum omnis nisi commodi quae.','Voluptas provident necessitatibus ipsa quisquam vel exercitationem adipisci. Libero dolor repellat sit veritatis.',17,'2019-09-19 11:01:06','2019-09-19 11:01:06'),(53,'trainer-img2.jpg','Et quod dolore in est culpa unde totam.','Quam ut ipsa ut quia quia. Minima magnam et voluptas nam esse. Quisquam quos eveniet eum a ad voluptas deleniti.',7,'2019-09-19 11:01:06','2019-09-19 11:01:06'),(54,'trainer-img.jpg','Porro cumque voluptatem voluptas aspernatur sint veniam.','Voluptates assumenda ut voluptas et maxime dolores eum. Sunt dolores quasi molestias at non ullam velit. Blanditiis culpa veniam corporis et laborum.',1,'2019-09-19 11:01:06','2019-09-19 11:01:06'),(55,'trainer-img1.jpg','Odit necessitatibus hic ea vero qui.','Nostrum architecto aut molestiae quod. Necessitatibus sint id adipisci et aspernatur iste.',17,'2019-09-19 11:01:06','2019-09-19 11:01:06'),(56,'trainer-img1.jpg','Consequuntur ut ipsum quis reprehenderit ab.','Et omnis assumenda et cum est. Animi culpa sapiente sed accusantium eveniet quam inventore sint. Ex voluptatem a asperiores maiores ea suscipit.',20,'2019-09-19 11:01:06','2019-09-19 11:01:06'),(57,'trainer-img1.jpg','Consectetur ut laudantium ipsum aut cum.','Molestiae est totam illo vero harum in et. Eos esse eum ea ea dolores suscipit.',10,'2019-09-19 11:01:06','2019-09-19 11:01:06'),(58,'trainer-img1.jpg','Ipsam quisquam repellendus doloremque vitae dolores omnis.','Voluptatem itaque est esse repellendus nesciunt non harum. Recusandae autem et et ea vel.',9,'2019-09-19 11:01:06','2019-09-19 11:01:06'),(59,'trainer-img.jpg','Aliquid sint facere consequuntur possimus et perspiciatis.','Vel tempore soluta id. Numquam architecto et ratione ut voluptatem alias.',4,'2019-09-19 11:01:06','2019-09-19 11:01:06'),(60,'trainer-img1.jpg','Sunt tempore nihil et fuga blanditiis quia.','In nostrum voluptatum nesciunt voluptas quod odit. Est modi aliquid quo recusandae cumque.',17,'2019-09-19 11:01:06','2019-09-19 11:01:06'),(61,'trainer-img.jpg','Sed rerum aut fuga odio aliquid.','Et et libero nisi sint ratione sunt amet. Soluta voluptas nihil sint dignissimos. Voluptatibus et quis reiciendis eos et ex ea.',8,'2019-09-19 11:01:06','2019-09-19 11:01:06'),(62,'trainer-img2.jpg','Animi quas velit aperiam ducimus nobis maxime consequatur quia.','Ut voluptatum dolore rerum quia assumenda. Hic adipisci non qui possimus. Et reprehenderit voluptas voluptatum consectetur.',2,'2019-09-19 11:01:06','2019-09-19 11:01:06'),(63,'trainer-img2.jpg','Perferendis excepturi autem ullam velit aut.','Quisquam debitis sed et dolor quia sapiente. Ut itaque dolorum officia dolor praesentium aspernatur odio voluptatibus. Esse voluptas nam vitae deleniti cumque et.',15,'2019-09-19 11:01:06','2019-09-19 11:01:06'),(64,'trainer-img.jpg','Necessitatibus accusamus corrupti soluta nulla minima aut.','Cumque tempore dolore cupiditate ut. Sit ut qui eligendi aut ut nostrum.',5,'2019-09-19 11:01:06','2019-09-19 11:01:06'),(65,'trainer-img1.jpg','Ut sint sunt aut voluptatem nihil.','Et placeat perspiciatis voluptas eos. Dolor veritatis aut aut minus voluptas atque saepe.',19,'2019-09-19 11:01:06','2019-09-19 11:01:06'),(66,'trainer-img1.jpg','Veniam dolorem voluptatem dolorem a id enim.','Ea enim qui dolor. Dolorum pariatur distinctio a aut natus magnam.',14,'2019-09-19 11:01:06','2019-09-19 11:01:06'),(67,'trainer-img1.jpg','Quisquam ea atque eligendi non dolores fugit aut.','Assumenda aut quia explicabo iusto magni repudiandae. Alias sunt ut sed modi deserunt nemo. Molestiae officiis blanditiis ipsa aut qui at.',4,'2019-09-19 11:01:06','2019-09-19 11:01:06'),(68,'trainer-img.jpg','Facere non magni qui quod autem quam.','Vero consequatur sit minus. Est dolorem exercitationem ut non quia ipsa aut. Sit veniam deleniti adipisci.',7,'2019-09-19 11:01:06','2019-09-19 11:01:06'),(69,'trainer-img2.jpg','Enim repellendus dolore quam provident.','Tenetur dolores corporis in provident. Voluptate repellendus aperiam non ut qui.',14,'2019-09-19 11:01:06','2019-09-19 11:01:06'),(70,'trainer-img1.jpg','Omnis praesentium iste nihil veniam.','Quia et tempore alias hic est in quia. Earum mollitia voluptas occaecati id autem at dignissimos.',19,'2019-09-19 11:01:07','2019-09-19 11:01:07'),(71,'trainer-img.jpg','Consequatur sit molestiae voluptatem officiis molestias voluptatibus blanditiis.','Ea ad et quia ut. Repudiandae in nobis odio tempora. Ea quidem quo recusandae quasi sit architecto explicabo.',8,'2019-09-19 11:01:07','2019-09-19 11:01:07'),(72,'trainer-img.jpg','Unde expedita quod consequatur nihil voluptatem.','Quis ab totam voluptatum ad ullam facere et. Debitis ratione molestiae et. Quibusdam magnam modi et dolor aspernatur qui.',16,'2019-09-19 11:01:07','2019-09-19 11:01:07'),(73,'trainer-img1.jpg','Ipsa culpa alias libero eum earum qui.','Beatae enim ea expedita totam soluta hic. Enim placeat facilis ea adipisci modi quod.',5,'2019-09-19 11:01:07','2019-09-19 11:01:07'),(74,'trainer-img.jpg','Dolores porro laudantium et veritatis beatae.','Et neque voluptatem fugiat nisi illum ratione modi. Distinctio illum et accusantium delectus vero quisquam.',9,'2019-09-19 11:01:07','2019-09-19 11:01:07'),(75,'trainer-img2.jpg','Placeat saepe quia necessitatibus tempora quia.','Quae enim beatae fugiat nisi fuga error et. Rem officia rem sed et dolorem et molestias. Quia officiis architecto est et.',1,'2019-09-19 11:01:07','2019-09-19 11:01:07'),(76,'trainer-img2.jpg','Placeat veniam eos commodi inventore.','Ut reprehenderit libero voluptates. Ut voluptate tenetur porro sed dolorum. Repellendus non at perferendis.',8,'2019-09-19 11:01:07','2019-09-19 11:01:07'),(77,'trainer-img.jpg','Et error eos dicta.','Quae libero sed cupiditate voluptatibus qui. Quia eaque explicabo sed illum consequuntur in inventore. Accusamus qui reiciendis numquam omnis iusto.',11,'2019-09-19 11:01:07','2019-09-19 11:01:07'),(78,'trainer-img.jpg','Culpa ullam a quis eveniet.','Nesciunt nihil sed molestiae quas qui quia minus. Voluptatum ratione autem aut distinctio eos ducimus. Libero velit laborum et exercitationem non.',8,'2019-09-19 11:01:07','2019-09-19 11:01:07'),(79,'trainer-img.jpg','Dignissimos dicta veritatis maiores quia.','Ex qui distinctio debitis cum. Aut voluptatibus facilis libero.',14,'2019-09-19 11:01:07','2019-09-19 11:01:07'),(80,'trainer-img2.jpg','Adipisci commodi quisquam non omnis omnis.','At et sit qui sequi autem illum quo unde. Aut cumque aut illo nobis laborum. Qui dolorem in ipsa.',10,'2019-09-19 11:01:07','2019-09-19 11:01:07'),(81,'trainer-img2.jpg','Qui enim tempore ipsum fuga sint ut fugiat.','Quisquam ut ratione dolores quisquam odio. Esse molestiae voluptatem ad vitae quia placeat.',14,'2019-09-19 11:01:07','2019-09-19 11:01:07'),(82,'trainer-img1.jpg','Sunt sint cum id voluptatum esse non maiores.','Vel sequi praesentium provident sit amet voluptatem accusamus. Reiciendis fugit ab debitis excepturi autem omnis maxime et.',5,'2019-09-19 11:01:07','2019-09-19 11:01:07'),(83,'trainer-img1.jpg','Esse laboriosam rerum tempore.','Temporibus provident voluptatem dolorum similique. Odio harum repellendus voluptas tempore iure.',2,'2019-09-19 11:01:07','2019-09-19 11:01:07'),(84,'trainer-img1.jpg','Enim dolores vitae voluptate cupiditate.','Culpa dolores consequatur fugiat quia. Illo autem atque et illo qui dolorum eum.',9,'2019-09-19 11:01:07','2019-09-19 11:01:07'),(85,'trainer-img.jpg','Provident autem praesentium enim dolorum et aspernatur.','Velit doloremque asperiores odit cum delectus quae quos. Soluta doloribus praesentium unde voluptatibus.',18,'2019-09-19 11:01:07','2019-09-19 11:01:07'),(86,'trainer-img1.jpg','Nulla temporibus ad dolores vero nihil earum cumque.','Totam commodi amet tempore eos recusandae laboriosam. Occaecati illo velit illo deserunt qui aut rerum.',8,'2019-09-19 11:01:07','2019-09-19 11:01:07'),(87,'trainer-img.jpg','Rerum hic cupiditate incidunt est alias in labore.','Nostrum delectus officia dolorem quia et. Id qui et dolorem quod. Neque dignissimos aperiam eligendi.',9,'2019-09-19 11:01:07','2019-09-19 11:01:07'),(88,'trainer-img.jpg','Qui illo et voluptatum qui iste.','Et ipsam modi fugiat distinctio et. Quo recusandae illo reprehenderit alias non quam molestias.',7,'2019-09-19 11:01:07','2019-09-19 11:01:07'),(89,'trainer-img.jpg','Fugiat sit consectetur voluptate eos.','Nulla nostrum fugiat cupiditate odio laboriosam. Sint autem soluta incidunt sequi et delectus.',11,'2019-09-19 11:01:07','2019-09-19 11:01:07'),(90,'trainer-img2.jpg','Odio hic nemo perspiciatis explicabo.','Possimus est esse vel ea voluptates. In officia deserunt atque in corrupti dolor. Ut alias rerum officiis sequi suscipit sed.',13,'2019-09-19 11:01:07','2019-09-19 11:01:07'),(91,'trainer-img1.jpg','Dolore facere nemo veritatis consequatur tempora molestiae maiores.','Iure blanditiis labore praesentium aliquam eveniet accusantium. Ab qui aspernatur aut maxime cupiditate ad ut ex. Vel ex nesciunt nesciunt et iusto in ut voluptatem.',4,'2019-09-19 11:01:07','2019-09-19 11:01:07'),(92,'trainer-img2.jpg','Qui sequi veniam dicta voluptatem maiores delectus et.','Incidunt amet ipsa vel dicta ratione. Quo et tempore temporibus a est dolorem aut. Labore ut nihil autem libero sint beatae ea.',7,'2019-09-19 11:01:07','2019-09-19 11:01:07'),(93,'trainer-img2.jpg','Magnam omnis optio est non consequatur animi sit.','Tempora quaerat odio laborum fugiat aliquam dolorum. Vel maiores ullam voluptatum repellendus. Dolor illum nulla deserunt et dolorem occaecati.',20,'2019-09-19 11:01:07','2019-09-19 11:01:07'),(94,'trainer-img1.jpg','Ut aut cumque est id ullam ea.','Doloribus voluptatibus unde blanditiis aut non omnis. Quis voluptatum magnam magnam perferendis. Ut deserunt praesentium soluta autem error praesentium laudantium.',8,'2019-09-19 11:01:07','2019-09-19 11:01:07'),(95,'trainer-img.jpg','Eum est perspiciatis voluptatem aut facere ipsum.','Iusto voluptas unde non maxime doloribus sapiente. Recusandae possimus quia dolores sed adipisci quam aut. Corrupti molestiae id ut voluptatem itaque facilis et.',7,'2019-09-19 11:01:07','2019-09-19 11:01:07'),(96,'trainer-img.jpg','Veniam dolorem voluptatem quibusdam.','Pariatur cupiditate molestias possimus hic corrupti rem officia. Voluptatem harum consequatur rem corrupti at impedit quis iusto.',10,'2019-09-19 11:01:07','2019-09-19 11:01:07'),(97,'trainer-img.jpg','Labore consequuntur sit itaque dolores tempore quis vel.','Totam dolor autem consequuntur. Sit aspernatur rem est doloremque earum neque voluptas fugit.',7,'2019-09-19 11:01:07','2019-09-19 11:01:07'),(98,'trainer-img2.jpg','Est eligendi placeat tempore saepe optio quasi amet.','Ipsum quo ut dolor qui. Velit tempore ullam consequatur dolore repellat repudiandae quasi est.',19,'2019-09-19 11:01:07','2019-09-19 11:01:07'),(99,'trainer-img2.jpg','Voluptatem dolorem sit officiis sed.','Non qui suscipit placeat autem minus. Ad dolorem beatae occaecati vel adipisci consectetur facere. Occaecati sapiente sit delectus et facere.',10,'2019-09-19 11:01:07','2019-09-19 11:01:07'),(100,'trainer-img.jpg','Molestias et culpa suscipit ratione saepe ex quos.','Illum sit numquam saepe voluptatum laudantium ipsam. Delectus animi pariatur quisquam ut dolore rerum. Eaque qui tenetur inventore iste doloribus eaque.',1,'2019-09-19 11:01:07','2019-09-19 11:01:07'),(101,'trainer-img.jpg','Delectus at ipsum impedit neque fugiat magni vel ut.','Quaerat voluptas quam exercitationem molestias enim. Aperiam ipsam fugiat quas vitae natus nesciunt et doloribus.',6,'2019-09-19 11:01:07','2019-09-19 11:01:07'),(102,'trainer-img2.jpg','Assumenda eveniet magni assumenda aut.','Itaque quod velit voluptas ut culpa. Dolore unde perferendis aperiam veniam sint.',11,'2019-09-19 11:01:07','2019-09-19 11:01:07'),(103,'trainer-img1.jpg','A dolores et aperiam ducimus eum.','Ea quia maxime velit rem id sequi. Debitis quis adipisci est sequi.',6,'2019-09-19 11:01:07','2019-09-19 11:01:07'),(104,'trainer-img2.jpg','Magnam velit qui ut sed.','Fugiat occaecati alias impedit et. Corrupti soluta illum totam. Sint voluptatibus ea consequatur atque.',17,'2019-09-19 11:01:07','2019-09-19 11:01:07'),(105,'trainer-img1.jpg','Delectus eum et voluptas omnis.','Maiores et sit alias saepe. Quo aut ut ratione labore ab et enim. Modi veritatis mollitia maiores impedit.',20,'2019-09-19 11:01:07','2019-09-19 11:01:07'),(106,'trainer-img2.jpg','Consequatur et nulla et pariatur dolore.','Praesentium dolor ducimus neque aut quia est. Atque nostrum aut et illo quas voluptas labore.',16,'2019-09-19 11:01:07','2019-09-19 11:01:07'),(107,'trainer-img.jpg','Laboriosam sint aperiam quod illum sit necessitatibus sed.','Vero nihil veniam animi qui veniam id cupiditate soluta. Voluptas voluptas earum doloremque sed voluptatem minus reiciendis.',2,'2019-09-19 11:01:07','2019-09-19 11:01:07'),(108,'trainer-img.jpg','Inventore praesentium exercitationem magnam rem ut sit.','Voluptatem natus reprehenderit porro velit. Est qui molestiae dolore tenetur.',7,'2019-09-19 11:01:07','2019-09-19 11:01:07'),(109,'trainer-img.jpg','Qui accusamus odit animi et.','Hic ad repudiandae cum magni explicabo quibusdam aut. Omnis voluptatum aliquid eligendi. Laboriosam sequi molestiae quibusdam omnis qui.',10,'2019-09-19 11:01:07','2019-09-19 11:01:07'),(110,'trainer-img1.jpg','Voluptate non voluptates ea consequatur.','Vitae aut qui et iure. Minima placeat omnis earum excepturi.',12,'2019-09-19 11:01:07','2019-09-19 11:01:07'),(111,'trainer-img.jpg','Et fuga enim impedit quia molestias perspiciatis tempore.','Aut ea laudantium est sunt possimus sed dolorum. Maxime facere saepe eum dolores ullam magnam. Deleniti cum deserunt reprehenderit pariatur qui ex qui.',1,'2019-09-19 11:01:07','2019-09-19 11:01:07'),(112,'trainer-img2.jpg','Explicabo fugit perferendis nihil nesciunt quo.','Eos rerum quo sint molestiae. Et aspernatur ut rem. Facere aspernatur ut impedit quia iure excepturi.',2,'2019-09-19 11:01:07','2019-09-19 11:01:07'),(113,'trainer-img2.jpg','Inventore fuga quia quas.','Sint vel modi in facilis qui. Hic voluptatem excepturi laborum eius ut ullam voluptatem.',3,'2019-09-19 11:01:07','2019-09-19 11:01:07'),(114,'trainer-img2.jpg','Perferendis ducimus aliquam alias odit.','Aut nemo dolore eveniet accusantium. Magnam nihil esse molestiae velit placeat in aperiam architecto.',2,'2019-09-19 11:01:07','2019-09-19 11:01:07'),(115,'trainer-img.jpg','Maxime non suscipit doloremque.','Ut id magni aliquid tempore earum. Dolor officiis ut neque est qui. Et qui ut earum ipsum.',15,'2019-09-19 11:01:07','2019-09-19 11:01:07'),(116,'trainer-img2.jpg','Sed blanditiis corporis quis quasi alias.','Quia soluta dolor fugit recusandae maxime voluptates non. Dignissimos qui facere ut ut et.',8,'2019-09-19 11:01:07','2019-09-19 11:01:07'),(117,'trainer-img1.jpg','Perspiciatis perspiciatis dolores illum in fugiat quos.','Harum error ipsam consequuntur magni unde id fugiat. Officia omnis dolor quia cumque impedit ab. Fugit fugit est natus libero.',13,'2019-09-19 11:01:07','2019-09-19 11:01:07'),(118,'trainer-img2.jpg','Totam atque voluptatem et nemo culpa.','Repudiandae id dicta repudiandae facere expedita rerum quod fugiat. Illo in tempora quia veritatis. Consequuntur blanditiis perspiciatis eos quia.',10,'2019-09-19 11:01:07','2019-09-19 11:01:07'),(119,'trainer-img2.jpg','Sed repellendus et fugiat deserunt eos excepturi aliquam.','Officiis numquam quae aut odit esse sed sit. Beatae quam id et laboriosam qui. Aut sit quaerat earum eos voluptas mollitia.',4,'2019-09-19 11:01:07','2019-09-19 11:01:07'),(120,'trainer-img2.jpg','Quasi ab aut sed et laboriosam.','At temporibus hic quo illo deleniti quibusdam. Ut et iusto mollitia voluptate. Voluptates qui nisi doloremque ea.',3,'2019-09-19 11:01:07','2019-09-19 11:01:07'),(121,'trainer-img2.jpg','Distinctio vel velit accusamus aspernatur ipsa maiores voluptas.','Sed placeat vel sed. Dolores nobis et ut porro ut autem impedit.',18,'2019-09-19 11:01:07','2019-09-19 11:01:07'),(122,'trainer-img2.jpg','Et earum dolorem est aut doloremque aut.','Eum quae mollitia iure laboriosam praesentium. Quos praesentium ut rerum dicta quis. Consequatur optio sit veritatis corrupti.',19,'2019-09-19 11:01:07','2019-09-19 11:01:07'),(123,'trainer-img2.jpg','Impedit sapiente dicta inventore soluta ullam quia labore.','Eum laudantium illo at fugit dolores aut amet. Velit alias quidem nobis veritatis in provident dolores earum.',19,'2019-09-19 11:01:07','2019-09-19 11:01:07'),(124,'trainer-img2.jpg','Laudantium atque sed vel quisquam.','Et et vero quod molestiae. Incidunt rerum asperiores neque laborum et reiciendis sit.',4,'2019-09-19 11:01:07','2019-09-19 11:01:07'),(125,'trainer-img.jpg','Repellat omnis et alias explicabo.','Et molestiae rerum exercitationem dignissimos sed quia sed sapiente. Ut voluptatem sequi eius nulla expedita excepturi qui. Eaque iste qui ad et qui.',10,'2019-09-19 11:01:07','2019-09-19 11:01:07');
/*!40000 ALTER TABLE `match_reports` ENABLE KEYS */;
UNLOCK TABLES;

--
-- Table structure for table `match_team`
--

DROP TABLE IF EXISTS `match_team`;
/*!40101 SET @saved_cs_client     = @@character_set_client */;
/*!40101 SET character_set_client = utf8 */;
CREATE TABLE `match_team` (
  `match_id` bigint(20) unsigned NOT NULL,
  `team_id` bigint(20) unsigned NOT NULL,
  KEY `match_team_match_id_foreign` (`match_id`),
  KEY `match_team_team_id_foreign` (`team_id`),
  CONSTRAINT `match_team_match_id_foreign` FOREIGN KEY (`match_id`) REFERENCES `matches` (`id`),
  CONSTRAINT `match_team_team_id_foreign` FOREIGN KEY (`team_id`) REFERENCES `teams` (`id`)
) ENGINE=InnoDB DEFAULT CHARSET=utf8 COLLATE=utf8_unicode_ci;
/*!40101 SET character_set_client = @saved_cs_client */;

--
-- Dumping data for table `match_team`
--

LOCK TABLES `match_team` WRITE;
/*!40000 ALTER TABLE `match_team` DISABLE KEYS */;
INSERT INTO `match_team` VALUES (1,4),(1,8),(1,11),(2,7),(2,11),(2,16),(2,17),(3,4),(3,13),(3,14),(4,4),(4,6),(4,7),(4,11),(4,15),(5,3),(5,17),(5,23),(6,6),(6,11),(6,23),(7,4),(7,10),(7,15),(8,3),(8,8),(8,24),(9,5),(9,13),(9,20),(9,23),(10,16),(10,19),(11,2),(11,3),(11,4),(11,13),(11,14),(12,11),(12,14),(12,23),(13,13),(14,3),(14,4),(14,12),(15,5),(15,7),(15,15),(15,22),(15,24),(16,19),(16,22),(17,10),(17,13),(17,17),(18,8),(19,1),(19,4),(19,5),(19,6),(19,12),(20,13),(20,22),(21,7),(21,18),(21,19),(21,20),(21,22),(22,9),(22,11),(22,12),(22,14),(22,18),(23,7),(24,2),(24,6),(24,19),(24,21),(25,22),(26,4),(27,4),(28,12),(28,18),(28,21),(29,15),(30,2),(30,11),(31,1),(31,9),(31,11),(31,14),(31,21),(32,17),(33,5),(33,18),(34,5),(34,15),(35,11),(36,6),(36,13),(36,15),(37,8),(37,9),(37,18),(37,23),(38,5),(38,11),(39,3),(39,5),(39,23),(40,15),(40,16),(40,18),(41,3),(41,7),(41,16),(42,3),(42,14),(42,16),(42,19),(43,18),(44,6),(44,20),(44,24),(45,2),(45,3),(45,19),(45,22),(46,3),(46,22),(47,12),(47,15),(48,7),(48,17),(48,19),(48,21),(49,4),(49,12),(49,23),(50,4),(50,9),(50,13),(50,17),(51,9),(51,18),(52,16),(53,6),(53,8),(53,15),(53,19),(54,8),(54,15),(54,17),(54,18),(54,20),(55,4),(55,13),(55,16),(55,19),(56,3),(56,20),(57,17),(58,6),(58,19),(58,23),(59,9),(59,14),(59,24),(60,21),(61,12),(61,24),(62,10),(62,12),(62,21),(62,23),(63,21),(63,22),(64,24),(65,7),(65,11),(65,13),(65,20),(65,23),(66,1),(66,5),(66,10),(66,14),(67,17),(67,18),(67,21),(67,24),(68,6),(68,8),(68,13),(68,15),(68,22),(69,7),(69,15),(70,10),(70,15),(71,19),(72,4),(72,8),(72,11),(72,16),(73,3),(73,8),(73,11),(73,13),(74,24),(75,1),(75,19),(75,24),(76,4),(76,11),(76,16),(76,17),(76,19),(77,9),(78,1),(78,6),(78,7),(78,23),(79,17),(80,6),(80,23),(81,22),(82,6),(82,7),(82,8),(82,20),(83,7),(83,11),(83,17),(83,20),(84,6),(84,10),(84,12),(84,14),(85,9),(85,10),(86,1),(87,1),(87,2),(87,4),(87,13),(88,13),(89,7),(89,21),(90,10),(90,15),(91,10),(91,16),(92,14),(93,6),(93,24),(94,9),(94,17),(94,21),(95,1),(95,16),(95,17),(95,18),(96,1),(96,2),(96,3),(96,4),(96,17),(97,10),(97,20),(98,1),(98,2),(98,5),(98,22),(99,12),(99,24),(100,13),(101,2),(101,14),(101,19),(102,2),(102,8),(102,11),(102,20),(103,12),(104,3),(104,5),(104,10),(104,21),(105,3),(105,13),(105,15),(105,18),(106,16),(107,1),(107,6),(108,22),(109,10),(110,20),(111,1),(111,12),(112,4),(112,18),(113,6),(113,22),(114,16),(115,9),(115,20),(116,2),(116,3),(116,4),(116,18),(117,1),(117,4),(117,23),(118,11),(118,15),(118,19),(119,23),(119,24),(120,1),(120,10),(120,12),(120,20),(121,10),(121,20),(122,1),(122,6),(122,8),(122,15),(122,22),(123,20),(123,24),(124,2),(124,8),(124,13),(124,15),(125,3),(125,14),(125,15);
/*!40000 ALTER TABLE `match_team` ENABLE KEYS */;
UNLOCK TABLES;

--
-- Table structure for table `matches`
--

DROP TABLE IF EXISTS `matches`;
/*!40101 SET @saved_cs_client     = @@character_set_client */;
/*!40101 SET character_set_client = utf8 */;
CREATE TABLE `matches` (
  `id` bigint(20) unsigned NOT NULL AUTO_INCREMENT,
  `date` varchar(191) COLLATE utf8_unicode_ci NOT NULL,
  `venue` varchar(191) COLLATE utf8_unicode_ci NOT NULL,
  `home_team_score` varchar(191) COLLATE utf8_unicode_ci DEFAULT NULL,
  `away_team_score` varchar(191) COLLATE utf8_unicode_ci DEFAULT NULL,
  `created_at` timestamp NULL DEFAULT NULL,
  `updated_at` timestamp NULL DEFAULT NULL,
  PRIMARY KEY (`id`)
) ENGINE=InnoDB AUTO_INCREMENT=126 DEFAULT CHARSET=utf8 COLLATE=utf8_unicode_ci;
/*!40101 SET character_set_client = @saved_cs_client */;

--
-- Dumping data for table `matches`
--

LOCK TABLES `matches` WRITE;
/*!40000 ALTER TABLE `matches` DISABLE KEYS */;
INSERT INTO `matches` VALUES (1,'Odit cumque et et ex.','Kisugi','1','3','2019-09-19 11:01:03','2019-09-19 11:01:03'),(2,'Porro rerum corrupti aut molestiae dolore dolores rerum quo.','Nambole','3','4','2019-09-19 11:01:03','2019-09-19 11:01:03'),(3,'Recusandae expedita ut reprehenderit eum eos quaerat.','Nambole','4','2','2019-09-19 11:01:03','2019-09-19 11:01:03'),(4,'Fugiat totam quaerat voluptas et quam ducimus est voluptatem.','Kisugi','2','3','2019-09-19 11:01:03','2019-09-19 11:01:03'),(5,'Ullam dolores temporibus molestias et ipsam sit ipsam.','Kisugi','3','2','2019-09-19 11:01:03','2019-09-19 11:01:03'),(6,'Ad fuga rerum ipsum ex iusto ut.','Kisugi','3','4','2019-09-19 11:01:03','2019-09-19 11:01:03'),(7,'Nulla qui sint aut quos.','Nambole','4','6','2019-09-19 11:01:03','2019-09-19 11:01:03'),(8,'Corporis fugiat recusandae quia quia asperiores.','Nambole','6','3','2019-09-19 11:01:03','2019-09-19 11:01:03'),(9,'Officia ducimus dolor laboriosam voluptas et doloremque.','Nambole','3','3','2019-09-19 11:01:03','2019-09-19 11:01:03'),(10,'Tempora quaerat magni qui et.','Kisugi','3','4','2019-09-19 11:01:03','2019-09-19 11:01:03'),(11,'Voluptatum fugiat et laborum vel iusto qui.','Nambole','5','5','2019-09-19 11:01:03','2019-09-19 11:01:03'),(12,'Praesentium iste ducimus ut ut.','Kisugi','3','2','2019-09-19 11:01:03','2019-09-19 11:01:03'),(13,'Molestiae aut est nesciunt quod ut.','Nambole','5','1','2019-09-19 11:01:03','2019-09-19 11:01:03'),(14,'Debitis natus iste explicabo et enim.','Nambole','2','5','2019-09-19 11:01:03','2019-09-19 11:01:03'),(15,'Dolores ullam sed animi labore sapiente nulla.','Nambole','2','5','2019-09-19 11:01:03','2019-09-19 11:01:03'),(16,'Ipsam cum neque dolor et nam est vitae.','Nambole','1','5','2019-09-19 11:01:03','2019-09-19 11:01:03'),(17,'Ut sunt facilis quo iure libero fugit.','Kisugi','5','6','2019-09-19 11:01:03','2019-09-19 11:01:03'),(18,'Hic exercitationem aliquam dolorum qui delectus.','Nambole','1','3','2019-09-19 11:01:03','2019-09-19 11:01:03'),(19,'Fugiat culpa quasi velit.','Nambole','2','1','2019-09-19 11:01:03','2019-09-19 11:01:03'),(20,'Ipsa eos dolore iusto eum earum.','Nambole','5','4','2019-09-19 11:01:03','2019-09-19 11:01:03'),(21,'Consequuntur similique quo voluptatibus cupiditate repudiandae possimus sequi.','Nambole','6','4','2019-09-19 11:01:03','2019-09-19 11:01:03'),(22,'Hic ut quam qui quis.','Kisugi','4','1','2019-09-19 11:01:03','2019-09-19 11:01:03'),(23,'Iste voluptas alias omnis magni nihil est quis dolorem.','Kisugi','6','3','2019-09-19 11:01:03','2019-09-19 11:01:03'),(24,'Laborum eum ducimus aliquam doloribus.','Kisugi','5','2','2019-09-19 11:01:03','2019-09-19 11:01:03'),(25,'Sed debitis sed reprehenderit consequatur.','Kisugi','6','3','2019-09-19 11:01:03','2019-09-19 11:01:03'),(26,'Voluptatum consequatur sapiente pariatur.','Nambole','4','3','2019-09-19 11:01:03','2019-09-19 11:01:03'),(27,'Rerum consequuntur quo magnam ut placeat ea aut.','Nambole','5','2','2019-09-19 11:01:03','2019-09-19 11:01:03'),(28,'Illo alias harum eligendi dolore iusto reprehenderit voluptas.','Nambole','1','5','2019-09-19 11:01:03','2019-09-19 11:01:03'),(29,'Non eveniet molestiae vero et.','Nambole','5','6','2019-09-19 11:01:03','2019-09-19 11:01:03'),(30,'Eaque voluptatem ut accusamus enim aut.','Nambole','1','5','2019-09-19 11:01:04','2019-09-19 11:01:04'),(31,'Ea laborum libero nulla modi.','Kisugi','3','1','2019-09-19 11:01:04','2019-09-19 11:01:04'),(32,'Dolor ut hic excepturi maiores repudiandae incidunt et.','Nambole','5','4','2019-09-19 11:01:04','2019-09-19 11:01:04'),(33,'Distinctio architecto tempore voluptates laboriosam reprehenderit et.','Nambole','3','3','2019-09-19 11:01:04','2019-09-19 11:01:04'),(34,'Excepturi provident eos consequuntur voluptatem nesciunt in nisi.','Kisugi','3','6','2019-09-19 11:01:04','2019-09-19 11:01:04'),(35,'Velit eius qui illo ut libero et illum.','Kisugi','3','4','2019-09-19 11:01:04','2019-09-19 11:01:04'),(36,'In aspernatur dolorum fugiat.','Kisugi','5','5','2019-09-19 11:01:04','2019-09-19 11:01:04'),(37,'Vel consequatur inventore et et aliquid.','Kisugi','4','1','2019-09-19 11:01:04','2019-09-19 11:01:04'),(38,'Consequuntur explicabo et dolores similique et voluptas voluptatem.','Nambole','4','6','2019-09-19 11:01:04','2019-09-19 11:01:04'),(39,'Nobis omnis placeat sint deserunt recusandae qui et.','Kisugi','3','2','2019-09-19 11:01:04','2019-09-19 11:01:04'),(40,'Cupiditate voluptas porro ex aut.','Nambole','5','5','2019-09-19 11:01:04','2019-09-19 11:01:04'),(41,'Odit odio illo accusantium deserunt aut.','Kisugi','6','3','2019-09-19 11:01:04','2019-09-19 11:01:04'),(42,'Eveniet accusamus quibusdam reprehenderit possimus quia dolores.','Nambole','5','3','2019-09-19 11:01:04','2019-09-19 11:01:04'),(43,'Omnis impedit rerum non alias.','Kisugi','1','2','2019-09-19 11:01:04','2019-09-19 11:01:04'),(44,'Velit nostrum autem hic nemo ea asperiores maiores non.','Kisugi','2','6','2019-09-19 11:01:04','2019-09-19 11:01:04'),(45,'Et laboriosam eius at illum et est fugit.','Nambole','3','3','2019-09-19 11:01:04','2019-09-19 11:01:04'),(46,'Quis recusandae ut sunt exercitationem ad voluptates.','Nambole','6','5','2019-09-19 11:01:04','2019-09-19 11:01:04'),(47,'Cumque fugiat sed earum sed et.','Kisugi','1','4','2019-09-19 11:01:04','2019-09-19 11:01:04'),(48,'In consectetur est provident sit.','Kisugi','2','5','2019-09-19 11:01:04','2019-09-19 11:01:04'),(49,'Sit fuga corporis et cupiditate corrupti vero qui at.','Kisugi','3','5','2019-09-19 11:01:04','2019-09-19 11:01:04'),(50,'Sed consectetur excepturi nihil deserunt eum ut perspiciatis neque.','Nambole','6','6','2019-09-19 11:01:04','2019-09-19 11:01:04'),(51,'Sunt ut reiciendis quam.','Nambole','4','3','2019-09-19 11:01:04','2019-09-19 11:01:04'),(52,'Facilis sit optio amet et et corporis aliquam commodi.','Kisugi','5','6','2019-09-19 11:01:04','2019-09-19 11:01:04'),(53,'Error quidem laboriosam in necessitatibus suscipit.','Nambole','6','5','2019-09-19 11:01:04','2019-09-19 11:01:04'),(54,'Deserunt vitae harum iusto hic.','Nambole','3','1','2019-09-19 11:01:04','2019-09-19 11:01:04'),(55,'Voluptatem dolore dolorum repudiandae et dicta.','Kisugi','5','1','2019-09-19 11:01:04','2019-09-19 11:01:04'),(56,'Unde ratione sunt ea.','Kisugi','1','3','2019-09-19 11:01:04','2019-09-19 11:01:04'),(57,'Ullam deserunt enim enim iste ratione ea error vero.','Nambole','2','6','2019-09-19 11:01:04','2019-09-19 11:01:04'),(58,'Itaque quod vitae sunt aut eos sunt.','Kisugi','3','6','2019-09-19 11:01:04','2019-09-19 11:01:04'),(59,'Consectetur sunt harum quibusdam temporibus eum eum aspernatur hic.','Kisugi','4','3','2019-09-19 11:01:04','2019-09-19 11:01:04'),(60,'Accusamus libero ducimus autem ipsam voluptatem numquam.','Nambole','6','3','2019-09-19 11:01:04','2019-09-19 11:01:04'),(61,'Quia dolores blanditiis qui quaerat mollitia.','Kisugi','2','6','2019-09-19 11:01:04','2019-09-19 11:01:04'),(62,'Corporis aut molestiae ut consequatur adipisci pariatur sed.','Nambole','1','4','2019-09-19 11:01:04','2019-09-19 11:01:04'),(63,'Consequatur id doloribus atque non praesentium architecto.','Nambole','6','5','2019-09-19 11:01:04','2019-09-19 11:01:04'),(64,'Numquam et nisi autem autem itaque numquam.','Nambole','6','2','2019-09-19 11:01:04','2019-09-19 11:01:04'),(65,'Quaerat sunt maiores qui aut.','Nambole','2','1','2019-09-19 11:01:04','2019-09-19 11:01:04'),(66,'Et illum ex occaecati soluta eligendi et adipisci.','Nambole','4','6','2019-09-19 11:01:04','2019-09-19 11:01:04'),(67,'Molestiae dolore odit officiis praesentium ea voluptas.','Kisugi','5','4','2019-09-19 11:01:04','2019-09-19 11:01:04'),(68,'Possimus enim possimus aut illo.','Kisugi','1','1','2019-09-19 11:01:04','2019-09-19 11:01:04'),(69,'Ut velit excepturi aut optio dignissimos.','Nambole','2','5','2019-09-19 11:01:04','2019-09-19 11:01:04'),(70,'Provident nisi quam magni et et sed.','Kisugi','2','5','2019-09-19 11:01:04','2019-09-19 11:01:04'),(71,'Nemo quaerat adipisci voluptas iure.','Kisugi','4','3','2019-09-19 11:01:04','2019-09-19 11:01:04'),(72,'Incidunt unde commodi rerum tenetur ipsam.','Nambole','3','2','2019-09-19 11:01:04','2019-09-19 11:01:04'),(73,'Voluptas quod vel molestiae natus.','Kisugi','2','6','2019-09-19 11:01:04','2019-09-19 11:01:04'),(74,'Libero odit qui sed aut accusantium sapiente non.','Nambole','2','5','2019-09-19 11:01:04','2019-09-19 11:01:04'),(75,'Ipsam voluptates ducimus minima.','Kisugi','2','6','2019-09-19 11:01:04','2019-09-19 11:01:04'),(76,'Eaque ut ratione id itaque omnis provident eaque maxime.','Nambole','5','2','2019-09-19 11:01:04','2019-09-19 11:01:04'),(77,'Non cumque non neque quod aut ex iusto.','Nambole','6','3','2019-09-19 11:01:04','2019-09-19 11:01:04'),(78,'Vel et maiores nostrum omnis necessitatibus laborum.','Kisugi','3','1','2019-09-19 11:01:04','2019-09-19 11:01:04'),(79,'Recusandae sit quo temporibus rerum cupiditate voluptatibus.','Nambole','4','1','2019-09-19 11:01:04','2019-09-19 11:01:04'),(80,'Omnis cupiditate quia labore ipsa optio.','Kisugi','2','3','2019-09-19 11:01:04','2019-09-19 11:01:04'),(81,'Nam facilis qui doloribus vero.','Kisugi','1','5','2019-09-19 11:01:04','2019-09-19 11:01:04'),(82,'Qui et odio eligendi id nihil.','Kisugi','6','6','2019-09-19 11:01:04','2019-09-19 11:01:04'),(83,'Quas velit et et aliquam.','Kisugi','2','4','2019-09-19 11:01:04','2019-09-19 11:01:04'),(84,'Repellendus debitis voluptas molestias distinctio excepturi voluptate accusamus.','Nambole','2','4','2019-09-19 11:01:04','2019-09-19 11:01:04'),(85,'Iure debitis officia temporibus et dolorem aut in.','Kisugi','3','6','2019-09-19 11:01:04','2019-09-19 11:01:04'),(86,'Dolor voluptatum ut consectetur rem numquam error.','Nambole','4','2','2019-09-19 11:01:04','2019-09-19 11:01:04'),(87,'Qui ut voluptates fuga accusamus aspernatur quia odit.','Nambole','3','3','2019-09-19 11:01:04','2019-09-19 11:01:04'),(88,'Nihil magni non cum voluptatem.','Kisugi','1','5','2019-09-19 11:01:04','2019-09-19 11:01:04'),(89,'Sint in hic vel aliquid est consequatur.','Kisugi','2','4','2019-09-19 11:01:04','2019-09-19 11:01:04'),(90,'Ipsam minus delectus pariatur error omnis nam aspernatur.','Kisugi','3','5','2019-09-19 11:01:04','2019-09-19 11:01:04'),(91,'Nam qui quis omnis repudiandae.','Nambole','3','1','2019-09-19 11:01:04','2019-09-19 11:01:04'),(92,'Tempora ullam voluptas eos tempora dolor facilis velit porro.','Kisugi','5','1','2019-09-19 11:01:04','2019-09-19 11:01:04'),(93,'Rem ut repudiandae laborum aut est eum dolorem.','Kisugi','4','3','2019-09-19 11:01:04','2019-09-19 11:01:04'),(94,'Nihil provident laborum illo unde id aut eos et.','Nambole','5','4','2019-09-19 11:01:04','2019-09-19 11:01:04'),(95,'Porro fugiat in id delectus qui non suscipit.','Kisugi','6','6','2019-09-19 11:01:04','2019-09-19 11:01:04'),(96,'Possimus quia et soluta.','Kisugi','3','1','2019-09-19 11:01:04','2019-09-19 11:01:04'),(97,'Ad possimus magnam corrupti rerum reiciendis.','Kisugi','6','3','2019-09-19 11:01:04','2019-09-19 11:01:04'),(98,'Modi a minus voluptatibus nesciunt quod ea.','Kisugi','4','5','2019-09-19 11:01:04','2019-09-19 11:01:04'),(99,'Ea placeat doloremque blanditiis necessitatibus rerum.','Nambole','4','1','2019-09-19 11:01:04','2019-09-19 11:01:04'),(100,'Facere ducimus quia et saepe voluptatum eveniet.','Kisugi','5','4','2019-09-19 11:01:04','2019-09-19 11:01:04'),(101,'Totam consequatur magni fugiat exercitationem minima.','Nambole','6','2','2019-09-19 11:01:04','2019-09-19 11:01:04'),(102,'Non sunt blanditiis laboriosam nobis temporibus qui.','Nambole','3','3','2019-09-19 11:01:04','2019-09-19 11:01:04'),(103,'Est blanditiis laborum dolorem.','Kisugi','2','1','2019-09-19 11:01:04','2019-09-19 11:01:04'),(104,'Voluptas perferendis maxime vel.','Kisugi','4','5','2019-09-19 11:01:04','2019-09-19 11:01:04'),(105,'Molestiae quaerat aut qui ut voluptatum accusamus in.','Kisugi','2','3','2019-09-19 11:01:04','2019-09-19 11:01:04'),(106,'Et accusamus officia qui magni quod voluptate et.','Nambole','1','4','2019-09-19 11:01:04','2019-09-19 11:01:04'),(107,'Qui itaque ex libero autem nihil eligendi maiores.','Nambole','3','1','2019-09-19 11:01:04','2019-09-19 11:01:04'),(108,'Maiores laborum et autem ut.','Kisugi','2','6','2019-09-19 11:01:04','2019-09-19 11:01:04'),(109,'Minus ut quasi debitis error.','Nambole','3','2','2019-09-19 11:01:04','2019-09-19 11:01:04'),(110,'Et aspernatur accusamus animi quia est soluta aut.','Nambole','4','2','2019-09-19 11:01:04','2019-09-19 11:01:04'),(111,'Fugit esse est a tempora mollitia impedit dignissimos.','Nambole','4','6','2019-09-19 11:01:04','2019-09-19 11:01:04'),(112,'Aut voluptates ut tenetur doloribus.','Kisugi','6','4','2019-09-19 11:01:04','2019-09-19 11:01:04'),(113,'Sit necessitatibus aspernatur placeat ut autem numquam rerum quos.','Nambole','2','5','2019-09-19 11:01:04','2019-09-19 11:01:04'),(114,'Eligendi ipsum vel aut sunt dolorum sit quibusdam ut.','Kisugi','5','4','2019-09-19 11:01:04','2019-09-19 11:01:04'),(115,'Et repudiandae voluptatibus totam modi exercitationem.','Nambole','3','5','2019-09-19 11:01:04','2019-09-19 11:01:04'),(116,'Sapiente tempora et distinctio neque.','Nambole','2','5','2019-09-19 11:01:04','2019-09-19 11:01:04'),(117,'Recusandae eveniet ullam dolores temporibus voluptatibus eos rerum.','Nambole','6','6','2019-09-19 11:01:04','2019-09-19 11:01:04'),(118,'Quasi ratione atque beatae debitis excepturi.','Nambole','5','4','2019-09-19 11:01:04','2019-09-19 11:01:04'),(119,'Et aliquid rem reiciendis facere.','Nambole','6','3','2019-09-19 11:01:04','2019-09-19 11:01:04'),(120,'Molestiae similique dolorem minus neque.','Kisugi','4','6','2019-09-19 11:01:04','2019-09-19 11:01:04'),(121,'Labore accusamus est in rem quaerat voluptatem deserunt ad.','Kisugi','6','3','2019-09-19 11:01:04','2019-09-19 11:01:04'),(122,'Vel nihil et dolores ut nihil deserunt.','Kisugi','2','3','2019-09-19 11:01:04','2019-09-19 11:01:04'),(123,'Deleniti perspiciatis quia repudiandae accusamus sint cum.','Nambole','3','2','2019-09-19 11:01:04','2019-09-19 11:01:04'),(124,'Consequatur eos cum similique excepturi veritatis.','Kisugi','1','2','2019-09-19 11:01:04','2019-09-19 11:01:04'),(125,'Qui non eos temporibus quas.','Nambole','2','5','2019-09-19 11:01:04','2019-09-19 11:01:04');
/*!40000 ALTER TABLE `matches` ENABLE KEYS */;
UNLOCK TABLES;

--
-- Table structure for table `migrations`
--

DROP TABLE IF EXISTS `migrations`;
/*!40101 SET @saved_cs_client     = @@character_set_client */;
/*!40101 SET character_set_client = utf8 */;
CREATE TABLE `migrations` (
  `id` int(10) unsigned NOT NULL AUTO_INCREMENT,
  `migration` varchar(191) COLLATE utf8_unicode_ci NOT NULL,
  `batch` int(11) NOT NULL,
  PRIMARY KEY (`id`)
) ENGINE=InnoDB AUTO_INCREMENT=44 DEFAULT CHARSET=utf8 COLLATE=utf8_unicode_ci;
/*!40101 SET character_set_client = @saved_cs_client */;

--
-- Dumping data for table `migrations`
--

LOCK TABLES `migrations` WRITE;
/*!40000 ALTER TABLE `migrations` DISABLE KEYS */;
INSERT INTO `migrations` VALUES (1,'2014_10_12_000000_create_users_table',1),(2,'2014_10_12_100000_create_password_resets_table',1),(3,'2016_06_01_000001_create_oauth_auth_codes_table',1),(4,'2016_06_01_000002_create_oauth_access_tokens_table',1),(5,'2016_06_01_000003_create_oauth_refresh_tokens_table',1),(6,'2016_06_01_000004_create_oauth_clients_table',1),(7,'2016_06_01_000005_create_oauth_personal_access_clients_table',1),(8,'2016_07_25_134316_create_posts_table',1),(9,'2016_07_27_042414_alter_posts_add_published_at_column',1),(10,'2016_07_28_093436_create_categories_table',1),(11,'2016_07_28_093634_alter_posts_add_category_id_column',1),(12,'2016_07_29_003557_alter_users_add_slug_column',1),(13,'2016_07_29_021600_alter_users_add_bio_column',1),(14,'2016_07_30_015428_alter_posts_add_view_count_column',1),(15,'2016_11_03_023303_add_soft_deletion_to_posts_table',1),(16,'2017_04_06_043225_create_tags_table',1),(17,'2017_08_30_024106_create_comments_table',1),(18,'2019_04_12_064248_laratrust_setup_tables',1),(19,'2019_09_14_120539_create_teams_table',1),(20,'2019_09_14_120611_create_matches_table',1),(21,'2019_09_14_120922_create_shops_table',1),(22,'2019_09_14_120957_create_products_table',1),(23,'2019_09_14_121113_create_product_categories_table',1),(24,'2019_09_15_070849_category_product_table',1),(25,'2019_09_15_075944_social_media_names_table',1),(26,'2019_09_15_090653_match_team_table',1),(27,'2019_09_15_092413_player_positions_table',1),(28,'2019_09_15_092459_player_feet_table',1),(29,'2019_09_15_093212_support_member_positions_table',1),(30,'2019_09_15_093552_support_members_table',1),(31,'2019_09_15_093757_support_member_social_media_links_table',1),(32,'2019_09_16_211251_create_player_categories_table',1),(33,'2019_09_16_211547_players_table',1),(34,'2019_09_16_212359_create_achievement_categories_table',1),(35,'2019_09_16_212454_achievements_table',1),(36,'2019_09_16_212638_create_video_categories_table',1),(37,'2019_09_16_212740_videos_table',1),(38,'2019_09_16_213450_create_era_categories_table',1),(39,'2019_09_16_215713_eras_table',1),(40,'2019_09_16_220535_create_wall_of_fame_categories_table',1),(41,'2019_09_16_220617_wall_of_fames_table',1),(42,'2019_09_16_221208_create_match_reports_table',1),(43,'2019_09_17_042000_player_social_media_links_table',1);
/*!40000 ALTER TABLE `migrations` ENABLE KEYS */;
UNLOCK TABLES;

--
-- Table structure for table `oauth_access_tokens`
--

DROP TABLE IF EXISTS `oauth_access_tokens`;
/*!40101 SET @saved_cs_client     = @@character_set_client */;
/*!40101 SET character_set_client = utf8 */;
CREATE TABLE `oauth_access_tokens` (
  `id` varchar(100) COLLATE utf8_unicode_ci NOT NULL,
  `user_id` bigint(20) DEFAULT NULL,
  `client_id` int(10) unsigned NOT NULL,
  `name` varchar(191) COLLATE utf8_unicode_ci DEFAULT NULL,
  `scopes` text COLLATE utf8_unicode_ci DEFAULT NULL,
  `revoked` tinyint(1) NOT NULL,
  `created_at` timestamp NULL DEFAULT NULL,
  `updated_at` timestamp NULL DEFAULT NULL,
  `expires_at` datetime DEFAULT NULL,
  PRIMARY KEY (`id`),
  KEY `oauth_access_tokens_user_id_index` (`user_id`)
) ENGINE=InnoDB DEFAULT CHARSET=utf8 COLLATE=utf8_unicode_ci;
/*!40101 SET character_set_client = @saved_cs_client */;

--
-- Dumping data for table `oauth_access_tokens`
--

LOCK TABLES `oauth_access_tokens` WRITE;
/*!40000 ALTER TABLE `oauth_access_tokens` DISABLE KEYS */;
/*!40000 ALTER TABLE `oauth_access_tokens` ENABLE KEYS */;
UNLOCK TABLES;

--
-- Table structure for table `oauth_auth_codes`
--

DROP TABLE IF EXISTS `oauth_auth_codes`;
/*!40101 SET @saved_cs_client     = @@character_set_client */;
/*!40101 SET character_set_client = utf8 */;
CREATE TABLE `oauth_auth_codes` (
  `id` varchar(100) COLLATE utf8_unicode_ci NOT NULL,
  `user_id` bigint(20) NOT NULL,
  `client_id` int(10) unsigned NOT NULL,
  `scopes` text COLLATE utf8_unicode_ci DEFAULT NULL,
  `revoked` tinyint(1) NOT NULL,
  `expires_at` datetime DEFAULT NULL,
  PRIMARY KEY (`id`)
) ENGINE=InnoDB DEFAULT CHARSET=utf8 COLLATE=utf8_unicode_ci;
/*!40101 SET character_set_client = @saved_cs_client */;

--
-- Dumping data for table `oauth_auth_codes`
--

LOCK TABLES `oauth_auth_codes` WRITE;
/*!40000 ALTER TABLE `oauth_auth_codes` DISABLE KEYS */;
/*!40000 ALTER TABLE `oauth_auth_codes` ENABLE KEYS */;
UNLOCK TABLES;

--
-- Table structure for table `oauth_clients`
--

DROP TABLE IF EXISTS `oauth_clients`;
/*!40101 SET @saved_cs_client     = @@character_set_client */;
/*!40101 SET character_set_client = utf8 */;
CREATE TABLE `oauth_clients` (
  `id` int(10) unsigned NOT NULL AUTO_INCREMENT,
  `user_id` bigint(20) DEFAULT NULL,
  `name` varchar(191) COLLATE utf8_unicode_ci NOT NULL,
  `secret` varchar(100) COLLATE utf8_unicode_ci NOT NULL,
  `redirect` text COLLATE utf8_unicode_ci NOT NULL,
  `personal_access_client` tinyint(1) NOT NULL,
  `password_client` tinyint(1) NOT NULL,
  `revoked` tinyint(1) NOT NULL,
  `created_at` timestamp NULL DEFAULT NULL,
  `updated_at` timestamp NULL DEFAULT NULL,
  PRIMARY KEY (`id`),
  KEY `oauth_clients_user_id_index` (`user_id`)
) ENGINE=InnoDB DEFAULT CHARSET=utf8 COLLATE=utf8_unicode_ci;
/*!40101 SET character_set_client = @saved_cs_client */;

--
-- Dumping data for table `oauth_clients`
--

LOCK TABLES `oauth_clients` WRITE;
/*!40000 ALTER TABLE `oauth_clients` DISABLE KEYS */;
/*!40000 ALTER TABLE `oauth_clients` ENABLE KEYS */;
UNLOCK TABLES;

--
-- Table structure for table `oauth_personal_access_clients`
--

DROP TABLE IF EXISTS `oauth_personal_access_clients`;
/*!40101 SET @saved_cs_client     = @@character_set_client */;
/*!40101 SET character_set_client = utf8 */;
CREATE TABLE `oauth_personal_access_clients` (
  `id` int(10) unsigned NOT NULL AUTO_INCREMENT,
  `client_id` int(10) unsigned NOT NULL,
  `created_at` timestamp NULL DEFAULT NULL,
  `updated_at` timestamp NULL DEFAULT NULL,
  PRIMARY KEY (`id`),
  KEY `oauth_personal_access_clients_client_id_index` (`client_id`)
) ENGINE=InnoDB DEFAULT CHARSET=utf8 COLLATE=utf8_unicode_ci;
/*!40101 SET character_set_client = @saved_cs_client */;

--
-- Dumping data for table `oauth_personal_access_clients`
--

LOCK TABLES `oauth_personal_access_clients` WRITE;
/*!40000 ALTER TABLE `oauth_personal_access_clients` DISABLE KEYS */;
/*!40000 ALTER TABLE `oauth_personal_access_clients` ENABLE KEYS */;
UNLOCK TABLES;

--
-- Table structure for table `oauth_refresh_tokens`
--

DROP TABLE IF EXISTS `oauth_refresh_tokens`;
/*!40101 SET @saved_cs_client     = @@character_set_client */;
/*!40101 SET character_set_client = utf8 */;
CREATE TABLE `oauth_refresh_tokens` (
  `id` varchar(100) COLLATE utf8_unicode_ci NOT NULL,
  `access_token_id` varchar(100) COLLATE utf8_unicode_ci NOT NULL,
  `revoked` tinyint(1) NOT NULL,
  `expires_at` datetime DEFAULT NULL,
  PRIMARY KEY (`id`),
  KEY `oauth_refresh_tokens_access_token_id_index` (`access_token_id`)
) ENGINE=InnoDB DEFAULT CHARSET=utf8 COLLATE=utf8_unicode_ci;
/*!40101 SET character_set_client = @saved_cs_client */;

--
-- Dumping data for table `oauth_refresh_tokens`
--

LOCK TABLES `oauth_refresh_tokens` WRITE;
/*!40000 ALTER TABLE `oauth_refresh_tokens` DISABLE KEYS */;
/*!40000 ALTER TABLE `oauth_refresh_tokens` ENABLE KEYS */;
UNLOCK TABLES;

--
-- Table structure for table `password_resets`
--

DROP TABLE IF EXISTS `password_resets`;
/*!40101 SET @saved_cs_client     = @@character_set_client */;
/*!40101 SET character_set_client = utf8 */;
CREATE TABLE `password_resets` (
  `email` varchar(191) COLLATE utf8_unicode_ci NOT NULL,
  `token` varchar(191) COLLATE utf8_unicode_ci NOT NULL,
  `created_at` timestamp NULL DEFAULT NULL,
  KEY `password_resets_email_index` (`email`)
) ENGINE=InnoDB DEFAULT CHARSET=utf8 COLLATE=utf8_unicode_ci;
/*!40101 SET character_set_client = @saved_cs_client */;

--
-- Dumping data for table `password_resets`
--

LOCK TABLES `password_resets` WRITE;
/*!40000 ALTER TABLE `password_resets` DISABLE KEYS */;
/*!40000 ALTER TABLE `password_resets` ENABLE KEYS */;
UNLOCK TABLES;

--
-- Table structure for table `permission_role`
--

DROP TABLE IF EXISTS `permission_role`;
/*!40101 SET @saved_cs_client     = @@character_set_client */;
/*!40101 SET character_set_client = utf8 */;
CREATE TABLE `permission_role` (
  `permission_id` int(10) unsigned NOT NULL,
  `role_id` int(10) unsigned NOT NULL,
  PRIMARY KEY (`permission_id`,`role_id`),
  KEY `permission_role_role_id_foreign` (`role_id`),
  CONSTRAINT `permission_role_permission_id_foreign` FOREIGN KEY (`permission_id`) REFERENCES `permissions` (`id`) ON DELETE CASCADE ON UPDATE CASCADE,
  CONSTRAINT `permission_role_role_id_foreign` FOREIGN KEY (`role_id`) REFERENCES `roles` (`id`) ON DELETE CASCADE ON UPDATE CASCADE
) ENGINE=InnoDB DEFAULT CHARSET=utf8 COLLATE=utf8_unicode_ci;
/*!40101 SET character_set_client = @saved_cs_client */;

--
-- Dumping data for table `permission_role`
--

LOCK TABLES `permission_role` WRITE;
/*!40000 ALTER TABLE `permission_role` DISABLE KEYS */;
INSERT INTO `permission_role` VALUES (1,1),(1,2),(1,3),(2,1),(2,2),(3,1),(3,2),(4,1),(4,2),(5,1);
/*!40000 ALTER TABLE `permission_role` ENABLE KEYS */;
UNLOCK TABLES;

--
-- Table structure for table `permission_user`
--

DROP TABLE IF EXISTS `permission_user`;
/*!40101 SET @saved_cs_client     = @@character_set_client */;
/*!40101 SET character_set_client = utf8 */;
CREATE TABLE `permission_user` (
  `permission_id` int(10) unsigned NOT NULL,
  `user_id` int(10) unsigned NOT NULL,
  `user_type` varchar(191) COLLATE utf8_unicode_ci NOT NULL,
  PRIMARY KEY (`user_id`,`permission_id`,`user_type`),
  KEY `permission_user_permission_id_foreign` (`permission_id`),
  CONSTRAINT `permission_user_permission_id_foreign` FOREIGN KEY (`permission_id`) REFERENCES `permissions` (`id`) ON DELETE CASCADE ON UPDATE CASCADE
) ENGINE=InnoDB DEFAULT CHARSET=utf8 COLLATE=utf8_unicode_ci;
/*!40101 SET character_set_client = @saved_cs_client */;

--
-- Dumping data for table `permission_user`
--

LOCK TABLES `permission_user` WRITE;
/*!40000 ALTER TABLE `permission_user` DISABLE KEYS */;
/*!40000 ALTER TABLE `permission_user` ENABLE KEYS */;
UNLOCK TABLES;

--
-- Table structure for table `permissions`
--

DROP TABLE IF EXISTS `permissions`;
/*!40101 SET @saved_cs_client     = @@character_set_client */;
/*!40101 SET character_set_client = utf8 */;
CREATE TABLE `permissions` (
  `id` int(10) unsigned NOT NULL AUTO_INCREMENT,
  `name` varchar(191) COLLATE utf8_unicode_ci NOT NULL,
  `display_name` varchar(191) COLLATE utf8_unicode_ci DEFAULT NULL,
  `description` varchar(191) COLLATE utf8_unicode_ci DEFAULT NULL,
  `created_at` timestamp NULL DEFAULT NULL,
  `updated_at` timestamp NULL DEFAULT NULL,
  PRIMARY KEY (`id`),
  UNIQUE KEY `permissions_name_unique` (`name`)
) ENGINE=InnoDB AUTO_INCREMENT=6 DEFAULT CHARSET=utf8 COLLATE=utf8_unicode_ci;
/*!40101 SET character_set_client = @saved_cs_client */;

--
-- Dumping data for table `permissions`
--

LOCK TABLES `permissions` WRITE;
/*!40000 ALTER TABLE `permissions` DISABLE KEYS */;
INSERT INTO `permissions` VALUES (1,'crud-post',NULL,NULL,'2019-09-19 11:01:14','2019-09-19 11:01:14'),(2,'update-others-post',NULL,NULL,'2019-09-19 11:01:14','2019-09-19 11:01:14'),(3,'delete-others-post',NULL,NULL,'2019-09-19 11:01:14','2019-09-19 11:01:14'),(4,'crud-category',NULL,NULL,'2019-09-19 11:01:14','2019-09-19 11:01:14'),(5,'crud-user',NULL,NULL,'2019-09-19 11:01:14','2019-09-19 11:01:14');
/*!40000 ALTER TABLE `permissions` ENABLE KEYS */;
UNLOCK TABLES;

--
-- Table structure for table `player_categories`
--

DROP TABLE IF EXISTS `player_categories`;
/*!40101 SET @saved_cs_client     = @@character_set_client */;
/*!40101 SET character_set_client = utf8 */;
CREATE TABLE `player_categories` (
  `id` int(10) unsigned NOT NULL AUTO_INCREMENT,
  `section_name` varchar(191) COLLATE utf8_unicode_ci NOT NULL DEFAULT 'Senior',
  `created_at` timestamp NULL DEFAULT NULL,
  `updated_at` timestamp NULL DEFAULT NULL,
  PRIMARY KEY (`id`)
) ENGINE=InnoDB AUTO_INCREMENT=28 DEFAULT CHARSET=utf8 COLLATE=utf8_unicode_ci;
/*!40101 SET character_set_client = @saved_cs_client */;

--
-- Dumping data for table `player_categories`
--

LOCK TABLES `player_categories` WRITE;
/*!40000 ALTER TABLE `player_categories` DISABLE KEYS */;
INSERT INTO `player_categories` VALUES (1,'Uncategorized','2019-09-19 11:01:01','2019-09-24 09:06:03'),(2,'Junior','2019-09-19 11:01:01','2019-09-19 11:01:01'),(3,'Senior','2019-09-19 11:01:01','2019-09-24 09:06:24'),(13,'both_junior_and_senior','2019-09-19 11:01:01','2019-09-19 11:01:01');
/*!40000 ALTER TABLE `player_categories` ENABLE KEYS */;
UNLOCK TABLES;

--
-- Table structure for table `player_feet`
--

DROP TABLE IF EXISTS `player_feet`;
/*!40101 SET @saved_cs_client     = @@character_set_client */;
/*!40101 SET character_set_client = utf8 */;
CREATE TABLE `player_feet` (
  `id` int(10) unsigned NOT NULL AUTO_INCREMENT,
  `name` varchar(191) COLLATE utf8_unicode_ci NOT NULL,
  `created_at` timestamp NULL DEFAULT NULL,
  `updated_at` timestamp NULL DEFAULT NULL,
  PRIMARY KEY (`id`)
) ENGINE=InnoDB AUTO_INCREMENT=5 DEFAULT CHARSET=utf8 COLLATE=utf8_unicode_ci;
/*!40101 SET character_set_client = @saved_cs_client */;

--
-- Dumping data for table `player_feet`
--

LOCK TABLES `player_feet` WRITE;
/*!40000 ALTER TABLE `player_feet` DISABLE KEYS */;
INSERT INTO `player_feet` VALUES (1,'right','2019-09-19 11:01:00','2019-09-19 11:01:00'),(2,'both','2019-09-19 11:01:00','2019-09-19 11:01:00'),(3,'both','2019-09-19 11:01:00','2019-09-19 11:01:00'),(4,'right','2019-09-19 11:01:00','2019-09-19 11:01:00');
/*!40000 ALTER TABLE `player_feet` ENABLE KEYS */;
UNLOCK TABLES;

--
-- Table structure for table `player_positions`
--

DROP TABLE IF EXISTS `player_positions`;
/*!40101 SET @saved_cs_client     = @@character_set_client */;
/*!40101 SET character_set_client = utf8 */;
CREATE TABLE `player_positions` (
  `id` int(10) unsigned NOT NULL AUTO_INCREMENT,
  `title` varchar(191) COLLATE utf8_unicode_ci NOT NULL,
  `abbrev` varchar(191) COLLATE utf8_unicode_ci DEFAULT NULL,
  `created_at` timestamp NULL DEFAULT NULL,
  `updated_at` timestamp NULL DEFAULT NULL,
  PRIMARY KEY (`id`)
) ENGINE=InnoDB AUTO_INCREMENT=26 DEFAULT CHARSET=utf8 COLLATE=utf8_unicode_ci;
/*!40101 SET character_set_client = @saved_cs_client */;

--
-- Dumping data for table `player_positions`
--

LOCK TABLES `player_positions` WRITE;
/*!40000 ALTER TABLE `player_positions` DISABLE KEYS */;
INSERT INTO `player_positions` VALUES (1,'goal keeper','stkr','2019-09-19 11:01:00','2019-09-19 11:01:00'),(2,'goal keeper','gk','2019-09-19 11:01:00','2019-09-19 11:01:00'),(3,'goal keeper','der','2019-09-19 11:01:00','2019-09-19 11:01:00'),(4,'striker','mdfr','2019-09-19 11:01:00','2019-09-19 11:01:00'),(5,'goal keeper','gk','2019-09-19 11:01:00','2019-09-19 11:01:00'),(6,'striker','stkr','2019-09-19 11:01:00','2019-09-19 11:01:00'),(7,'striker','der','2019-09-19 11:01:00','2019-09-19 11:01:00'),(8,'striker','stkr','2019-09-19 11:01:00','2019-09-19 11:01:00'),(9,'goal keeper','stkr','2019-09-19 11:01:00','2019-09-19 11:01:00'),(10,'goal keeper','mdfr','2019-09-19 11:01:00','2019-09-19 11:01:00'),(11,'goal keeper','der','2019-09-19 11:01:00','2019-09-19 11:01:00'),(12,'defender','der','2019-09-19 11:01:00','2019-09-19 11:01:00'),(13,'defender','stkr','2019-09-19 11:01:00','2019-09-19 11:01:00'),(14,'goal keeper','mdfr','2019-09-19 11:01:00','2019-09-19 11:01:00'),(15,'mid fielder','gk','2019-09-19 11:01:00','2019-09-19 11:01:00'),(16,'mid fielder','stkr','2019-09-19 11:01:00','2019-09-19 11:01:00'),(17,'defender','gk','2019-09-19 11:01:00','2019-09-19 11:01:00'),(18,'defender','mdfr','2019-09-19 11:01:00','2019-09-19 11:01:00'),(19,'striker','gk','2019-09-19 11:01:00','2019-09-19 11:01:00'),(20,'goal keeper','stkr','2019-09-19 11:01:00','2019-09-19 11:01:00'),(21,'goal keeper','stkr','2019-09-19 11:01:00','2019-09-19 11:01:00'),(22,'mid fielder','mdfr','2019-09-19 11:01:01','2019-09-19 11:01:01'),(23,'defender','der','2019-09-19 11:01:01','2019-09-19 11:01:01'),(24,'defender','gk','2019-09-19 11:01:01','2019-09-19 11:01:01'),(25,'goal keeper','stkr','2019-09-19 11:01:01','2019-09-19 11:01:01');
/*!40000 ALTER TABLE `player_positions` ENABLE KEYS */;
UNLOCK TABLES;

--
-- Table structure for table `player_social_media_links`
--

DROP TABLE IF EXISTS `player_social_media_links`;
/*!40101 SET @saved_cs_client     = @@character_set_client */;
/*!40101 SET character_set_client = utf8 */;
CREATE TABLE `player_social_media_links` (
  `id` bigint(20) unsigned NOT NULL AUTO_INCREMENT,
  `player_id` bigint(20) unsigned NOT NULL,
  `social_media_name_id` int(10) unsigned NOT NULL,
  `url` varchar(191) COLLATE utf8_unicode_ci NOT NULL,
  `created_at` timestamp NULL DEFAULT NULL,
  `updated_at` timestamp NULL DEFAULT NULL,
  PRIMARY KEY (`id`),
  KEY `player_social_media_links_social_media_name_id_foreign` (`social_media_name_id`),
  KEY `player_social_media_links_player_id_foreign` (`player_id`),
  CONSTRAINT `player_social_media_links_player_id_foreign` FOREIGN KEY (`player_id`) REFERENCES `players` (`id`),
  CONSTRAINT `player_social_media_links_social_media_name_id_foreign` FOREIGN KEY (`social_media_name_id`) REFERENCES `social_media_names` (`id`)
) ENGINE=InnoDB AUTO_INCREMENT=101 DEFAULT CHARSET=utf8 COLLATE=utf8_unicode_ci;
/*!40101 SET character_set_client = @saved_cs_client */;

--
-- Dumping data for table `player_social_media_links`
--

LOCK TABLES `player_social_media_links` WRITE;
/*!40000 ALTER TABLE `player_social_media_links` DISABLE KEYS */;
INSERT INTO `player_social_media_links` VALUES (1,8,5,'Aurore Tremblay.twitter.com','2019-09-19 11:01:01','2019-09-19 11:01:01'),(2,2,1,'Moses Hill.linkedin.com','2019-09-19 11:01:01','2019-09-19 11:01:01'),(3,3,4,'Rosella Crona.linkedin.com','2019-09-19 11:01:01','2019-09-19 11:01:01'),(4,11,4,'Misael Nitzsche.twitter.com','2019-09-19 11:01:01','2019-09-19 11:01:01'),(5,12,4,'Kiara Davis.linkedin.com','2019-09-19 11:01:01','2019-09-19 11:01:01'),(6,9,3,'Kyler Dickens.linkedin.com','2019-09-19 11:01:01','2019-09-19 11:01:01'),(7,3,1,'Stephon Bogan III.facebook.com','2019-09-19 11:01:01','2019-09-19 11:01:01'),(8,4,7,'Mack Bayer.twitter.com','2019-09-19 11:01:01','2019-09-19 11:01:01'),(9,8,7,'Leo Carter DVM.twitter.com','2019-09-19 11:01:01','2019-09-19 11:01:01'),(10,4,4,'Janice Fisher IV.linkedin.com','2019-09-19 11:01:01','2019-09-19 11:01:01'),(11,11,2,'Dr. Enoch Schamberger.linkedin.com','2019-09-19 11:01:01','2019-09-19 11:01:01'),(12,3,7,'Brycen Sporer.linkedin.com','2019-09-19 11:01:01','2019-09-19 11:01:01'),(13,7,2,'Guiseppe Beahan.twitter.com','2019-09-19 11:01:01','2019-09-19 11:01:01'),(14,1,8,'Harrison Lakin.twitter.com','2019-09-19 11:01:01','2019-09-19 11:01:01'),(15,7,4,'Alexane Stokes.facebook.com','2019-09-19 11:01:01','2019-09-19 11:01:01'),(16,10,7,'Mr. Rashawn Kiehn V.twitter.com','2019-09-19 11:01:01','2019-09-19 11:01:01'),(17,10,1,'Vilma Ziemann.facebook.com','2019-09-19 11:01:01','2019-09-19 11:01:01'),(18,11,6,'Jonas Emmerich DVM.linkedin.com','2019-09-19 11:01:01','2019-09-19 11:01:01'),(19,6,4,'Jamir Hoppe DDS.facebook.com','2019-09-19 11:01:01','2019-09-19 11:01:01'),(20,13,8,'Mr. Dameon Cartwright.facebook.com','2019-09-19 11:01:01','2019-09-19 11:01:01'),(21,14,1,'Prof. Wilburn Kuhn.facebook.com','2019-09-19 11:01:01','2019-09-19 11:01:01'),(22,1,2,'Nels Leuschke.twitter.com','2019-09-19 11:01:01','2019-09-19 11:01:01'),(23,2,3,'Annie Luettgen I.linkedin.com','2019-09-19 11:01:01','2019-09-19 11:01:01'),(24,6,2,'Verla Kuhlman DDS.twitter.com','2019-09-19 11:01:01','2019-09-19 11:01:01'),(25,7,2,'Prof. Frederic VonRueden.twitter.com','2019-09-19 11:01:01','2019-09-19 11:01:01'),(26,2,7,'Prof. Viva Waters Jr..linkedin.com','2019-09-19 11:01:01','2019-09-19 11:01:01'),(27,12,3,'Marcellus Witting.facebook.com','2019-09-19 11:01:01','2019-09-19 11:01:01'),(28,14,4,'Mr. Casimer Terry PhD.facebook.com','2019-09-19 11:01:01','2019-09-19 11:01:01'),(29,14,3,'Lurline Tromp II.facebook.com','2019-09-19 11:01:01','2019-09-19 11:01:01'),(30,15,2,'Mrs. Casandra Harvey.linkedin.com','2019-09-19 11:01:01','2019-09-19 11:01:01'),(31,1,3,'Kiarra Ziemann.linkedin.com','2019-09-19 11:01:01','2019-09-19 11:01:01'),(32,12,6,'Mr. Herminio Terry MD.facebook.com','2019-09-19 11:01:01','2019-09-19 11:01:01'),(33,13,1,'Ms. Missouri Jacobi IV.facebook.com','2019-09-19 11:01:01','2019-09-19 11:01:01'),(34,12,3,'Weston Daugherty V.linkedin.com','2019-09-19 11:01:01','2019-09-19 11:01:01'),(35,9,1,'Velda Reynolds.facebook.com','2019-09-19 11:01:01','2019-09-19 11:01:01'),(36,10,7,'Roger Hammes.twitter.com','2019-09-19 11:01:01','2019-09-19 11:01:01'),(37,5,7,'Rogers Krajcik Sr..twitter.com','2019-09-19 11:01:01','2019-09-19 11:01:01'),(38,6,7,'Daphney Sauer.linkedin.com','2019-09-19 11:01:01','2019-09-19 11:01:01'),(39,2,6,'Gilberto McClure DVM.twitter.com','2019-09-19 11:01:01','2019-09-19 11:01:01'),(40,10,5,'Dr. Fredrick Reichel I.linkedin.com','2019-09-19 11:01:01','2019-09-19 11:01:01'),(41,11,2,'Ms. Breana Weissnat Jr..twitter.com','2019-09-19 11:01:01','2019-09-19 11:01:01'),(42,11,7,'Leatha Ullrich.linkedin.com','2019-09-19 11:01:01','2019-09-19 11:01:01'),(43,7,7,'Prof. Karina Langosh DDS.facebook.com','2019-09-19 11:01:01','2019-09-19 11:01:01'),(44,11,3,'Lonzo Kuhic PhD.facebook.com','2019-09-19 11:01:01','2019-09-19 11:01:01'),(45,5,6,'Nathaniel Jakubowski.twitter.com','2019-09-19 11:01:01','2019-09-19 11:01:01'),(46,4,4,'Mrs. Minerva Rutherford.twitter.com','2019-09-19 11:01:01','2019-09-19 11:01:01'),(47,15,1,'Nyah Windler.linkedin.com','2019-09-19 11:01:01','2019-09-19 11:01:01'),(48,10,6,'Amaya Trantow.twitter.com','2019-09-19 11:01:01','2019-09-19 11:01:01'),(49,7,1,'Geo Feest DVM.twitter.com','2019-09-19 11:01:01','2019-09-19 11:01:01'),(50,8,2,'Lauretta Waelchi.facebook.com','2019-09-19 11:01:01','2019-09-19 11:01:01'),(51,7,6,'Ms. Mercedes Bosco.linkedin.com','2019-09-19 11:01:01','2019-09-19 11:01:01'),(52,14,7,'Mrs. Kianna Lubowitz.linkedin.com','2019-09-19 11:01:01','2019-09-19 11:01:01'),(53,5,1,'Era Stracke.facebook.com','2019-09-19 11:01:01','2019-09-19 11:01:01'),(54,6,4,'Kenyatta Ondricka.twitter.com','2019-09-19 11:01:01','2019-09-19 11:01:01'),(55,3,5,'Houston Dach II.linkedin.com','2019-09-19 11:01:01','2019-09-19 11:01:01'),(56,10,8,'Abdiel Gulgowski.twitter.com','2019-09-19 11:01:01','2019-09-19 11:01:01'),(57,5,3,'General Gorczany.linkedin.com','2019-09-19 11:01:01','2019-09-19 11:01:01'),(58,7,1,'Dr. Tanya Kemmer.twitter.com','2019-09-19 11:01:02','2019-09-19 11:01:02'),(59,11,4,'Dr. Edmund Gislason I.twitter.com','2019-09-19 11:01:02','2019-09-19 11:01:02'),(60,6,7,'Prof. Avis Abbott.facebook.com','2019-09-19 11:01:02','2019-09-19 11:01:02'),(61,2,7,'Alta Marquardt Sr..linkedin.com','2019-09-19 11:01:02','2019-09-19 11:01:02'),(62,2,1,'Carolyne Kassulke.facebook.com','2019-09-19 11:01:02','2019-09-19 11:01:02'),(63,1,4,'Miss Dixie Jerde V.facebook.com','2019-09-19 11:01:02','2019-09-19 11:01:02'),(64,9,4,'Prof. Laisha Mills.facebook.com','2019-09-19 11:01:02','2019-09-19 11:01:02'),(65,14,3,'Meredith Reilly.facebook.com','2019-09-19 11:01:02','2019-09-19 11:01:02'),(66,14,7,'Avery Nienow.linkedin.com','2019-09-19 11:01:02','2019-09-19 11:01:02'),(67,11,3,'Dr. Arvilla Harvey.facebook.com','2019-09-19 11:01:02','2019-09-19 11:01:02'),(68,6,4,'Dr. Lee Ankunding.linkedin.com','2019-09-19 11:01:02','2019-09-19 11:01:02'),(69,13,5,'Prof. Foster Stokes.linkedin.com','2019-09-19 11:01:02','2019-09-19 11:01:02'),(70,8,6,'Angela Rolfson.facebook.com','2019-09-19 11:01:02','2019-09-19 11:01:02'),(71,15,6,'Lulu Greenfelder.linkedin.com','2019-09-19 11:01:02','2019-09-19 11:01:02'),(72,6,4,'Abby Jenkins.facebook.com','2019-09-19 11:01:02','2019-09-19 11:01:02'),(73,14,4,'Maya Spinka.twitter.com','2019-09-19 11:01:02','2019-09-19 11:01:02'),(74,3,5,'Ericka Crona.linkedin.com','2019-09-19 11:01:02','2019-09-19 11:01:02'),(75,6,6,'Dawson Reichert.twitter.com','2019-09-19 11:01:02','2019-09-19 11:01:02'),(76,10,7,'Adrienne Kuvalis I.twitter.com','2019-09-19 11:01:02','2019-09-19 11:01:02'),(77,10,3,'Doyle Parker.facebook.com','2019-09-19 11:01:02','2019-09-19 11:01:02'),(78,15,1,'Prof. Faye Jerde.linkedin.com','2019-09-19 11:01:02','2019-09-19 11:01:02'),(79,9,4,'Cassie Carter.facebook.com','2019-09-19 11:01:02','2019-09-19 11:01:02'),(80,1,8,'Janiya Jaskolski.twitter.com','2019-09-19 11:01:02','2019-09-19 11:01:02'),(81,5,2,'Prof. Dahlia Ebert.linkedin.com','2019-09-19 11:01:02','2019-09-19 11:01:02'),(82,12,8,'Serena Olson.linkedin.com','2019-09-19 11:01:02','2019-09-19 11:01:02'),(83,8,8,'Freda Prohaska.facebook.com','2019-09-19 11:01:02','2019-09-19 11:01:02'),(84,5,7,'Adele Schoen.linkedin.com','2019-09-19 11:01:02','2019-09-19 11:01:02'),(85,13,8,'Troy Marquardt.linkedin.com','2019-09-19 11:01:02','2019-09-19 11:01:02'),(86,15,7,'Nyah Koepp.linkedin.com','2019-09-19 11:01:02','2019-09-19 11:01:02'),(87,15,4,'Rahul Runolfsdottir Sr..facebook.com','2019-09-19 11:01:02','2019-09-19 11:01:02'),(88,9,3,'Maurice Ziemann.facebook.com','2019-09-19 11:01:02','2019-09-19 11:01:02'),(89,6,7,'Golda Heidenreich.twitter.com','2019-09-19 11:01:02','2019-09-19 11:01:02'),(90,5,5,'Ms. Genesis Metz Sr..twitter.com','2019-09-19 11:01:02','2019-09-19 11:01:02'),(91,4,2,'Elmore Wilkinson.twitter.com','2019-09-19 11:01:02','2019-09-19 11:01:02'),(92,13,7,'Kaitlin Bruen.twitter.com','2019-09-19 11:01:02','2019-09-19 11:01:02'),(93,11,6,'Amir Ziemann.twitter.com','2019-09-19 11:01:02','2019-09-19 11:01:02'),(94,12,1,'Miss Anissa Borer.twitter.com','2019-09-19 11:01:02','2019-09-19 11:01:02'),(95,6,6,'Johan Davis.linkedin.com','2019-09-19 11:01:02','2019-09-19 11:01:02'),(96,8,3,'Delfina Crona V.linkedin.com','2019-09-19 11:01:02','2019-09-19 11:01:02'),(97,11,4,'Arvilla Volkman DVM.facebook.com','2019-09-19 11:01:02','2019-09-19 11:01:02'),(98,8,6,'Prof. Tomas Rosenbaum II.twitter.com','2019-09-19 11:01:02','2019-09-19 11:01:02'),(99,12,5,'Prof. Maximilian Dooley.facebook.com','2019-09-19 11:01:02','2019-09-19 11:01:02'),(100,10,1,'Hazel Thiel.facebook.com','2019-09-19 11:01:02','2019-09-19 11:01:02');
/*!40000 ALTER TABLE `player_social_media_links` ENABLE KEYS */;
UNLOCK TABLES;

--
-- Table structure for table `players`
--

DROP TABLE IF EXISTS `players`;
/*!40101 SET @saved_cs_client     = @@character_set_client */;
/*!40101 SET character_set_client = utf8 */;
CREATE TABLE `players` (
  `id` bigint(20) unsigned NOT NULL AUTO_INCREMENT,
  `profile_pic` varchar(191) COLLATE utf8_unicode_ci NOT NULL,
  `first_name` varchar(191) COLLATE utf8_unicode_ci NOT NULL,
  `last_name` varchar(191) COLLATE utf8_unicode_ci NOT NULL,
  `player_position_id` int(10) unsigned NOT NULL,
  `strong_foot_id` int(10) unsigned NOT NULL,
  `player_category_id` int(10) unsigned NOT NULL DEFAULT 1,
  `shirt_no` varchar(191) COLLATE utf8_unicode_ci NOT NULL,
  `age` varchar(191) COLLATE utf8_unicode_ci NOT NULL,
  `nationality` varchar(191) COLLATE utf8_unicode_ci NOT NULL,
  `previous_club` varchar(191) COLLATE utf8_unicode_ci DEFAULT NULL,
  `bio` varchar(1000) COLLATE utf8_unicode_ci NOT NULL,
  `created_at` timestamp NULL DEFAULT NULL,
  `updated_at` timestamp NULL DEFAULT NULL,
  PRIMARY KEY (`id`),
  KEY `players_player_position_id_foreign` (`player_position_id`),
  KEY `players_strong_foot_id_foreign` (`strong_foot_id`),
  KEY `players_player_category_id_foreign` (`player_category_id`),
  CONSTRAINT `players_player_category_id_foreign` FOREIGN KEY (`player_category_id`) REFERENCES `player_categories` (`id`),
  CONSTRAINT `players_player_position_id_foreign` FOREIGN KEY (`player_position_id`) REFERENCES `player_positions` (`id`),
  CONSTRAINT `players_strong_foot_id_foreign` FOREIGN KEY (`strong_foot_id`) REFERENCES `player_feet` (`id`)
) ENGINE=InnoDB AUTO_INCREMENT=26 DEFAULT CHARSET=utf8 COLLATE=utf8_unicode_ci;
/*!40101 SET character_set_client = @saved_cs_client */;

--
-- Dumping data for table `players`
--

LOCK TABLES `players` WRITE;
/*!40000 ALTER TABLE `players` DISABLE KEYS */;
INSERT INTO `players` VALUES (1,'trainer-img2.jpg','Pearline Braun','Maria Steuber',4,1,3,'9','24','Ugandan','Wakiso FC','Enim ratione ad ut atque in.','2019-09-19 11:01:01','2019-09-19 11:01:01'),(2,'trainer-img.jpg','Fanny Cremin','Miss Carmela Cartwright DDS',2,1,2,'10','19','Ugandan','Vimpers FC','Nulla modi officiis veniam asperiores repellat dicta cum.','2019-09-19 11:01:01','2019-09-19 11:01:01'),(3,'trainer-img.jpg','Lisa Parker','Laurel Rolfson',3,2,1,'9','25','Ugandan','Buddu League','Rerum aut sit reprehenderit. Error et harum doloremque et temporibus.','2019-09-19 11:01:01','2019-09-19 11:01:01'),(4,'trainer-img1.jpg','Dr. Malinda Schuster II','Jazmyn Gottlieb MD',1,3,1,'10','20','Sudanese','Buddu League','Ad possimus maxime explicabo accusamus.','2019-09-19 11:01:01','2019-09-19 11:01:01'),(5,'trainer-img2.jpg','Mr. Reyes Bartoletti MD','Lonnie Jakubowski',2,1,3,'6','22','Ugandan','Wakiso FC','Est ea ab aut impedit. Id porro voluptatem veniam tenetur eos.','2019-09-19 11:01:01','2019-09-19 11:01:01'),(6,'trainer-img2.jpg','Sasha Cole','Camila Cruickshank',3,3,1,'3','19','Rwandanese','Vimpers FC','Corrupti dicta a modi ipsa.','2019-09-19 11:01:01','2019-09-19 11:01:01'),(7,'trainer-img.jpg','Angelita Schroeder II','Jo Barrows PhD',1,3,3,'10','20','Rwandanese','Catda FC','Amet alias consequatur iusto quia. Qui deserunt aperiam quae.','2019-09-19 11:01:01','2019-09-19 11:01:01'),(8,'trainer-img2.jpg','Augustus Hermann','Alisa Stark',4,2,1,'6','17','Rwandanese','Vimpers FC','Et aut eum itaque alias exercitationem qui. Excepturi recusandae officiis exercitationem non.','2019-09-19 11:01:01','2019-09-19 11:01:01'),(9,'trainer-img2.jpg','Dr. Randal Fisher DVM','Dr. Rick Pacocha',2,3,2,'10','17','Kenyan','Catda FC','Maxime voluptatem et consequuntur iure inventore est.','2019-09-19 11:01:01','2019-09-19 11:01:01'),(10,'trainer-img.jpg','Hailee Ziemann','Mrs. Rachel Kessler DDS',2,2,2,'9','24','Sudanese','Vimpers FC','Alias error consequatur culpa. Autem voluptas consequatur exercitationem minus odit vel.','2019-09-19 11:01:01','2019-09-19 11:01:01'),(11,'trainer-img1.jpg','Darius Beahan','Steve Rath',4,3,1,'2','20','Rwandanese','Buddu League','Architecto vel vel ea facere et quidem distinctio exercitationem. Reprehenderit et adipisci voluptate quas aliquam earum eligendi.','2019-09-19 11:01:01','2019-09-19 11:01:01'),(12,'trainer-img2.jpg','Carole Becker','Devante Gulgowski',4,1,3,'6','23','Rwandanese','Catda FC','Ullam distinctio inventore alias corporis.','2019-09-19 11:01:01','2019-09-19 11:01:01'),(13,'trainer-img.jpg','Eve Kunde','Pinkie Pfeffer',3,3,3,'2','17','Kenyan','Wakiso FC','Sunt sed nihil ipsam libero ut impedit.','2019-09-19 11:01:01','2019-09-19 11:01:01'),(14,'trainer-img1.jpg','Miss Gisselle Collier','Ezequiel Bernhard',4,3,2,'6','18','Sudanese','Buddu League','Itaque fugit eos id culpa perspiciatis iste placeat doloribus.','2019-09-19 11:01:01','2019-09-19 11:01:01'),(15,'trainer-img1.jpg','Reta Conn V','Carter Farrell',1,1,3,'6','19','Rwandanese','Vimpers FC','Aut qui minus odit quo deleniti molestiae.','2019-09-19 11:01:01','2019-09-19 11:01:01'),(16,'trainer-img2.jpg','Hester Miller Sr.','Prof. Meaghan Morar',1,1,3,'10','17','Ugandan','Vimpers FC','Sint quis sit minus perferendis deleniti saepe. Et molestiae vel qui.','2019-09-19 11:01:01','2019-09-19 11:01:01'),(17,'trainer-img2.jpg','Antonietta Heidenreich DVM','Chase Walsh',2,3,2,'9','21','Rwandanese','Vimpers FC','Fugit natus sint omnis exercitationem aut delectus.','2019-09-19 11:01:01','2019-09-19 11:01:01'),(18,'trainer-img.jpg','Hugh Howell','Jeanne Monahan',4,2,2,'6','23','Sudanese','Vimpers FC','Quae omnis voluptatem fugit exercitationem vel provident provident. Nam est consequuntur commodi aspernatur id.','2019-09-19 11:01:01','2019-09-19 11:01:01'),(19,'trainer-img1.jpg','Loy Schimmel','Prof. Aubrey Buckridge Jr.',3,3,3,'2','17','Sudanese','Vimpers FC','Accusantium totam doloremque quo est dolores. Eaque possimus accusantium libero sed animi.','2019-09-19 11:01:01','2019-09-19 11:01:01'),(20,'trainer-img.jpg','Ms. Eve Hills II','Prof. Lily Gottlieb PhD',4,3,1,'3','18','Sudanese','Wakiso FC','Eaque et beatae ex sit et amet et. Incidunt consequatur commodi unde.','2019-09-19 11:01:01','2019-09-19 11:01:01'),(21,'trainer-img2.jpg','Yoshiko Bins','Maud Herzog',3,3,2,'6','22','Kenyan','Vimpers FC','Non non aliquam sint et aperiam. Harum ut omnis ut sapiente voluptate placeat et.','2019-09-19 11:01:01','2019-09-19 11:01:01'),(22,'trainer-img2.jpg','Ms. Shannon Weissnat V','Dr. Garnet Upton',1,1,2,'7','23','Rwandanese','Vimpers FC','Minus aut sapiente dolore odit aliquid. Nostrum reprehenderit magni dolor aut sint laboriosam.','2019-09-19 11:01:01','2019-09-19 11:01:01'),(23,'trainer-img2.jpg','Moshe Kirlin','Mr. Talon Casper',4,1,1,'6','20','Rwandanese','Catda FC','Fuga aliquid aut beatae.','2019-09-19 11:01:01','2019-09-19 11:01:01'),(24,'trainer-img1.jpg','Eriberto Miller','Lucas Skiles Sr.',4,3,1,'8','23','Rwandanese','Vimpers FC','Facilis fugit eum omnis atque.','2019-09-19 11:01:01','2019-09-19 11:01:01'),(25,'trainer-img1.jpg','Tod Doyle','Dr. Ashly Cruickshank',4,2,3,'5','23','Sudanese','Buddu League','Ut odio dignissimos iste sit.','2019-09-19 11:01:01','2019-09-19 11:01:01');
/*!40000 ALTER TABLE `players` ENABLE KEYS */;
UNLOCK TABLES;

--
-- Table structure for table `post_tag`
--

DROP TABLE IF EXISTS `post_tag`;
/*!40101 SET @saved_cs_client     = @@character_set_client */;
/*!40101 SET character_set_client = utf8 */;
CREATE TABLE `post_tag` (
  `post_id` bigint(20) NOT NULL,
  `tag_id` bigint(20) NOT NULL,
  PRIMARY KEY (`post_id`,`tag_id`)
) ENGINE=InnoDB DEFAULT CHARSET=utf8 COLLATE=utf8_unicode_ci;
/*!40101 SET character_set_client = @saved_cs_client */;

--
-- Dumping data for table `post_tag`
--

LOCK TABLES `post_tag` WRITE;
/*!40000 ALTER TABLE `post_tag` DISABLE KEYS */;
INSERT INTO `post_tag` VALUES (3,2),(3,3),(4,4),(6,1),(7,2),(7,3),(8,2),(9,1),(9,2),(9,3),(10,2),(11,1),(11,2),(12,1),(12,2),(14,4),(16,2),(17,2),(17,3),(18,1),(19,1),(20,1),(20,2),(20,4),(21,1),(21,4),(22,4),(24,3),(24,4),(25,2),(26,2),(27,1),(27,4),(28,1),(28,2),(28,4),(29,3),(29,4),(30,1),(31,1),(32,1),(32,3),(34,1),(34,2),(34,3),(36,3);
/*!40000 ALTER TABLE `post_tag` ENABLE KEYS */;
UNLOCK TABLES;

--
-- Table structure for table `posts`
--

DROP TABLE IF EXISTS `posts`;
/*!40101 SET @saved_cs_client     = @@character_set_client */;
/*!40101 SET character_set_client = utf8 */;
CREATE TABLE `posts` (
  `id` bigint(20) unsigned NOT NULL AUTO_INCREMENT,
  `author_id` bigint(20) unsigned NOT NULL,
  `title` varchar(191) COLLATE utf8_unicode_ci NOT NULL,
  `slug` varchar(191) COLLATE utf8_unicode_ci NOT NULL,
  `excerpt` text COLLATE utf8_unicode_ci NOT NULL,
  `body` text COLLATE utf8_unicode_ci NOT NULL,
  `image` varchar(191) COLLATE utf8_unicode_ci DEFAULT NULL,
  `created_at` timestamp NULL DEFAULT NULL,
  `updated_at` timestamp NULL DEFAULT NULL,
  `published_at` timestamp NULL DEFAULT NULL,
  `category_id` bigint(20) unsigned DEFAULT NULL,
  `view_count` bigint(20) NOT NULL DEFAULT 0,
  `deleted_at` timestamp NULL DEFAULT NULL,
  PRIMARY KEY (`id`),
  UNIQUE KEY `posts_slug_unique` (`slug`),
  KEY `posts_author_id_foreign` (`author_id`),
  KEY `posts_category_id_foreign` (`category_id`),
  CONSTRAINT `posts_author_id_foreign` FOREIGN KEY (`author_id`) REFERENCES `users` (`id`),
  CONSTRAINT `posts_category_id_foreign` FOREIGN KEY (`category_id`) REFERENCES `categories` (`id`)
) ENGINE=InnoDB AUTO_INCREMENT=37 DEFAULT CHARSET=utf8 COLLATE=utf8_unicode_ci;
/*!40101 SET character_set_client = @saved_cs_client */;

--
-- Dumping data for table `posts`
--

LOCK TABLES `posts` WRITE;
/*!40000 ALTER TABLE `posts` DISABLE KEYS */;
INSERT INTO `posts` VALUES (1,2,'Rem facere dolore voluptates recusandae itaque alias hic distinctio quisquam non qui occaecati nulla.','distinctio-velit-recusandae-ipsum-esse-itaque','Repellendus qui minima unde. Quo quae officia corporis mollitia minus vel velit. Hic voluptatem explicabo magnam fuga. Nihil sequi vel unde qui. Facilis sit nesciunt nostrum soluta nisi impedit. Doloremque cum eum quis sapiente. Numquam atque culpa est voluptas qui modi ex.','Veritatis aut porro laudantium. Et dolor totam at quae voluptatem voluptatum. Sequi rerum qui assumenda fuga vitae fuga quidem et.\n\nNon saepe nesciunt necessitatibus consequatur suscipit distinctio velit. Accusantium sed quas dolore ut corrupti. Aliquam ipsam consequuntur corrupti molestias quia.\n\nIllum sit iure ut temporibus deserunt perferendis provident. Quisquam animi eos fugit error exercitationem omnis. Est aut necessitatibus odit.\n\nQuia culpa cupiditate in maiores deserunt non illo et. Et excepturi dolorem non placeat. Minus vel facilis nesciunt. Eum fugiat quibusdam nobis excepturi quasi rem sint molestiae.\n\nBeatae maiores culpa sed quas dolor ipsa. Et ad vel laudantium consequatur nesciunt nobis iste. Pariatur temporibus culpa repudiandae pariatur maxime placeat. Et enim reprehenderit laudantium error accusantium maxime at.\n\nFuga similique asperiores expedita autem fugiat. In ut debitis ut pariatur quia at praesentium. Assumenda vero omnis alias dolorum earum non.\n\nAut nihil harum delectus id odio est. Rerum quia est excepturi nam ut et.\n\nProvident est est repellat unde est ex sunt. Unde eligendi quos eos autem incidunt placeat eaque. Error distinctio quis aliquam consequuntur autem. In et eligendi quia earum velit.\n\nCorrupti earum corporis ratione quis distinctio facilis. Nostrum et nisi adipisci saepe libero ullam dolorem. Autem labore eum qui porro sed rem. Ducimus necessitatibus adipisci aut.\n\nFuga ex ut voluptatum magni et adipisci. Doloribus iure nostrum perferendis dolor. Assumenda sequi quia omnis impedit error facilis.\n\nAut ipsa eveniet numquam est. Aut delectus non est non. Quia harum nihil nostrum.\n\nTenetur eos numquam saepe eum porro sit. Repudiandae rerum cum nam. In et corrupti eum impedit quidem aut odio non. Voluptas tempore nisi porro et nisi facilis placeat. Consequatur ipsa ratione nam quidem sed temporibus quis.',NULL,'2018-09-29 11:01:13','2019-09-21 02:42:35','2018-09-29 11:01:13',5,103,NULL),(2,2,'Et veniam ab ab eos neque.','adipisci-corrupti-et-numquam-non-recusandae-ut-amet','Esse illo laudantium odit nihil doloremque odit nihil. Delectus a beatae voluptatem. Harum sint molestiae et. Maxime rerum dolores enim at maiores praesentium quam possimus.','Quo amet id laborum in corporis. Sint sunt corporis et vel ipsam et. Deserunt illum aliquam ipsa eos ipsum assumenda aut tenetur. In nihil saepe dolorem omnis et nisi.\n\nEum quae excepturi animi rem qui soluta. Sed nihil error porro et eum. Numquam eum nobis corporis repellendus. Aut sed ut a voluptas. Voluptatem nesciunt eveniet possimus nihil ad enim.\n\nDolor et aliquam qui voluptatem enim numquam accusamus. Quidem consectetur est sint architecto facilis. Sint ratione ut in qui. Nisi aut quia ipsam esse natus aut.\n\nAperiam natus qui illum eos autem dolore. Sint incidunt id sit. Eos necessitatibus quos tempore sunt. Et officia in ea amet.\n\nIusto eligendi laudantium sit omnis. Et doloremque eligendi itaque molestias. Aliquid nisi aut possimus distinctio autem excepturi. Ut voluptas sed est dolor similique.\n\nOdit voluptate voluptatem sint et omnis autem neque reprehenderit. Eum voluptatum rerum recusandae ducimus dolores sequi reprehenderit consequatur. Ducimus hic velit aspernatur doloribus laborum et porro. Ea distinctio maiores est quidem quam.\n\nVel quia omnis est. Voluptate voluptas quo hic eligendi cupiditate. Pariatur facere doloremque commodi quis.\n\nEa harum tempore natus odit aut beatae eligendi. Architecto deleniti et omnis nisi sapiente. Nam qui molestiae quam sed mollitia sunt. Unde asperiores quisquam ullam eveniet itaque.\n\nPraesentium maiores voluptate quia ut. Aut saepe officiis assumenda porro et quasi. Vel sed officiis et nisi dignissimos laborum molestiae. Odio consequatur voluptatem et reiciendis vitae eos.\n\nUt repellat tempore voluptas qui. Molestiae quisquam error sit quas. Non inventore ut consequuntur cum maxime vel est.\n\nTempora dolores id consectetur aut. Et accusamus distinctio voluptate quis neque accusamus illum dolorem. Nobis error consequatur at consequatur aut nihil est. Quibusdam provident ipsa voluptas ut libero.',NULL,'2018-10-09 11:01:13','2019-09-21 02:42:35','2018-10-09 11:01:13',4,33,NULL),(3,2,'Dignissimos labore sequi explicabo quis voluptatem aliquam.','sed-est-qui-eum','Maxime aliquid qui ab blanditiis distinctio numquam soluta. Molestias fugiat earum tempora dolor.','Temporibus reprehenderit et ea provident atque quis. Blanditiis sint et et velit debitis in id. Natus molestias corrupti iusto aut quidem numquam sit.\n\nUt est inventore ipsum eum. Quia inventore amet quia dicta. Assumenda porro quae amet consequuntur. Dolorem sunt aut magni reprehenderit.\n\nSint maxime quo sint id itaque eos ex. Laborum enim et eaque et ut. Aut corrupti consequuntur dolorum voluptates. Repudiandae velit libero et quia corrupti.\n\nNatus corrupti sunt consequatur atque repellendus. Accusamus ipsum non voluptates sunt.\n\nVel odio dolores labore magni deserunt. Fugiat maxime nostrum doloribus aut deserunt dolorem inventore aut. Quae magni dignissimos a eos non.\n\nFacilis eum ex sed excepturi. Laudantium soluta voluptatum adipisci sint aut necessitatibus. Ut qui aut voluptatibus veritatis distinctio id voluptatum.\n\nRepellat dolorem omnis deserunt sapiente qui omnis ut. Consequatur sit sunt rerum eius quae quod consequuntur. Qui et enim earum.\n\nEum eveniet in et asperiores. Atque ut quidem quas eum. Facere esse qui blanditiis perspiciatis exercitationem asperiores repellat.\n\nConsequatur porro laborum aspernatur porro a sapiente. Sit autem qui non laboriosam id corporis facere. Nesciunt doloribus facilis enim assumenda impedit. Quis sit et inventore.\n\nNumquam dolor praesentium aut labore. Commodi magni quos nulla commodi quia qui at exercitationem. Distinctio iste optio modi necessitatibus accusamus.\n\nNemo facilis velit velit expedita minima veniam qui tempora. Assumenda provident consequatur earum placeat aut ipsum vitae. Voluptas dolorum aut quidem illo consequuntur repudiandae. Eum ipsam ad illo porro velit quidem voluptas.\n\nRerum sequi magnam est illum vel est. Praesentium nihil deleniti occaecati labore odit aliquid id. Enim qui et blanditiis repudiandae. Dolores et quod iure officia.',NULL,'2018-10-19 11:01:13','2019-09-21 02:42:35','2018-10-19 11:01:13',1,103,NULL),(4,3,'Sunt voluptatem totam nostrum eum nihil voluptas sint voluptatibus.','nam-iure-aut-id-sed-nihil-omnis','Sapiente quia voluptatem eum aut quia iure et ab. Non enim aut velit exercitationem vitae. Molestias vel inventore minima blanditiis. Sint voluptate expedita voluptatibus quae. Numquam veritatis ducimus autem laudantium.','Dolores quidem soluta sed pariatur voluptatem. Ducimus commodi similique ut est quae aut tempore laborum. Aliquam architecto aut earum ex voluptas aut. Itaque unde et id corporis vel non animi consequuntur.\n\nRepellat est quod quod. Deleniti cumque ex officiis.\n\nNobis beatae non eius doloremque enim impedit. Quia sed quasi optio laudantium eius et. Aspernatur corporis architecto modi.\n\nNumquam consequatur ad voluptates. Vero placeat ut non dolorem et minus maiores. Officiis reiciendis est sed voluptatem ut sint totam.\n\nRatione dolorem qui et et temporibus. Odio quo impedit aut et ut quia architecto. Voluptatem tempora aut autem nisi voluptates. In facere adipisci tenetur similique voluptatibus.\n\nSuscipit molestiae officiis ad qui perspiciatis facilis. Est aut dolor laboriosam. Animi fuga fuga est doloribus quo sed.\n\nVelit est sapiente consectetur recusandae animi quod. Quam animi cum magni occaecati ea enim. Repudiandae autem et veniam nihil sit sit exercitationem deleniti. Maxime quo minus est voluptate omnis dolor enim. Possimus voluptas culpa voluptatibus rerum ut perferendis.\n\nAut adipisci modi facilis inventore qui ea iure. Possimus quisquam libero placeat rem expedita. Sapiente vel aut a optio atque.\n\nDeserunt natus est velit est. Aut dicta eaque quis placeat. Placeat ut voluptas quis natus ut quam autem. Labore excepturi quo aut in.\n\nEveniet quasi repudiandae inventore iusto et inventore. Nihil eligendi quaerat est sunt.\n\nQuis sed asperiores consequatur perferendis voluptatem. Possimus sed qui perferendis et et. Expedita a vel dolorem optio non quibusdam. Harum aut tenetur doloribus necessitatibus. Unde neque dolor sunt nihil ipsum quia modi aliquid.\n\nVeritatis natus asperiores in non cumque laborum. Itaque culpa ut culpa deleniti sint dolorem. Consequatur ut et possimus omnis vel fugit dolore. Corrupti eos voluptatem cum dolore aut nihil nobis occaecati.\n\nSequi ipsa vitae voluptatem omnis ut. Voluptas distinctio non totam ex est dolores.\n\nSint in quo facilis autem est aut quibusdam. Quas dolorem qui placeat consequatur.',NULL,'2018-10-29 11:01:13','2019-09-21 02:42:35','2018-10-29 11:01:13',3,83,NULL),(5,2,'Eos dolorum vel rerum molestiae repellendus accusamus iste placeat.','officia-est-quis-doloremque-aut-voluptatem','Sunt sit hic cumque et vero quo ea. Est est quia maiores sit. Quia molestiae omnis quidem consequatur et et.','Explicabo ipsam ab provident doloribus et laborum architecto. Similique perspiciatis sapiente illum et voluptas. Necessitatibus iste maiores dicta libero accusantium provident eos.\n\nQui et inventore expedita quia porro ea. Suscipit cum nesciunt molestiae necessitatibus recusandae omnis non. Vel rem provident nostrum laborum optio fugit minima. Quia ut alias consequatur itaque aperiam.\n\nDignissimos saepe ut neque dolores dolor facilis deleniti. Omnis iste velit aperiam dignissimos minus. Qui sint dolor a iure et et id.\n\nSed omnis ut nihil itaque non facilis. Culpa recusandae et nulla illo. Labore debitis dolore omnis facilis ipsam tenetur. In possimus tempora reiciendis quaerat tenetur unde quae. Mollitia necessitatibus maiores beatae autem iure.\n\nPossimus deleniti soluta nihil. Et adipisci reprehenderit dicta doloremque.\n\nOmnis rerum qui quis. Praesentium fugit laboriosam blanditiis quaerat beatae. Laborum ipsam est voluptatem id nemo velit deserunt nulla.\n\nReprehenderit voluptate esse non hic veniam voluptatem et. Sed neque temporibus est iusto. Magni aliquam eligendi facere ad sequi.\n\nAt ab ipsum hic quas officiis. Quod veritatis provident est eum et architecto. Velit sequi earum distinctio nihil in distinctio.\n\nUllam vitae incidunt error non beatae voluptates iure. Quia velit optio nisi rerum. Doloribus soluta possimus et doloremque est impedit voluptatem. Voluptatum ipsum tempore voluptas est consectetur.\n\nExcepturi sed et ut qui odit quam ipsam. Qui qui ut cumque similique repudiandae velit. Inventore autem et ut nihil velit. Quam eos nihil error odit voluptatum sunt.\n\nDebitis commodi sunt quod esse sit iste aspernatur. Quasi laborum enim rerum sit omnis cupiditate. Consectetur atque sunt voluptatem ad. Ipsa at qui esse nihil numquam sequi ut.\n\nImpedit est ipsa eaque consequuntur ut. Vitae nostrum aut pariatur voluptate aperiam asperiores. Error debitis ut sed saepe sapiente eos qui eveniet. A dolor ab omnis consectetur reprehenderit est explicabo.\n\nQuasi veritatis veniam unde earum aliquam rerum pariatur. Dolorum culpa in a labore velit velit aut unde. Aut quidem dolorem libero adipisci sapiente amet aliquam. Et et officiis dolores sed dolores rerum molestiae.\n\nVel qui non perferendis repellat quibusdam dolore. Et illum sequi voluptatem. Aut eligendi facilis non rem. Nemo rerum impedit animi ea ipsam rerum qui.','Post_Image_3.jpg','2018-11-08 11:01:13','2019-09-21 02:42:35','2018-11-08 11:01:13',2,63,NULL),(6,1,'Libero eveniet aut excepturi perferendis quisquam aperiam dolorem consequatur quasi aut eveniet quis sint quisquam.','et-et-ut-voluptatem-fugit-qui-cum','Cupiditate perspiciatis esse consequuntur qui sed. Provident dolores qui debitis. Distinctio earum nobis repellendus corporis.','Quod dolorem laudantium ipsa sed. Eveniet nesciunt dolorem deleniti explicabo saepe excepturi. Fugit consequuntur et minus placeat consequatur consequatur. Mollitia praesentium numquam deserunt.\n\nVelit vel quo vel recusandae. Amet blanditiis earum dolorem in esse eos. Ipsam nihil sed ut et ratione. Incidunt est quia et deserunt eum hic at.\n\nEt eaque eaque pariatur necessitatibus numquam doloribus nihil aut. Dolore cum tempore eum eius magnam enim recusandae laborum. Ex ducimus est similique eos. Perferendis iure numquam qui id ut. Perspiciatis id rem eius.\n\nVel quo ducimus quidem reiciendis. Delectus laudantium illo libero neque blanditiis. Id sint ad et a sint veniam. Aut nihil quasi suscipit.\n\nIncidunt earum non perspiciatis est ipsam ea et. Est nostrum molestias ut sit eveniet inventore doloribus. Facilis et ducimus possimus a suscipit.\n\nConsequuntur ipsam necessitatibus aperiam facere. Velit ut et alias aut est ut. Eum autem rerum esse error sed aut.\n\nDeleniti autem deleniti eligendi ipsum fuga eos sit. Tempore consequatur soluta reiciendis asperiores doloremque non autem qui.\n\nNihil ut occaecati est qui illum. Recusandae quia eveniet officiis sed ducimus ut accusamus. Eos aut quia magni blanditiis.\n\nUt quibusdam accusamus ut amet sint. Et perspiciatis et id tempore commodi iure saepe. Aut dolores nam omnis repellendus autem corporis distinctio.\n\nQui dignissimos dolores dicta numquam voluptas. Quo aut amet atque aut doloribus et quia. Veniam non similique sunt et deserunt quibusdam.\n\nEum blanditiis molestiae laudantium est facere aut. Deleniti assumenda dolore ipsum. Eos ipsa distinctio quis nihil.\n\nPraesentium nihil doloribus doloribus. Non inventore fuga explicabo qui hic. Consequatur et officia velit est aliquid tempore ut. Earum impedit sint rerum accusantium dolores totam.\n\nIste velit quaerat qui animi eos dolorem odio. Eum non ipsam aut et autem. Distinctio vitae laudantium accusantium. Quia libero facere quae nostrum enim quibusdam pariatur eos.\n\nEos veritatis expedita excepturi quo est dolorem aut ut. Dolor nisi quasi cum velit sit rerum. Aut culpa praesentium officiis distinctio consequatur sequi. Est minus aspernatur velit doloribus et corrupti.',NULL,'2018-11-18 11:01:13','2019-09-21 02:42:35','2018-11-18 11:01:13',1,103,NULL),(7,2,'Nulla qui quis pariatur suscipit esse ut qui praesentium qui alias tenetur quam.','explicabo-officiis-illum-enim-placeat-molestiae-nisi','Iure error optio et et ratione quasi quia. Pariatur repellendus porro atque et autem velit. Officia repellat unde autem.','Excepturi error quasi nulla earum officiis. Modi reiciendis iste nam quia. Esse nisi minus qui odio tenetur voluptatem ut.\n\nCulpa quia ut adipisci. Quas et alias rerum exercitationem. Occaecati consequatur temporibus dolor voluptas architecto qui.\n\nCum qui sint deleniti et. Ex ad eligendi libero animi ipsam deserunt. Et molestiae est officia placeat tempore mollitia illum. Hic velit consequatur nemo quia occaecati. Sint impedit voluptatem libero quis aut quam.\n\nCorporis et quo aut sed nam et. Ducimus temporibus autem voluptatem earum. Consectetur cum vero repudiandae ratione ducimus necessitatibus quis ipsum.\n\nNatus autem hic saepe aut harum doloremque aut. Et sed laboriosam blanditiis cumque laboriosam tenetur cum reiciendis. Aut accusamus ratione eaque assumenda nesciunt.\n\nTemporibus magnam est modi necessitatibus debitis. Dolores sed cum dignissimos deserunt. Cum qui at accusantium et unde. Porro omnis itaque hic sequi quo similique consequatur.\n\nSaepe architecto similique voluptatum ipsa. Aut non sint ut ut ut quia. Rerum esse aut ut amet vitae nihil enim. Perspiciatis ipsum voluptatem laudantium velit nihil quis.\n\nReprehenderit aliquam labore deserunt quo nam beatae saepe numquam. Quia ad neque molestiae ex harum est. Nam laboriosam ab eos laborum fugiat voluptate earum. Earum sed velit ab perferendis.\n\nFacere aut eveniet accusamus illo. Perspiciatis repellat architecto sit aut doloremque. Repellat illum quasi aliquam vero et adipisci et. Iure ut ea aspernatur ut rerum maxime adipisci.\n\nQui id accusantium id eum est ipsum natus est. Magnam occaecati animi qui dolores voluptas sed. Unde blanditiis quasi laborum commodi.\n\nHic est corporis est vel voluptatem veniam dolorem. Sint cumque laborum excepturi sed rerum qui. Ut nulla aliquam enim veritatis labore. Explicabo nulla nostrum ratione voluptas dolor mollitia.\n\nAtque omnis corporis cumque ut maxime ab. Deleniti quos et enim nobis neque autem rerum. Vel consequatur tempore dolorem. Enim aut ratione quis magni animi.','Post_Image_2.jpg','2018-11-28 11:01:13','2019-09-21 02:42:35','2018-11-28 11:01:13',4,53,NULL),(8,1,'Optio asperiores tempore qui ab quos eaque.','consequuntur-esse-iusto-quod-impedit-quis-aut','Nemo optio sit in consequatur. Blanditiis voluptatem sit praesentium autem ipsam explicabo aut sunt. Placeat labore dolorum harum eaque qui unde. Quis aliquam eum ex ratione sed consequatur mollitia alias.','Eos accusantium voluptatem illo nobis rem ut. Quod ut minima voluptatem non quaerat aut. Ea quam ut voluptates provident iste. Illum eum eius sed.\n\nAsperiores ut quia est sed dignissimos repudiandae. Cum ducimus excepturi voluptatem dolores. Sapiente voluptate quae quis molestias iure eos ea.\n\nEa recusandae sit culpa qui et sed magni odit. Cumque modi modi sunt vel.\n\nDolor nihil modi possimus atque nobis tempore. Ipsa consequatur repellendus et. Impedit perferendis provident placeat. Qui quia corporis optio sequi ducimus.\n\nVero ab vel et recusandae velit eos modi. Et itaque et amet doloremque. Aut rerum unde aut deserunt.\n\nSed est aut temporibus saepe. Est nemo sunt voluptatem officia omnis ullam accusantium placeat. At expedita modi perferendis laudantium.\n\nArchitecto adipisci nostrum optio minima repellendus exercitationem molestias quia. Consequatur earum aut numquam et reprehenderit aut ut. Ex error est quisquam reiciendis vitae est dolorum.\n\nConsequatur qui accusamus aspernatur deleniti non qui. Nisi consequuntur sit qui officia dolore. Dolor officia iste illo harum. Nihil praesentium omnis aut ab aut omnis.\n\nVoluptatibus maiores et odio aut veniam nobis qui. Debitis eaque aut dicta placeat. Ut voluptas blanditiis voluptas nemo.\n\nRerum consectetur magni dolor voluptatem quasi quam. Adipisci eos et voluptas asperiores sunt. Doloribus ut totam distinctio nulla nisi.\n\nSint hic nihil omnis incidunt nulla cupiditate. Et maiores et soluta labore. Voluptatem voluptas facere facere cumque incidunt qui odit.\n\nNostrum pariatur ipsa dolorem illo quo. Blanditiis cupiditate similique ab commodi. Ullam rerum eius odio id consequatur.',NULL,'2018-12-08 11:01:13','2019-09-21 02:42:35','2018-12-08 11:01:13',2,63,NULL),(9,3,'Repellendus itaque odio quaerat omnis eos maiores occaecati rerum voluptas tempore hic.','qui-error-dolorem-quis-voluptatum-ea-enim-odio-qui','Cum odit maxime ex dicta occaecati. Et aspernatur fugiat voluptatem quia vero et voluptate. Iusto deleniti cumque autem. Qui nobis quis perferendis voluptatem facere expedita.','Dolor aperiam quia dolorum dolorem voluptatum molestias et aut. Sint occaecati in est nobis nostrum et. Aut doloribus dolorem quo.\n\nIn qui cumque cumque labore qui. Ducimus enim veniam amet odit et nam. Tempore voluptates similique sed vero dolor ipsum.\n\nIn deserunt non quas vel ut. Non sapiente eveniet recusandae aliquam veniam. Voluptatum alias tempora atque.\n\nItaque ratione quae eveniet placeat. Ratione quo maiores est autem inventore id.\n\nMagnam adipisci dolores voluptate et non vel vitae. Nisi officiis dolorem ut et molestias. Ipsum eaque voluptatem aut architecto reprehenderit. Consequatur quia debitis sequi inventore laudantium accusamus.\n\nVero eligendi possimus qui voluptatem totam. Tenetur et perspiciatis sint. Iusto aliquam numquam consequatur laboriosam omnis.\n\nArchitecto asperiores nostrum quia. Illum libero rerum vitae tempore tenetur qui. Itaque quis omnis dolor voluptatem quis. Amet quisquam consequatur fuga repellat.\n\nUt excepturi expedita vero id. Id et molestias eum adipisci rerum architecto quia. Voluptatem quia qui totam cum adipisci hic et. Dicta aut perspiciatis eligendi qui.\n\nIn harum occaecati atque unde est. Molestias exercitationem ut et. Voluptatem quia quis sunt. Maxime facilis qui consequuntur veniam ex est.\n\nIllo velit quaerat quas atque. Assumenda quidem ut nihil molestiae.',NULL,'2018-12-18 11:01:13','2019-09-21 02:42:35','2018-12-18 11:01:13',2,73,NULL),(10,1,'Reiciendis aut voluptatem at occaecati dolore et nobis.','qui-ducimus-deleniti-debitis-saepe','Ut atque ut amet ea voluptate assumenda. Excepturi aut molestiae sit dolores deserunt. Voluptas velit numquam sequi dicta voluptates delectus. At optio vel quia ea et alias nemo quaerat.','Est animi aperiam perferendis similique. Ratione dignissimos minus hic laudantium ducimus nihil autem. Ducimus deleniti nihil quia deleniti alias commodi.\n\nTempore modi et repudiandae est. Exercitationem vitae excepturi numquam nesciunt facilis.\n\nConsequatur cum totam omnis voluptatem nisi sit incidunt. Aut maiores cum ipsa facere quam tenetur a. Eius consectetur architecto rerum.\n\nUt rerum voluptatem qui. Vero minus ut consequuntur perferendis eius. Tenetur doloribus expedita asperiores quia occaecati est qui aliquam. Quis ut architecto magni vel debitis ex qui laborum.\n\nCorrupti ex asperiores corrupti amet et magnam sunt. Sint rerum placeat placeat delectus ducimus cupiditate corrupti. Consequatur et et possimus qui magni in. Aperiam pariatur consequatur non ullam dicta enim.\n\nCupiditate recusandae assumenda quia quia ea ea quos. Accusantium dolore recusandae assumenda qui dolore et. Soluta sint eum magni quam dolorem numquam. Et qui provident et eius et enim dolor.\n\nVitae amet aperiam officiis temporibus similique ullam. Commodi ad sed ex iure eos. Voluptas sunt adipisci delectus officiis esse. Error rerum aut sed porro dolorem voluptatem ea voluptas.\n\nQui non et cum vel qui quis et. Perferendis aut aut dolor in labore. Rem unde aut saepe corporis voluptas error laudantium officiis.\n\nQui amet ut inventore qui. Cumque inventore blanditiis rerum nostrum aspernatur perferendis assumenda. Dolore eos quia aliquid quis fugiat.\n\nDistinctio aliquam ducimus officia aperiam deleniti ullam. Consequatur et eligendi officia omnis quisquam.',NULL,'2018-12-28 11:01:13','2019-09-21 02:42:35','2018-12-28 11:01:13',1,93,NULL),(11,3,'Eligendi sint sunt voluptatem a inventore vitae excepturi.','non-qui-adipisci-voluptatem-saepe-similique-atque-quaerat','Et quibusdam quia occaecati nobis. Voluptas perferendis molestiae rerum. Qui id asperiores sit est qui nihil. Mollitia minima sint omnis eos rerum quia omnis dolore. Veniam ut deleniti accusamus ratione. Est vitae minima maiores vel quas expedita.','Iusto incidunt sit nihil perferendis. Sapiente illum blanditiis nihil illum. Vel est magni et earum earum quaerat rerum.\n\nNon voluptatem laboriosam ea animi exercitationem saepe repellendus. Vel quo aut saepe magni quo cumque et. Exercitationem vel sunt qui nulla voluptas fugiat. Et aspernatur facere ab eius sed enim non non.\n\nNeque sed modi non illum nihil. Expedita nostrum neque blanditiis eum sunt in modi. Dolor consequatur cumque qui quos in excepturi repellat.\n\nVoluptatibus nemo sapiente est minima delectus quae accusamus. Quo quaerat laudantium eos qui recusandae. Facilis eveniet voluptatem tempora iure dolores consequuntur.\n\nBeatae a excepturi voluptates sed omnis. Possimus voluptas sint qui delectus. Et aut at consequatur voluptatum. Asperiores rerum sit debitis beatae.\n\nQuas doloremque iste velit ea voluptas dolores. Officiis eum qui rerum veniam iusto. Inventore quod qui eos velit commodi.\n\nQuisquam aliquam facilis nihil fugit. Voluptas harum temporibus accusamus cupiditate deserunt est impedit. Eum voluptate cupiditate et molestiae. Eaque minus illum alias eligendi et fugit dolore ea.\n\nFugit illo culpa est non corporis et ut. Quas est omnis ad a nam. Voluptas omnis aliquid id eius est.\n\nIllum quo voluptatem illo qui. Aspernatur eius et saepe et. Aut eveniet mollitia numquam velit qui eius.\n\nDelectus dicta tempora et corporis et quia sint. Ipsa nulla aut animi. Rerum corporis repudiandae doloribus aut qui. Hic natus laboriosam voluptas corporis.\n\nOptio voluptatibus rerum explicabo delectus sapiente. Natus vel quod quia vitae. Numquam dolor ad hic eaque alias. Omnis et unde qui et suscipit non est quia.\n\nExpedita ut autem nobis vel et officiis itaque perspiciatis. Et dolorem repudiandae inventore aut tenetur facere. Quos sequi rerum cumque soluta. Autem qui nemo odio sapiente. Facere aut dolor occaecati impedit aspernatur.\n\nQui omnis alias asperiores dolore. Non veniam autem sapiente fugit consectetur dolorem molestiae. Velit vero inventore quia ipsa cupiditate quas aliquam. Et totam ratione dolorum itaque magnam.\n\nFacere nesciunt molestias voluptatem recusandae possimus consequuntur provident. Dicta sint eius est explicabo. Vel autem reprehenderit numquam velit eos quisquam.','Post_Image_2.jpg','2019-01-07 11:01:13','2019-09-21 02:42:35','2019-01-07 11:01:13',3,33,NULL),(12,2,'Consequatur minus optio quod non itaque quisquam distinctio quis magnam magnam deserunt est.','molestias-officiis-nihil-cumque','Laborum aperiam sapiente non excepturi. Dicta repellat eligendi quae eum necessitatibus fuga repellat. Omnis et tenetur nisi mollitia rem rerum in sunt.','Laudantium eum et consectetur laborum in eos. Voluptas ipsa aliquam consequuntur ea sint vero.\n\nIpsum sed illo dolore natus autem quo libero. Adipisci architecto maiores quia molestiae. Autem culpa voluptatem ullam blanditiis id. Temporibus quisquam officiis quam non eum mollitia.\n\nQuo ea qui id dolorum. Sunt repudiandae facilis quia accusantium. Sapiente quaerat iusto quo et. Quis nemo qui quidem magni.\n\nEt ea non est voluptate minima. Dolor et labore necessitatibus quis voluptas quasi magni. Optio voluptatem quae tempora ullam id natus eveniet.\n\nTemporibus vel laboriosam doloremque placeat est reiciendis. Eos eligendi voluptatem ipsa assumenda at quidem. Voluptate praesentium et dolorum labore sit cupiditate mollitia.\n\nProvident dignissimos eaque eaque. Totam iste blanditiis ipsum velit maxime reiciendis. Molestiae qui neque perferendis corporis vel.\n\nAt architecto impedit distinctio quo quibusdam. Repudiandae in eum vitae labore omnis alias eaque. Vero ab amet voluptatem. Minus a explicabo amet.\n\nDolorem consequatur architecto quidem fugiat voluptatem. Ad eum dolorem error consequatur eius. Accusamus enim ut nesciunt distinctio quod numquam.\n\nEligendi rerum labore aliquam et. Quia facilis illum vero et magnam. Modi quo deleniti sunt quasi cum et. Ex quis voluptatem quasi assumenda qui optio.\n\nRem autem exercitationem iusto quia doloremque facilis sit. Nihil recusandae repellendus maxime odio quod dolor id cumque. Quas dolores tenetur nam. Velit ipsum libero perferendis qui occaecati.',NULL,'2019-01-17 11:01:13','2019-09-21 02:42:35','2019-01-17 11:01:13',5,73,NULL),(13,3,'Ut non quia quas rerum molestiae.','reprehenderit-sit-et-non-rerum-cupiditate','Et fuga qui voluptatem mollitia perspiciatis et. A consequatur enim sit qui.','Natus architecto necessitatibus rerum fugiat. Quos a nam quasi sunt cum sit quia. Iure quia quia molestiae praesentium officia.\n\nSit quis autem maxime. Natus maiores non laudantium qui facilis. Dolorum dolorem nemo atque ipsam dicta dignissimos. Pariatur praesentium sit voluptatem laudantium at voluptas.\n\nSed nesciunt dolor autem qui eos magnam. Nihil consequatur numquam amet soluta aut molestiae laudantium. Accusantium sequi nobis sequi impedit.\n\nQuae consequatur consequuntur perferendis odio aliquid. Ipsum accusamus ipsa soluta eaque nesciunt soluta eius. Et hic odit molestias neque.\n\nAut nihil sed dolor cum earum. Recusandae assumenda quia nostrum nihil. Et ipsam dolor officiis possimus fugiat corrupti.\n\nIusto quia maxime laborum pariatur enim aut nesciunt et. Officia laudantium non quos et aut qui. Quasi non et id qui inventore. Ex quos possimus consequatur quo. Sit voluptatum reprehenderit quidem quia hic est.\n\nMagnam veniam id vero optio id. Sed sunt doloribus voluptas architecto molestiae. Rerum quia eos eos officiis eligendi ullam quos. Deleniti accusantium est aut libero quaerat molestias accusamus.\n\nQui reiciendis enim aspernatur. Maxime est blanditiis autem distinctio quod iure aut. Et laudantium quisquam neque voluptatem aliquid sint sed.\n\nOdio rerum praesentium et voluptate occaecati cumque. A quia aliquam tempore quidem veritatis qui. Vel consequatur provident consequatur.\n\nAut quasi aut rem placeat nulla similique facilis. Eveniet dolorem quidem eius laudantium iusto et modi.\n\nNon expedita recusandae impedit rerum repellat. Similique mollitia perspiciatis ab deleniti. Possimus eum qui libero alias saepe officiis corrupti optio. Non error facilis assumenda tempore voluptas tempora et est.','Post_Image_4.jpg','2019-01-27 11:01:13','2019-09-21 02:42:35','2019-01-27 11:01:13',3,63,NULL),(14,1,'Eum rerum tempora labore reprehenderit molestiae a dolorem commodi.','commodi-est-quae-ab-distinctio-ducimus-maiores-ad-natus','Harum explicabo officiis aperiam dolore impedit. Deleniti et voluptatem similique et qui omnis soluta cupiditate. Voluptas quasi aliquam sit et. Et maiores voluptatem quae. Modi quibusdam maiores delectus. Fuga odio quis nisi fuga officia itaque aut. Dolores neque et ea vel alias.','Ea voluptatum ipsum quae earum consectetur ullam. Sit nostrum a est numquam temporibus. Nostrum molestias consequatur id enim incidunt. Ipsa laboriosam harum consequuntur aut saepe.\n\nEt quia commodi aut neque ut. Consequuntur aut ex iusto incidunt illum nisi soluta. Enim consequatur tempore in nulla impedit.\n\nMolestias delectus sapiente quibusdam dolore esse consequatur vero. Quae molestias hic sunt et expedita. Corporis modi officiis consequatur aliquam quisquam voluptatem. Assumenda quidem rem culpa ut quas. Dolore soluta laboriosam modi nihil.\n\nDoloribus tempore nulla est. Inventore excepturi alias numquam sequi. Nihil laborum quas tempore reprehenderit quas quas commodi.\n\nOdio suscipit natus quia repellendus sit eveniet aut sed. Assumenda iure voluptatem maiores expedita. Voluptatibus error et consequatur voluptatem inventore laborum. Culpa repudiandae eos dolorem quia esse qui tenetur.\n\nEt sed tenetur et dolor est vel sit. Cupiditate sed perferendis in voluptatem.\n\nMolestias praesentium in accusamus sit fugiat deserunt enim. Voluptatem consequuntur ab qui. Voluptas magni dolorem excepturi repellat accusantium veniam similique.\n\nEst id in quas totam in quia eum. Alias hic dolorem consequatur. Rerum laudantium distinctio modi excepturi consequatur numquam nemo voluptatem. Eius illum praesentium modi nihil facilis dolore vel.\n\nReiciendis qui quas magnam eveniet omnis id quo. Non soluta aut fugiat consequatur. Nobis necessitatibus sequi distinctio voluptatibus. Eveniet ullam illum ut ut.\n\nAutem ratione voluptatem ducimus. Magni perspiciatis vel accusamus illo. Blanditiis suscipit nihil eligendi natus.\n\nReiciendis molestias et maxime expedita quisquam. Eligendi rerum alias quia hic sapiente minus sit. Architecto cumque voluptatum qui aut officia vel omnis.\n\nAnimi recusandae nobis aliquid debitis qui odio distinctio. Odio asperiores quia illo eius explicabo.','Post_Image_2.jpg','2019-02-06 11:01:13','2019-09-21 02:42:35','2019-02-06 11:01:13',2,83,NULL),(15,2,'Consequatur doloribus dolorem et atque nesciunt optio id doloribus aliquid officia dolores.','eius-sint-sunt-tempore-laborum-blanditiis-ea','Voluptatum quia atque quo tempora consequuntur amet qui itaque. At est ex reprehenderit maiores. Ullam dolorum aut non quis veritatis praesentium.','Est neque ut et atque. Qui ut et placeat repudiandae cum praesentium odio. Alias sint eum est dolores qui. Perspiciatis voluptates mollitia eum cupiditate omnis non.\n\nMollitia error at possimus animi et. Sed dolores vel nam ut esse atque velit. Optio vel maiores possimus libero soluta qui deserunt.\n\nAsperiores quia autem deleniti cupiditate distinctio ut. Eum quasi quam laboriosam asperiores unde. Corrupti fugit libero ut officiis aspernatur saepe aut.\n\nAmet qui voluptas iure earum. Provident animi maxime dolorem eum soluta odit pariatur tempore. Accusantium quia velit aut impedit ducimus magni dolores. Occaecati delectus magni non nihil velit non nesciunt quia. Qui non quibusdam sint nulla libero sit in.\n\nTemporibus laborum quisquam velit cum qui itaque ut. Veniam temporibus aliquam impedit numquam eos quaerat expedita. Expedita voluptas voluptatibus et sed nemo nam dolorem. Possimus id sit sunt voluptates velit et ea.\n\nId ducimus quasi saepe maxime. Odio quia et debitis excepturi autem. Quisquam sunt ea nihil mollitia repellat. Sunt ab molestias tenetur nostrum dignissimos est animi.\n\nCorrupti facilis nihil asperiores recusandae. Ad dolores tempore saepe. Et iure eos possimus rem nisi consequatur. Id sit odio placeat dicta. Quibusdam sint enim id est quo.\n\nSequi molestias iusto sint maxime omnis expedita distinctio. Ipsam ut quo eum ipsum quae magnam. Occaecati est porro id quia et. Pariatur nobis voluptatibus expedita quis.\n\nNecessitatibus vel sunt consequatur consequatur qui sunt placeat. Quisquam molestiae numquam ratione labore.\n\nAtque et molestiae cum aliquam. Ullam praesentium minima quasi suscipit. Recusandae nesciunt beatae ut aspernatur iure molestiae. Fugiat velit neque itaque repellat asperiores ex et quia.\n\nRepellendus eius qui eius voluptates voluptatum. Impedit fugit a aut nesciunt alias debitis autem voluptas. Explicabo aut saepe architecto repudiandae reiciendis consectetur quis.\n\nUt enim excepturi voluptatibus perferendis. Corporis aspernatur culpa nisi quae. Id perspiciatis recusandae dolorem a non nobis adipisci molestiae.\n\nAssumenda iusto perspiciatis libero qui laborum rem ad. Quo enim qui atque reiciendis ut fugiat iusto. Eius quia et et quam vero numquam voluptatibus.','Post_Image_1.jpg','2019-02-16 11:01:13','2019-09-21 02:42:35','2019-02-16 11:01:13',3,73,NULL),(16,2,'Eum ut natus dicta fugit animi omnis itaque consequatur sit repellendus labore.','et-id-distinctio-in-numquam-non-non','Cum qui nam vitae fugiat. Cumque rerum dolor fugit velit dolores voluptatem. Eum voluptatem culpa neque quis. Incidunt tenetur in ut est ea. Dolor facere non ratione repellat qui sapiente. Voluptas occaecati ipsum vitae sunt.','Fugiat ratione ea nisi modi perferendis aut et inventore. Officia optio ut voluptatem corporis perferendis distinctio ut. Omnis rerum quia vitae sit ad magnam.\n\nMolestiae omnis accusamus dolor qui et id. Quis at repellat vitae ullam aut quibusdam error. Quia quia ut neque est dolore molestiae.\n\nQui et doloremque et non. Illo rerum nostrum perspiciatis eos assumenda laborum. Quod sit assumenda dolores rerum rerum facilis.\n\nIncidunt similique quis reprehenderit expedita et beatae doloribus. Dolores id nemo quos consectetur. Ipsa est quam sint illo id magnam non beatae. Qui optio illum minima in ullam et eum.\n\nConsectetur ea iste aut maxime et numquam a tempore. Minima sed perferendis aliquam dolor repudiandae tempore. Quasi ipsam dolores aut quos doloremque quis optio. Ut veritatis tempora corporis tempora ipsa reprehenderit ut non. Eligendi aliquam qui ducimus laudantium qui tenetur alias voluptatibus.\n\nQuia modi omnis rerum voluptas assumenda fugit. Voluptas eum totam in natus eveniet sequi. Dolore provident deleniti mollitia voluptates non est voluptatem sint. Sed laboriosam at alias quam magni.\n\nEx non quo ullam ut. Quod quos et eaque culpa architecto. Cum quaerat molestias quod ut. Quia aspernatur voluptatum unde consequuntur recusandae eos.\n\nEveniet aut occaecati in ut qui. Ea enim fuga est ipsa nisi maiores quia facere. Autem facere facere sint omnis excepturi.\n\nItaque ipsa culpa totam asperiores. Consequatur quia quod illo eum. Quo dolorem vel ea repudiandae quibusdam sit tempore. Accusamus architecto et provident nihil magni voluptas.\n\nAt rerum dignissimos voluptatum deleniti voluptatem. Voluptas eos delectus velit explicabo. Sint dicta ratione qui.\n\nRepellat commodi molestiae est asperiores modi provident et voluptatem. Ea optio molestiae ab aut eaque qui molestiae qui. Aut repellendus distinctio eos rem. Error magnam quam quos suscipit.\n\nDucimus suscipit impedit sapiente dignissimos nobis eos ipsa. Quo debitis ea est et beatae. Quaerat facere vel quia consequatur cupiditate dignissimos ut. Consectetur asperiores perspiciatis dolorum.\n\nAutem sed est nemo adipisci veniam ut voluptatem. Occaecati ut ducimus eos ea eveniet. Qui nihil non iusto quae.',NULL,'2019-02-26 11:01:13','2019-09-21 02:42:35','2019-02-26 11:01:13',5,83,NULL),(17,1,'Qui ut qui ullam voluptatem perspiciatis esse fuga sint mollitia dolorem aut quis similique.','voluptas-cum-saepe-aut-est-illo-excepturi','Rerum corrupti temporibus quia sequi at asperiores non eos. Architecto placeat nihil quos. Vel quas atque quos natus eligendi sint.','Vero soluta alias iure fugiat ab eos a. Aut architecto rerum neque ut illo maiores. Quia tempora aut deserunt beatae aspernatur. Nemo harum cupiditate ut ut.\n\nFacere et dolor non tempore quidem ut odio eveniet. Ab et quia eius debitis impedit quia. Aliquid qui eligendi reprehenderit tempore. Qui non et laborum provident repudiandae consequuntur quae.\n\nVoluptatem provident voluptates reiciendis ut doloribus. Aut a consequatur distinctio aut ea sed provident. Aut assumenda occaecati et quasi vel velit voluptates. Omnis quasi qui eos fuga voluptatem.\n\nAutem eveniet quaerat laudantium velit hic ut exercitationem non. Vitae delectus dolore dignissimos repellat in neque. Repudiandae sequi voluptatibus numquam quis.\n\nConsequatur vero corrupti enim qui velit. Quis ab qui magnam voluptatum quaerat omnis. Et est sit nemo inventore facilis corporis debitis cum. Voluptas et voluptatem autem ut.\n\nSint commodi dolorem voluptatum asperiores quo in hic. Autem minima voluptatem sit ex id ut. Ex minima nemo et molestiae provident consequatur ipsam. Minus praesentium qui sint rem.\n\nAsperiores repellendus ad excepturi quidem cum excepturi. Ea quisquam sapiente neque ea. Unde neque est praesentium quidem. Deserunt facere omnis iure ipsam rerum.\n\nEnim ea dolore est quis modi dolores consequatur aut. Aut veritatis vitae quibusdam est eaque nihil. Suscipit maiores accusamus aut quisquam incidunt dolorem. Rerum numquam maxime quis vitae rerum natus. Aut quam natus autem id quaerat eos.\n\nSaepe expedita maxime aut et provident. Nihil nisi et nisi nesciunt quaerat repellendus. Ut quaerat id blanditiis. Dolorum voluptatibus cumque ut exercitationem tempora omnis ut enim.\n\nIste id inventore voluptatum harum. Aliquid eligendi aspernatur sapiente aut consequatur officia repellat cumque. Odio voluptate beatae deserunt temporibus consectetur omnis expedita.',NULL,'2019-03-08 11:01:13','2019-09-21 02:42:35','2019-03-08 11:01:13',4,33,NULL),(18,1,'Alias assumenda dolores expedita et quasi impedit laborum reiciendis id.','laudantium-nobis-et-fugit-fuga-nam-quas-consequuntur','Et natus pariatur aut vero nam sapiente et et. Quidem tempore quibusdam magnam eius. Quae dolores eum quia consequatur.','Tempore sit laudantium aut voluptas facilis similique. Error quam natus exercitationem optio. Nisi tempora soluta repellat rem.\n\nQui delectus saepe quam qui mollitia possimus. Neque autem aut sapiente atque maiores voluptatem quidem. Illo hic dolorem soluta architecto asperiores nostrum veritatis.\n\nIpsam tempore necessitatibus quo non reprehenderit recusandae aut. Non dolore quidem harum quia animi totam.\n\nVoluptas minus tenetur rerum tempore dolorum autem. Ea voluptas quia reiciendis cupiditate. Rem temporibus aliquam sed quod facere suscipit voluptates. Rerum tempora qui voluptatum eligendi sit veniam error.\n\nVoluptatem repellat non harum veniam. Qui laudantium voluptatem assumenda.\n\nEos enim voluptatem et. Consequuntur sed id aperiam est perspiciatis dolorem. Dolor officiis totam nobis veniam minus eligendi necessitatibus. Eius autem facere ducimus. Laudantium eos in quisquam ut.\n\nVero corporis consectetur sunt at aut dicta illo. Libero sit sed vel earum. Et aut quo adipisci ipsum eius illo eius.\n\nVel recusandae rem dolores et eveniet voluptatum ea. Ad tempora eaque sit excepturi.\n\nPerferendis molestiae velit ut dolores rerum. Voluptas ipsam non itaque doloremque. Voluptates earum porro quis. Neque rem ex in doloribus cum inventore sunt.\n\nHic ea beatae eius enim. Autem alias adipisci praesentium veritatis ipsam sapiente numquam vel. Dolores et sit in architecto voluptatem quod officia. Repellat ut expedita dicta officiis sit.\n\nQui incidunt omnis nobis ut et. Natus est non occaecati similique ad. Neque in eos dolorum eaque.\n\nDolorem omnis temporibus sed facere neque. Commodi voluptatem labore tempora asperiores. Iure ut possimus unde itaque illo enim.\n\nReprehenderit nihil molestias ut rerum. Numquam et qui dignissimos. Est quo impedit distinctio nisi aut et voluptatem autem.','Post_Image_3.jpg','2019-03-18 11:01:13','2019-09-21 02:42:35','2019-03-18 11:01:13',4,103,NULL),(19,2,'Id id quia fugit fuga facere facilis alias officiis voluptatibus qui.','alias-omnis-neque-natus','Iste eius quis architecto blanditiis laudantium omnis. Qui architecto tempore facere ullam excepturi qui ut et. Sed quis assumenda quia doloribus odit veniam amet saepe. Quia labore minus dolorum architecto sunt expedita ipsam fugit.','Aut repellendus autem provident et commodi impedit. Aut et nihil similique est molestias. Facilis at facere culpa natus dolorem ipsam facere.\n\nSoluta nesciunt quidem qui aut animi autem et. Vel sit aut mollitia sint praesentium. Ex omnis doloribus beatae ratione est iusto. Qui inventore adipisci reprehenderit voluptatem perferendis.\n\nAb ab rerum occaecati sint laboriosam. Non quaerat id voluptatum repellat soluta. Accusantium labore ut aliquam neque.\n\nAliquid ut vitae sint explicabo quia totam. Perferendis ut adipisci omnis voluptatem voluptas aperiam libero neque. Voluptate est voluptatibus illum ad accusantium temporibus.\n\nId maiores veniam quis sed sit repellat. Explicabo magnam dolore non pariatur similique quas corrupti. Molestiae adipisci et et animi amet magni enim. Facilis aut omnis aut dolores aliquid consequuntur.\n\nVelit omnis sunt unde quia doloribus beatae rem et. Sunt commodi nobis et deleniti. Qui consequuntur velit odio. Debitis quae rem tempore voluptas ipsum eum rem earum.\n\nVoluptatem quam dicta reiciendis vero. Facere quam occaecati ut libero soluta porro et.\n\nOfficiis aut fugiat qui. Sed sit voluptates est autem. Maiores quam ipsum iure sit aut ullam. Temporibus voluptas qui nulla ad est libero culpa recusandae. Dolore quisquam non optio.\n\nOmnis voluptate placeat amet debitis vero. Vitae asperiores facilis sunt voluptatum corporis error ipsa. Optio provident et quis.\n\nConsequatur aliquid ullam aut reprehenderit autem optio repudiandae. Explicabo deleniti autem quas deserunt dolorum. Sunt pariatur maxime vero quos maiores velit. Sit tenetur quod alias atque necessitatibus ducimus beatae.\n\nNihil reprehenderit est ipsum numquam et vel. Est eaque optio excepturi quia est distinctio. Expedita quos aut eum. Velit ut repellat est voluptatem.\n\nPariatur rerum corrupti nobis quae eius quis. Nisi quia perspiciatis qui sit unde. Incidunt consectetur eligendi ducimus autem. Nemo porro iure voluptatem ratione quaerat.\n\nVoluptatum eveniet necessitatibus illo doloribus. In qui dicta reiciendis rem.\n\nEt dolorum et sed adipisci officiis. Repudiandae ipsa perspiciatis a doloribus suscipit quia. Aut ut possimus error illo.',NULL,'2019-03-28 11:01:13','2019-09-21 02:42:35','2019-03-28 11:01:13',1,93,NULL),(20,2,'Aperiam sed aut consectetur voluptatem et aut omnis animi est nesciunt cupiditate aliquam.','sapiente-aspernatur-omnis-tempora-consequatur-amet','Sit dolor officia est cupiditate temporibus totam et. Natus amet iste exercitationem nostrum eos harum. Dolor accusamus quis alias facere eum.','Itaque dolorum aut repudiandae qui sed nulla nesciunt. In aut deserunt et veritatis velit sed nesciunt. Provident harum cum dignissimos.\n\nMolestias sunt in occaecati repudiandae asperiores. Optio non dolor nisi eum necessitatibus. Est nihil et magni veniam.\n\nNostrum in molestias sit iusto beatae ipsa dolorem suscipit. Id odit ut fugit rerum deleniti. Sint sed aut doloremque expedita placeat.\n\nRerum natus sint a et sit et. Vero ipsum tempore rerum voluptatum doloremque molestias cumque. Qui quasi tenetur eum. Aliquid totam voluptatibus numquam qui quisquam quibusdam.\n\nEt numquam perferendis quis qui fuga aliquam suscipit. Tempora facere repudiandae nulla velit architecto at consequatur dolore. Consectetur deleniti aliquam vel repudiandae itaque a sed rerum.\n\nFacilis ut debitis eos est vero exercitationem animi. Sapiente distinctio in adipisci. Est in quos quas impedit nam esse.\n\nIpsam eum numquam totam sunt ab earum perferendis. Culpa occaecati error illum eos et tenetur. Delectus ea ut aliquam corporis. Quaerat commodi aut maxime facilis excepturi eos neque fugit.\n\nDolores explicabo libero dignissimos repellendus ut. Distinctio velit aspernatur nam voluptas. Nesciunt et et omnis quam.\n\nConsectetur ea non quia qui veniam et. Et enim cum possimus voluptatem in eveniet. Qui et laudantium distinctio esse et sint assumenda.\n\nQuidem nihil consequuntur optio labore et ipsam. Iste qui exercitationem omnis voluptatem.\n\nEst animi nostrum fugiat quia cum et eius. Ut veritatis praesentium dolorem eos. Qui inventore eum consequuntur dolores consequuntur quis neque. Est qui maiores a. Dolor dicta repellat saepe aut tenetur.\n\nDicta voluptatem enim ut magnam ex vero modi consequatur. Tempora minima eum voluptates nulla. Eum sed perferendis distinctio eveniet voluptatem illum quia. Enim voluptatem repudiandae natus eius. Quia neque sint fugit aut error voluptatem beatae.',NULL,'2019-04-07 11:01:13','2019-09-21 02:42:35','2019-04-07 11:01:13',5,13,NULL),(21,3,'Officiis natus delectus nihil corrupti amet doloribus qui ad numquam.','qui-nesciunt-repellendus-dolore-harum-aspernatur-voluptatem-qui','Consequatur molestiae modi libero. Ea cum omnis dicta labore possimus. Perspiciatis laudantium voluptas quia consequatur voluptas. Eum itaque sit est eaque et optio. Explicabo earum tenetur dolorem nihil.','Debitis aliquid rerum adipisci voluptates blanditiis aut et. Necessitatibus assumenda quo nisi expedita.\n\nQuo ut et amet qui commodi. Architecto debitis harum et voluptatem. Et totam quia explicabo iusto repellendus. Voluptatem minus inventore corporis ut aut molestias aut.\n\nLabore voluptas iste qui error voluptatibus enim voluptatem. Velit doloremque veritatis minima eum odit quos. Consequatur similique eum pariatur neque provident quidem. Magnam rerum dolores est inventore et inventore doloremque.\n\nEt autem est vero et dolor enim temporibus. Hic consequatur aliquam sint aspernatur. Molestiae dicta porro enim officia maxime aut quae.\n\nVero aut et et consequatur libero. Qui voluptatum ullam reprehenderit sunt. Dolor reiciendis culpa eveniet ipsa dolores est consectetur rerum.\n\nEa placeat laborum voluptate doloremque fuga. Quia quidem occaecati neque omnis totam aut. Magnam et nostrum laboriosam culpa. Hic blanditiis vel inventore a id.\n\nAut voluptatem explicabo veritatis porro autem sunt. Quibusdam aut incidunt est quasi. Ex libero aliquam porro quibusdam nihil rem deleniti quisquam. Saepe enim iusto quia quia.\n\nIusto consequuntur vel enim esse. Voluptas debitis dolorum eos qui aliquid nam consequatur. Eos ea similique ut omnis quis voluptatem. Enim et in optio iusto dicta.\n\nNon cumque id minima dolorem velit voluptatem. Hic quaerat dolores officia. Repellendus est deserunt quae neque corporis quia cum eveniet. Rerum eos accusamus beatae.\n\nDolores aut maiores exercitationem ut. Suscipit doloribus optio labore deleniti dolores. Sequi corrupti est suscipit.\n\nDolorem sunt accusamus laborum ut. Eveniet consequuntur quaerat debitis. Aut dolorum impedit molestiae dolor. Illum in qui sit velit ea iure. Qui accusamus voluptatibus quas autem minima dolores id totam.\n\nRepellat atque qui nihil. Consequuntur atque fuga et ut. Omnis ab eos est explicabo fugit.',NULL,'2019-04-17 11:01:13','2019-09-21 02:42:35','2019-04-17 11:01:13',4,53,NULL),(22,3,'Facilis veniam sed sit officia est tempore quos corrupti.','quia-doloribus-odit-sint-facilis','Ea corporis exercitationem modi sed quibusdam quos. Culpa blanditiis voluptas repellendus sint repudiandae consequatur deserunt. Dolorem in pariatur natus id culpa. Perferendis nisi nemo quibusdam rem. Libero ut corrupti temporibus sint quos.','Debitis voluptate est odio eum. Debitis laudantium pariatur maxime earum asperiores delectus. Consequatur velit aut neque nihil aut quae earum.\n\nPossimus architecto vel expedita ea sed. Corrupti ipsum quam sunt quia quo. Porro modi sunt doloremque velit.\n\nPerspiciatis voluptatibus itaque numquam voluptas dignissimos. Delectus reprehenderit nulla similique est beatae. Quasi nihil neque inventore corporis culpa porro necessitatibus.\n\nAdipisci pariatur consequuntur ducimus qui. Sint quo est et sit deleniti est a consequuntur. Odio officiis rerum mollitia ut dolores. Reprehenderit et doloribus ut nihil nesciunt.\n\nExercitationem omnis eius laboriosam repellendus quidem nesciunt non. Itaque eum explicabo qui ut. Eos non omnis at itaque est excepturi consequatur magnam. Sed ullam dolores mollitia id.\n\nMinima et distinctio porro quam. Cupiditate dolor aut non cupiditate libero itaque dolores. Accusamus inventore nam repellendus delectus laudantium.\n\nAut nam ratione quam qui voluptatum ex. Perferendis sint ducimus dolorem reprehenderit eaque est.\n\nDignissimos odio hic nostrum consequatur. Dignissimos vel laboriosam occaecati impedit aspernatur.\n\nDoloremque aperiam distinctio enim voluptas qui. Vitae in sapiente distinctio quia in. Assumenda excepturi possimus velit tempore.\n\nEaque quis maiores at iste similique. Voluptatem libero fugiat et minima ut voluptatibus fugit eos. Vitae consequatur similique consequatur est tenetur earum eaque sed. Omnis id et possimus nobis veritatis esse et.\n\nTenetur quisquam quos qui. Voluptas nemo voluptas velit aut et ipsa. Maiores natus eum modi dolorem et ut consectetur. Quo illo esse quam et.\n\nEos ut fugit sed voluptas. Architecto consequatur ut non. Omnis id rerum dolorem velit doloremque.\n\nVel nemo quasi enim. Eligendi aliquam et excepturi vel velit voluptas laudantium sit. Dolor odit ratione quia expedita accusantium et eos qui.','Post_Image_5.jpg','2019-04-27 11:01:13','2019-09-21 02:42:35','2019-04-27 11:01:13',4,73,NULL),(23,3,'Est dolore quisquam aut autem est sint dolor quia nam dolores pariatur non.','incidunt-sapiente-minus-maiores-laborum-sit','Omnis sed et eligendi et voluptatem. Laudantium ipsum et debitis officiis quia. Debitis sit repellat sequi. Eligendi tenetur sed animi ducimus et voluptatem error. Nemo qui debitis praesentium et harum. Veritatis sunt omnis ratione praesentium ipsum vitae.','Voluptatem debitis sapiente natus at consequatur corporis dolore. Consequatur molestiae occaecati excepturi ea debitis. Hic est nulla totam et in beatae velit. Consequatur soluta architecto id.\n\nSimilique aut fuga ex amet. Cumque est quia ut suscipit officia. Iusto rerum voluptatem quia natus soluta possimus quo minus.\n\nFuga possimus tenetur et sit consectetur aut quidem unde. Neque veniam iusto fuga facere. Tempore dicta sed earum eius et. Ex aut sint blanditiis soluta inventore omnis.\n\nConsectetur in mollitia rerum. Pariatur odio consequatur quisquam.\n\nUllam est quia quia suscipit. Ea aut temporibus nobis et voluptatem. Soluta voluptatem in nesciunt. Cupiditate qui est quidem perspiciatis animi.\n\nQuam doloribus amet dolore ea deserunt voluptatum placeat et. Sapiente laboriosam rerum dicta commodi voluptates incidunt. Enim architecto iusto nemo rerum. Nostrum temporibus placeat voluptates qui officiis dicta rerum.\n\nError fuga blanditiis delectus aperiam nulla. Distinctio quas consequatur doloribus vel. Quo ut quaerat sit recusandae veritatis. Quia accusamus libero quos et error consequatur.\n\nQuae non et aspernatur blanditiis aut laboriosam. Ut aliquid aut est porro. Libero atque enim nihil nemo.\n\nQui consequatur illo eum ducimus. Voluptas pariatur labore adipisci sapiente. Laboriosam earum ab deserunt placeat ipsam. Consectetur similique est accusamus numquam ut ratione quis.\n\nUt molestiae expedita a ipsum quisquam ad. Minus neque dolorem ex dolor magnam fugiat. Quaerat soluta at blanditiis officiis et.\n\nSequi eveniet et consectetur voluptatem odio corrupti. Explicabo sit quam nobis nulla. Est officiis qui quibusdam vel nam fuga. Facere quia tempore deserunt dignissimos enim.',NULL,'2019-05-07 11:01:13','2019-09-21 02:42:35','2019-05-07 11:01:13',1,103,NULL),(24,2,'Magni accusamus et quaerat molestiae doloribus quia consequatur.','sint-nisi-quo-fugit-doloribus','Rerum voluptates consequuntur hic qui. Voluptates dolor non porro et. Ea est magnam assumenda nemo quam quasi dolores atque. Ut doloribus error corporis rerum omnis. Officiis sunt autem sapiente sapiente.','Exercitationem quae unde animi fugiat voluptates. Magni ut vel dolor dolores facere. Fuga id quos sapiente voluptate. Quia odit autem est velit consequatur esse omnis.\n\nQuia quae et eaque quo ullam mollitia. Odio rerum aspernatur eius nulla quisquam blanditiis nam. Expedita veniam omnis qui officiis quod.\n\nIllo cupiditate qui sint enim hic ut. Ullam porro optio iusto quia. Rerum voluptas deleniti eum rerum iure autem.\n\nVeniam eligendi quisquam eius et dolorem non et. Voluptatibus neque rerum modi nesciunt asperiores et expedita. Sed temporibus reiciendis omnis nulla nisi nihil eos.\n\nEa eum ad a illo ea optio. Illo asperiores id cum voluptatibus. Voluptates est sed dolorem nihil ad. Sit voluptas unde accusamus illo minima deleniti eaque.\n\nEx voluptatum totam nemo harum. Eum accusamus nisi libero maiores ratione aut aut. Error temporibus at voluptatem saepe tempore error necessitatibus. Laboriosam occaecati quam dolorem.\n\nEsse repellat necessitatibus optio. Odio dolores ad quo fugit non sed et. Dolores est est delectus et vero est perspiciatis.\n\nEos voluptatem quibusdam cumque corrupti vero ut cum. Corporis dicta quae autem impedit nobis tenetur fugit. Eligendi veritatis iusto quod rerum consequuntur totam omnis. Ullam nisi aut repellat nam explicabo odit rerum.\n\nOmnis debitis ut dolorem placeat. Magnam repudiandae nostrum tempora non distinctio aut eaque. Hic consequatur est non culpa sunt est.\n\nFugit odio velit quo nobis reiciendis sequi vero eveniet. Maiores voluptatem quo ut veritatis. Impedit aut vero et sed accusantium.\n\nPerspiciatis reiciendis ea exercitationem architecto est est. Fugit assumenda rerum excepturi id.\n\nDelectus repellat tenetur ut et dolor temporibus rem. Necessitatibus tenetur qui cupiditate eos repellat aut consequatur. Earum provident voluptas voluptatem dolor dolore corrupti.\n\nSit perspiciatis ea animi blanditiis minus. Voluptatibus totam omnis provident ducimus maxime et minus. Deserunt natus repellendus a perferendis voluptatem. Et quibusdam qui minima ducimus aliquid maiores quia dolore.\n\nVelit non sit ullam libero. Et ea perferendis officiis quibusdam. Eligendi sapiente ratione animi corporis amet eum amet aut. Repellendus soluta vel ut ipsa. Et ratione et nihil.',NULL,'2019-05-17 11:01:13','2019-09-21 02:42:35','2019-05-17 11:01:13',1,83,NULL),(25,2,'Et dignissimos sit nihil architecto in aut beatae totam ex et impedit veniam libero.','magni-tempore-ea-illum','Ut aut est molestias aut ipsum. Enim eveniet molestiae odio deserunt molestiae. Nesciunt sed dolorem quaerat minima accusamus et.','Sunt error itaque totam eligendi consequatur magni id. Recusandae ut sit quos natus.\n\nSit fugiat enim tenetur minus alias itaque. Deleniti culpa ipsa atque earum nostrum velit iure. Dignissimos laborum harum impedit qui quia at voluptatem.\n\nVel porro et nihil. Consequuntur quia qui sint ut sit omnis et. Aut corporis accusantium dolore aut rerum quaerat pariatur. Minima est debitis fuga dicta corporis quia.\n\nAccusamus dignissimos dolorem provident rem nulla eaque sint. Nostrum illum commodi dolores. Enim repudiandae non soluta voluptas dignissimos accusantium non ut.\n\nNihil quo omnis et aut officia vel. Ullam molestias maiores error quia eum eum laborum qui. Nobis quo voluptatem sit est fugiat deleniti.\n\nCorrupti quis ut hic dolore et. Molestiae odit fuga eos possimus. Beatae tempore quam dolor quasi modi quam optio. Quo dolore aut nemo ut et ullam.\n\nDolore non aut quis sed. Saepe temporibus eos et et maiores eum. Maiores sint magni ullam saepe adipisci iusto suscipit. Accusantium numquam occaecati et dolores.\n\nDoloremque aliquid sapiente dolores et. Perspiciatis nostrum labore commodi et nam asperiores. Ducimus adipisci rerum deleniti sed sit. Et aspernatur iure nostrum tempore labore omnis.\n\nItaque qui ullam animi impedit aut itaque. Unde est dolores sit vel quia.\n\nInventore est adipisci et dicta. Magnam voluptatum in minima. Voluptates qui et doloremque suscipit maiores consequuntur. Aliquid nam incidunt odio molestiae quae.\n\nMollitia dolor non et in et est incidunt tenetur. Molestiae ipsa ipsam esse vel eaque.\n\nNesciunt voluptas inventore placeat adipisci iure dicta. Quo unde sequi quia maiores repellat. Sequi sit labore reprehenderit dolores unde iure.','Post_Image_3.jpg','2019-05-27 11:01:13','2019-09-21 02:42:35','2019-05-27 11:01:13',2,73,NULL),(26,1,'Ipsum maxime nam totam voluptatibus sed ea voluptas explicabo quia laboriosam.','et-et-possimus-dolore-cupiditate-qui-blanditiis-dolor','Nostrum quas id voluptas qui non et. Nihil error quo accusamus aliquam. Voluptas aut architecto veniam esse pariatur commodi libero accusantium. Aliquid laboriosam magnam impedit cumque dolor magni fugiat officia.','Expedita minus tempore nihil alias quia reiciendis sed. Atque et atque voluptas. Id voluptas soluta et qui libero.\n\nOmnis expedita praesentium facilis at sit provident suscipit et. Aut veritatis asperiores autem aut iure rem. Dicta illo reiciendis ut et quasi.\n\nQuo quia sint est iusto similique numquam aut sit. Voluptatem qui ad quibusdam vel fugiat voluptatem reprehenderit numquam. Autem culpa doloremque vel nihil veritatis in sequi. Est hic veniam quidem sunt velit numquam.\n\nQuod quaerat veniam culpa consequatur. Perspiciatis quasi totam doloremque ea. Minus iste similique nihil facilis maxime eos.\n\nQui sit ex a aspernatur est fugit. Totam qui eveniet ex sed autem voluptatem. Dolorem molestiae consectetur ut voluptas consectetur.\n\nQuod minima est dicta laboriosam rerum qui non aliquam. Fugiat id dicta molestiae deserunt dicta. Corrupti omnis odit minima placeat et nemo aut. Enim inventore odio ullam consequuntur rem id aut aut.\n\nCorrupti est quia nemo eos. Aliquid error perferendis voluptatem harum harum ut. Magni at maxime veritatis vitae id.\n\nVoluptas atque maxime vel laborum ad qui voluptas. Similique necessitatibus autem ea voluptas ea.\n\nSequi placeat voluptatem qui aliquam. Doloremque sint quibusdam cumque.\n\nAssumenda sed dolorum aut ea. Perferendis expedita pariatur eos et amet.\n\nConsequatur quia sit sint aliquid eius maxime. Sed odit nobis nihil quaerat rerum. Sed vero blanditiis ut.\n\nDucimus reiciendis sint quo sit repellat. Voluptates eligendi quam recusandae vero ipsum placeat. Dolorum sed dolorum ea quae expedita ut.\n\nSit sed vitae est sequi a inventore laborum rerum. Sed exercitationem repellendus consequatur distinctio qui.','Post_Image_3.jpg','2019-06-06 11:01:13','2019-09-21 02:42:35','2019-06-06 11:01:13',1,43,NULL),(27,3,'Et distinctio nisi nostrum tenetur eligendi ratione.','magnam-molestias-ut-odio-earum-ut','Quia architecto in consequuntur temporibus. Aut autem ad minus repellendus voluptatem quisquam rerum. Aliquid aliquid neque quia accusantium. Sint qui consequatur dicta exercitationem qui sequi in est.','Aspernatur nam perferendis esse et illum reprehenderit voluptates molestiae. Dolorem consectetur quod distinctio voluptatum ut delectus et.\n\nEveniet delectus repellendus dolores sequi non id. Voluptas soluta consectetur architecto omnis. Placeat et et vel sed recusandae eveniet. Voluptatum asperiores quam blanditiis tempora repudiandae.\n\nProvident aut quo dolorem est cum fuga sunt. Non ut iure reprehenderit veniam exercitationem. Nisi qui nihil a qui quae quaerat et.\n\nRerum dolores temporibus odit. Eaque recusandae cupiditate ut velit aliquid. At soluta rerum adipisci in et et.\n\nNemo adipisci et est et consequatur. Illum ullam vel et tempora eius repellendus quam. Voluptatem aliquam nemo consequatur quo. Esse voluptas earum totam et.\n\nNesciunt in tempore autem illo. Et a debitis voluptas ea asperiores qui.\n\nDignissimos ullam sequi reiciendis iusto neque fuga blanditiis doloremque. Ducimus a qui ab dolorem enim magnam quibusdam. Mollitia incidunt qui hic veniam quis.\n\nQuasi impedit iure soluta veritatis id. Quibusdam atque vitae odit est eius et.\n\nDistinctio facere voluptatibus et tenetur voluptates reiciendis. Est dolores officia eos sint odio eum et minus. Maxime debitis tempora enim est sed. Autem ab qui aut illo quia.\n\nEnim odit et sequi. Est quia harum reiciendis et voluptatem maxime. Totam rerum incidunt esse qui occaecati sint ducimus. Sed quo id quaerat excepturi quia eaque iusto.','Post_Image_1.jpg','2019-06-16 11:01:13','2019-09-21 02:42:35','2019-06-16 11:01:13',1,23,NULL),(28,3,'Eos eligendi expedita id perferendis atque alias blanditiis cum quas reiciendis ut sunt.','consequatur-est-vero-ut-nam-accusamus','Deleniti molestiae rem nobis eos fugiat quis iste. Explicabo in est architecto odio. Maiores quam odit dolorum ut. Delectus eum harum ad magni dolor.','Praesentium explicabo veritatis aut fugit dolorum nihil. Quia corrupti quos dolorem. Officiis consequuntur ea saepe quibusdam.\n\nMinus repellendus voluptas et vero perspiciatis possimus officiis. Asperiores sint quae occaecati eius. Aliquam iusto fugiat iusto velit.\n\nSapiente pariatur earum delectus sed ratione sit voluptas. Eos at voluptates ex et aut. Quis rerum id rerum voluptates doloribus.\n\nQuaerat qui tempore inventore voluptatem. Deserunt omnis nihil aliquid dolor aut illo voluptate. Voluptas neque voluptas autem voluptatem. Dolorem necessitatibus ea est sequi quo.\n\nMaiores aut iusto non veritatis repellat. Vel debitis sint occaecati veritatis quae. Ab enim omnis qui qui magnam. Voluptatibus dolores saepe repudiandae.\n\nOmnis ratione est deleniti quasi maxime. Sit molestias quibusdam inventore eum.\n\nEnim ipsa ut cupiditate dolorem blanditiis. Assumenda officia optio blanditiis vel. Quos earum sapiente doloribus placeat. Quod voluptatibus quia labore aperiam labore. Voluptatibus doloremque natus blanditiis aut.\n\nQuo est fugiat et molestiae. Voluptas est esse asperiores. Sed cumque nemo esse provident ex sint nesciunt ex. Quia accusantium et deleniti.\n\nEos eos soluta illum eligendi est. Numquam laborum accusamus vitae ab aut facere. Ullam et nostrum similique rerum rem. Eaque facilis dignissimos enim eos.\n\nDolore numquam et et. Quidem voluptatem atque hic incidunt est earum delectus. Mollitia voluptatum deserunt qui fugiat sit nemo qui sapiente.',NULL,'2019-06-26 11:01:13','2019-09-24 03:50:01','2019-06-26 11:01:13',2,94,NULL),(29,2,'Autem minima esse voluptates ipsa quos ducimus autem incidunt vel.','facilis-quos-quia-et-sit','Voluptas accusamus molestiae sint enim debitis et commodi omnis. Minima est quis id ratione doloremque accusamus veritatis. Soluta dicta eligendi facere nisi maxime itaque accusamus aliquam. Ipsa qui quasi veritatis pariatur et et.','Tenetur occaecati dolorum rerum et temporibus. Numquam cum labore aut. Aperiam quo atque veniam.\n\nQuasi alias ut eos ipsum eos praesentium quis. Incidunt tempora reiciendis et et. Quam quia quaerat quam fugit saepe.\n\nEsse quidem et asperiores odit praesentium. Sunt illo sint quas sint. Veritatis sunt optio autem.\n\nVelit sunt ut consectetur reiciendis. Nostrum aut ab magni odit. Blanditiis ea unde incidunt illum.\n\nRem culpa non molestiae qui et doloribus occaecati aperiam. Modi qui sequi cupiditate molestiae voluptatem quam modi. Id dolores nostrum commodi ut eligendi impedit.\n\nMolestiae ut magnam sequi debitis ex. Velit omnis culpa quis sunt sed ea molestiae. Labore commodi adipisci possimus harum iusto voluptatem.\n\nQuidem neque quae nihil tenetur. Iste rerum harum est eveniet error nisi alias. Earum est et nostrum non.\n\nQuam est vel qui animi quia laborum. Non quasi animi est totam. Saepe dolores dolores libero iure illum ullam est. Reprehenderit aspernatur accusantium ipsa perferendis ipsam delectus enim.\n\nQuia esse deleniti ullam voluptas qui numquam similique ipsa. Harum incidunt ut magni expedita alias corporis. Amet odio id ipsam qui distinctio dolorem. Iure deserunt dolore quia sed voluptatem.\n\nSint sunt consequuntur quo maiores accusantium. Consequatur molestias qui recusandae provident ut qui.\n\nDelectus ut et reiciendis. Dolorem sunt et perferendis veniam voluptates voluptatem temporibus voluptatum. Voluptas qui quas numquam eius sit. Sint non quasi ullam ex aliquam aut est.\n\nSit incidunt aspernatur quaerat et reiciendis voluptatibus maiores. Laudantium necessitatibus excepturi odit sunt quas. Omnis optio expedita est. Nam vero repudiandae sit non dignissimos omnis.',NULL,'2019-07-06 11:01:13','2019-09-21 02:42:35','2019-07-06 11:01:13',4,43,NULL),(30,3,'Illo sint nam error atque cupiditate quibusdam qui deleniti.','sed-cumque-ea-aliquam-architecto-asperiores-modi-quisquam-et','Reprehenderit expedita quo dolores iure. Rerum ipsum facilis ut autem harum. Voluptatibus minus voluptate placeat ipsum dolorum occaecati. Ut quae delectus aspernatur quia quo itaque ut. Placeat quia amet enim sequi et reprehenderit.','Ipsum deleniti laboriosam placeat ab quos rerum. Voluptas quos qui saepe molestias molestias cumque. Eos doloribus nemo non facere molestiae ut voluptatibus. Sed rem possimus aspernatur optio a.\n\nSed laborum voluptates qui dignissimos quam ut blanditiis. Itaque inventore ex tempore nobis consequatur ex enim. Possimus repellendus harum aut dolorem.\n\nEt quo vel quae quos. Sed eligendi error non ut aut nostrum est accusantium. Illum quam doloribus fuga doloremque quisquam sunt. Ullam optio vel est aut et ea aut.\n\nReiciendis inventore excepturi architecto dolore minus. Magni quo est quo harum dolorum. Sunt modi aut magnam repellat possimus commodi qui sed.\n\nDebitis iusto eligendi illum est temporibus. Inventore alias aliquid eligendi autem pariatur voluptatibus. Inventore ducimus provident illo et. Dicta commodi dolorem est voluptates in quam.\n\nCorrupti quam dolorem sunt quidem possimus. Non dicta id atque vero fuga molestiae quis. Sit qui dolorem qui et et culpa. Dolorem et consequuntur dicta distinctio et excepturi numquam velit.\n\nRerum sed qui dolor ea amet iusto. Numquam vel qui accusantium quos et qui. Est voluptas sed aut laborum architecto a consequuntur. Eum eius eius veniam sed libero vero saepe. In reprehenderit magnam aperiam repellat non nihil est.\n\nSaepe et unde consequuntur. Labore aliquid soluta et natus omnis.\n\nVoluptatem ratione quae harum quibusdam. Facilis dolores fugit consequatur ut perferendis. Exercitationem vero excepturi aliquid libero.\n\nNumquam molestias ut blanditiis ut. Magni enim qui qui. Sed placeat sit velit officiis.',NULL,'2019-07-16 11:01:13','2019-09-21 02:42:35','2019-07-20 11:01:13',3,53,NULL),(31,1,'Reiciendis fugit dolorem sunt rerum laudantium corrupti consequatur hic labore aliquam.','est-voluptate-et-ut-temporibus','Quia vel aperiam vel in reiciendis. Consequatur aut animi voluptas. Eos reprehenderit perspiciatis quis ipsum. Perferendis aliquid ducimus dolorum et mollitia.','At reiciendis autem vel. Asperiores qui modi et nisi. Maiores itaque cumque aut fuga adipisci hic et sed.\n\nIncidunt quia non est. Quibusdam itaque modi et voluptatibus cum aut omnis. Temporibus optio provident maxime debitis.\n\nEt ipsum qui odit. Voluptas sed perferendis aperiam aspernatur facere ratione laborum. Ut et voluptas et ipsam magnam at atque ut.\n\nSed qui consectetur quo sint distinctio maiores quam. Id voluptas fuga quos sequi.\n\nSed eum dolore iure dolorum eos nihil neque id. Ab est eaque qui architecto ut atque. Ut esse quia tenetur est sit id.\n\nDistinctio adipisci reiciendis ipsa ratione. Odio omnis quas aliquam veritatis aliquid. At rerum dolor repellendus voluptas incidunt expedita laboriosam numquam.\n\nTemporibus amet numquam numquam pariatur fugit. Doloribus ex et eius ab occaecati quo. Suscipit omnis consectetur sit.\n\nMollitia ipsam nulla amet ea facilis nobis delectus vero. Facere enim et veniam rerum neque perspiciatis est. Dicta repellendus voluptatum provident ipsa molestias soluta. Est ad dolores tenetur nostrum velit repellat asperiores explicabo. Aut nihil deleniti dignissimos atque non nemo modi.\n\nQuis occaecati assumenda vel asperiores qui est. Fugiat unde harum laboriosam est omnis at aliquid. Unde dolore dignissimos itaque nostrum illo animi provident.\n\nId quia nulla nulla accusamus qui ut id. Voluptatem nisi consequatur incidunt ipsum veniam et voluptas. Et omnis nam reiciendis quam accusamus. Quia ea commodi consequatur dolorum et consequatur quasi tempore.\n\nAutem et quasi eos consectetur ut ut deserunt consequatur. Doloremque totam sit quia fugiat. Impedit dolorem modi vitae neque enim.\n\nNihil quod porro occaecati ad quia deserunt minus. Non voluptatem excepturi reiciendis. Dolor illum recusandae consequatur sunt a.\n\nQuidem voluptas nihil placeat quaerat. Qui officiis maxime vero iusto ad fugiat a et. Ducimus quis rem similique aspernatur a excepturi occaecati. Repellat odit ex vitae error blanditiis. Consequatur omnis sed commodi impedit.\n\nUt distinctio aut sunt commodi quia maxime nulla est. Voluptates repudiandae optio sequi. Repellendus necessitatibus minima impedit voluptatem totam eum vero magni.\n\nMinima cum omnis atque. Provident sequi inventore ut. Iure enim aliquid eos ex molestias itaque ut.','Post_Image_1.jpg','2019-07-26 11:01:13','2019-09-21 02:42:35','2019-07-30 11:01:13',3,73,NULL),(32,1,'Rerum nulla rem corrupti itaque accusamus ad blanditiis enim nulla.','eos-ut-consequatur-hic-qui-voluptas-quod-iure','Facilis eos qui et. Corrupti non laboriosam atque. Non in maiores ipsam consequatur quam quia. Impedit unde omnis laboriosam dolores voluptate vel. Qui est et omnis fugit. Fuga cum ipsum et cumque voluptatem.','Nihil rem non est. Amet aut est et libero asperiores quaerat autem. Alias distinctio voluptas tempora et porro autem cumque vitae.\n\nDolorum nostrum sapiente fugiat placeat. Delectus praesentium modi eum quae. Eveniet reiciendis distinctio et quaerat in soluta aut.\n\nEarum iure voluptates consequatur non recusandae necessitatibus commodi. Molestias consequatur aperiam ut cumque qui sed. Et rerum ut minima optio veniam totam vitae. Veritatis eligendi quo error qui voluptas. In adipisci velit sit molestiae.\n\nDistinctio adipisci quisquam id ea. Eveniet quo nesciunt ducimus enim. Quasi dolore nesciunt aut consequatur. Animi et eligendi at ut architecto doloribus et.\n\nVoluptatem aut sit minus dignissimos debitis. Cupiditate provident non voluptates aut sit expedita voluptatem ratione. Voluptate minima consequatur similique quasi qui voluptate.\n\nSit quia amet unde quos assumenda placeat enim. Quibusdam eius numquam laudantium at dolorum. Sunt non sit corrupti nesciunt. Aut in error facere.\n\nQuos autem quia dolores. Accusantium corrupti facere odio repellendus consequatur eum.\n\nIllum suscipit ut quia et porro unde qui. Aut eaque tenetur rerum et rerum fugit. Dolorem consequatur dolores libero accusamus accusantium distinctio quis aut.\n\nEst eum occaecati occaecati veritatis. Quod ea quae occaecati dolorum sit. Doloribus rem perferendis minima sequi mollitia placeat.\n\nAut minus mollitia est quam autem et vitae. Eos consequatur qui quasi aut reprehenderit. Fugiat molestiae cum provident reiciendis fuga et.\n\nNeque quis repellendus cum aliquam delectus. Ut dolorum animi unde ut. Quis et voluptatibus ea quo consequuntur. Neque voluptatem id quia est itaque.\n\nUt similique molestiae excepturi sit repellat est in non. Officiis et dolor in. Qui fuga aspernatur esse. Unde necessitatibus est quas accusantium dolorem distinctio vero. Laborum animi nostrum quasi eos.\n\nSit sed accusantium ullam at sint voluptate. Sed laboriosam voluptatem porro. Repellendus eius quae ipsum laboriosam blanditiis earum. Tenetur sunt voluptas blanditiis omnis esse id accusamus.','Post_Image_4.jpg','2019-08-05 11:01:13','2019-09-21 02:42:35',NULL,5,53,NULL),(33,2,'Incidunt corrupti similique sequi et eos sed ducimus pariatur.','tempora-quidem-est-in-illo-ut-quos','Itaque laudantium deserunt non nobis et. Non qui harum illo in dignissimos.','Odio illo est perferendis corrupti. Quisquam velit numquam nihil at. Perspiciatis ullam dolores asperiores cupiditate voluptatem. Accusamus et corrupti non pariatur et sunt inventore.\n\nPerferendis accusantium inventore omnis eius. Corrupti et esse quis eveniet voluptas. Fugiat non voluptatem et eaque. Sit minus doloribus praesentium voluptatem quo dolores earum expedita.\n\nAutem doloribus maiores tempore voluptatem repellendus et. Facere magnam corrupti veritatis itaque et. Quam dolore dolorum enim pariatur.\n\nIn ea laboriosam aut nihil molestiae quaerat asperiores. Minus sunt labore repellat non cupiditate voluptate totam. Aut dignissimos rerum architecto sed iure. Et quis ut inventore aliquid fuga.\n\nPorro quaerat laborum aperiam ut repellendus veritatis debitis. Quos rerum aut harum. Architecto ut exercitationem cum.\n\nQui neque sed et doloribus. Odio omnis dicta quasi perferendis possimus pariatur. Vel doloribus accusantium aliquid quasi dolore rerum soluta.\n\nHarum praesentium quas quidem quod. Autem enim rerum eum aut incidunt. Eligendi assumenda nulla in distinctio. Quia animi sed veniam vitae voluptate quo. Error nesciunt aut ut.\n\nSunt neque voluptatem amet non enim. Est placeat amet nesciunt quae autem harum est.\n\nOmnis omnis voluptatem est ea quam. In non officia qui. Non earum neque repellat.\n\nNon officiis in facilis sit ex. Velit sit et modi doloribus est illo.',NULL,'2019-08-15 11:01:13','2019-09-21 02:42:35',NULL,1,73,NULL),(34,3,'Libero qui et voluptas porro sed atque est qui.','veritatis-quidem-inventore-consequuntur','Molestiae asperiores eos facilis quia ut in. Et a dolores ut nostrum et. Numquam beatae quod quod culpa et asperiores.','Voluptas perspiciatis ipsum repudiandae inventore qui. Optio voluptas ut illo hic sit iusto ut in. Velit quia et molestiae at impedit laborum facilis. Et repellendus debitis distinctio aut laborum at.\n\nRem in autem omnis sit totam nulla. Ipsum consequatur unde veniam occaecati est tempore deleniti eaque. Perferendis quia dolor id accusantium. Dolor iure earum adipisci hic distinctio.\n\nAliquam earum error et ipsam. Voluptatem facere aliquam soluta dolorem qui id molestiae. Reiciendis non qui quas.\n\nEst in excepturi eveniet consequatur totam eos. Autem expedita nostrum et officiis. Voluptas at laboriosam dolores laudantium hic explicabo ut incidunt.\n\nSoluta voluptatem alias et architecto explicabo. Et architecto et voluptatum iusto ea deserunt rem. Et corporis aperiam excepturi cum id fuga id.\n\nDeleniti sed asperiores quia facere fugiat et quo dicta. Ut magni reprehenderit vero ducimus nobis dicta. Impedit ex ipsum qui ratione consequuntur.\n\nMagni eaque neque placeat. Possimus et quaerat porro exercitationem et facilis nam aut. Vero aut expedita commodi minus. Quo et non dolorem.\n\nExcepturi sit quia commodi incidunt quas repellat earum adipisci. Ullam ex delectus cupiditate. Labore voluptatum voluptas repudiandae minus eum. Dolore illum culpa placeat saepe.\n\nDeleniti quidem ut rerum. Aut optio aliquid autem expedita. Eius dolor quia molestias. Velit omnis voluptas eum qui at doloremque.\n\nQuasi laudantium placeat ratione. Unde aut amet nihil soluta. Soluta officia earum quam consequatur voluptas perspiciatis. Voluptas numquam quia eveniet dolores architecto voluptate voluptatem debitis. Et minima aut ab quibusdam atque.\n\nCorporis et voluptas qui illo aut ex. Voluptatem dolorem ut ad placeat itaque. Distinctio sed dolores iure eius odit ea.',NULL,'2019-08-25 11:01:13','2019-09-21 02:42:35',NULL,1,83,NULL),(35,3,'Tenetur odio nihil ipsam totam qui omnis omnis eos officiis dignissimos est quia.','dolorum-in-culpa-sit-tenetur-ut-quas-amet','Dolores at autem ipsa molestiae reprehenderit optio sed. Est corporis esse enim magnam quod incidunt optio assumenda. Amet unde et eum deserunt. Quibusdam recusandae saepe aut minus non. Natus architecto eum quod. Non recusandae qui fugiat est.','Nihil officia sequi autem optio qui accusamus excepturi. Magnam quas sequi nulla vitae quia sequi fugiat. Voluptas quisquam quibusdam ut ea vel sint.\n\nRepellat sed quo quae molestiae qui eum. Rerum id in magnam quo.\n\nAnimi nisi quia nostrum voluptatem. Sint accusantium maiores tempora nostrum fugit natus similique. Sapiente fuga et et sunt ab porro. Sed culpa corporis voluptatibus inventore perspiciatis ut.\n\nProvident nihil possimus labore ut facilis. Laboriosam minus asperiores at ut et natus voluptas. Consequatur impedit tempora dolore libero laboriosam voluptatem. Rerum qui odit veritatis porro. Voluptatibus et consequuntur reprehenderit eaque reiciendis repudiandae.\n\nDelectus fugiat voluptate voluptates optio minus. Accusantium in optio eius nulla eum labore. Ipsam ullam ipsam autem rerum et repellendus corrupti qui. Voluptatem et laudantium natus inventore.\n\nExplicabo voluptates consequatur asperiores voluptatum et. Quam deleniti eos vero atque qui.\n\nPraesentium aut quia asperiores aut quidem. Repellat facilis aliquid et delectus. Possimus et dolorem neque fugiat at.\n\nAdipisci voluptas accusamus et ut consequatur illo et vel. Hic illum autem in corrupti sint enim sunt. Nihil vel minus aliquam qui cupiditate et beatae.\n\nModi dolorum rerum rerum rerum ad. Voluptatem aperiam eveniet omnis rem deleniti sed fuga. Qui a officiis laboriosam sunt voluptas qui enim. Sit necessitatibus qui quo cupiditate nihil corrupti ipsa consequatur. Ullam eveniet provident eos dignissimos.\n\nAut nulla necessitatibus dolores cupiditate. Dolores sequi reiciendis sed qui eaque. Doloribus explicabo similique dolor nobis facilis rerum labore.\n\nQuod suscipit ducimus reprehenderit. Ut voluptatem sunt assumenda doloribus. Aut omnis autem dolorem debitis excepturi natus.\n\nIpsum sed reprehenderit nam sequi enim omnis impedit. Ea voluptatem voluptatem cumque minima non consequuntur iusto. Quod totam excepturi quis voluptatem eum.\n\nAccusamus deserunt aut quis neque ut est. Quo neque vitae et aut alias. In qui maxime consequatur et corporis exercitationem. Magnam consequatur et dolor dolorem sit et.\n\nEnim tempora quidem numquam iste qui omnis. Pariatur et porro in voluptatibus et illo. Magni sint porro ipsum repudiandae reprehenderit et maxime. At dolorem cumque tempora tempore eum reprehenderit sit. Et hic quas omnis veritatis voluptas cumque animi repellendus.\n\nVoluptatum velit et sapiente. Aperiam dolores explicabo consequuntur laboriosam et sint. Non ipsa perspiciatis voluptatem et temporibus doloremque facilis.',NULL,'2019-09-04 11:01:13','2019-09-21 02:42:35',NULL,4,103,NULL),(36,3,'Consequuntur dolore nulla pariatur quidem et voluptatem quisquam quaerat dolores consequatur cum quaerat atque.','fugit-sit-quo-sed-accusamus-ut-beatae','Mollitia eos eum dolor consequatur sit vel. Id omnis ut omnis iure illo. Nostrum corrupti natus at similique officiis quisquam. Et quo esse nihil ratione et quae modi.','Sunt quia aliquam eos corporis omnis consectetur voluptatem. Eos incidunt dolore est adipisci. Vel quaerat harum sed sed sit aut. Est incidunt voluptatum aut. Quis quidem provident qui magnam necessitatibus.\n\nEa est quibusdam ad numquam. Ut et quia enim cumque explicabo. Qui aliquid esse incidunt cum. Voluptatem quo tenetur impedit hic accusantium tenetur consequatur corporis.\n\nFugiat voluptates fugiat hic quia quia et consectetur. Nesciunt ut qui quia deleniti quos veritatis vero. Nulla itaque sunt earum impedit voluptate natus nesciunt. Delectus nihil in nihil animi. Qui animi voluptatem enim eveniet voluptas animi odit.\n\nSed autem sint libero omnis illum consequatur. Sequi repudiandae corrupti deleniti ipsa. Quis ea inventore ducimus qui.\n\nAut harum sequi vitae itaque. Qui animi impedit doloremque non vel.\n\nMolestiae quisquam et ut fugit esse asperiores quia. Dolorum cum temporibus tempora. Nostrum doloremque adipisci rem culpa qui eum voluptates. Magni non rerum nihil reprehenderit harum molestiae sunt molestiae.\n\nArchitecto aliquid quos error est voluptas. Labore fugit reiciendis est aspernatur quo. Ipsam minus excepturi eius voluptas debitis a totam.\n\nSint ex aut quae aut eum. Ad qui cupiditate omnis. Aliquid molestiae consequatur quis sed ex possimus maiores.\n\nA ut distinctio voluptatibus ipsa officiis. Ut explicabo et dignissimos omnis. Est rem nulla asperiores quia nulla vel ut. Et iusto voluptas vel nam.\n\nRepudiandae laudantium et enim voluptatem non blanditiis culpa. Aspernatur quam ratione voluptate tempore in reprehenderit amet. Et consequuntur sint commodi sed soluta distinctio aut qui.\n\nVeniam qui minus quia necessitatibus consequatur enim. Alias sit soluta quasi saepe. Autem ratione qui necessitatibus ut. Fugiat perspiciatis est natus repellendus occaecati. Voluptatem tenetur quaerat ex officia et eligendi.','Post_Image_5.jpg','2019-09-14 11:01:13','2019-09-24 03:02:20','2019-09-18 11:01:13',3,69,NULL);
/*!40000 ALTER TABLE `posts` ENABLE KEYS */;
UNLOCK TABLES;

--
-- Table structure for table `product_categories`
--

DROP TABLE IF EXISTS `product_categories`;
/*!40101 SET @saved_cs_client     = @@character_set_client */;
/*!40101 SET character_set_client = utf8 */;
CREATE TABLE `product_categories` (
  `id` bigint(20) unsigned NOT NULL AUTO_INCREMENT,
  `name` varchar(191) COLLATE utf8_unicode_ci NOT NULL,
  `description` varchar(1000) COLLATE utf8_unicode_ci NOT NULL,
  `created_at` timestamp NULL DEFAULT NULL,
  `updated_at` timestamp NULL DEFAULT NULL,
  PRIMARY KEY (`id`)
) ENGINE=InnoDB AUTO_INCREMENT=31 DEFAULT CHARSET=utf8 COLLATE=utf8_unicode_ci;
/*!40101 SET character_set_client = @saved_cs_client */;

--
-- Dumping data for table `product_categories`
--

LOCK TABLES `product_categories` WRITE;
/*!40000 ALTER TABLE `product_categories` DISABLE KEYS */;
INSERT INTO `product_categories` VALUES (1,'rerum','Qui quis hic et. Rerum deleniti debitis qui officia.','2019-09-19 11:00:58','2019-09-19 11:00:58'),(2,'dolorem','Voluptas distinctio et nulla aut illo qui et.','2019-09-19 11:00:58','2019-09-19 11:00:58'),(3,'vero','Qui quia magnam et aut tenetur dolorem. Rerum ea sequi quia est.','2019-09-19 11:00:58','2019-09-19 11:00:58'),(4,'omnis','Sed delectus dolorem quaerat consequatur.','2019-09-19 11:00:58','2019-09-19 11:00:58'),(5,'animi','Ut ducimus libero eum officiis. Laboriosam est commodi et veritatis facere aut aspernatur aliquid.','2019-09-19 11:00:58','2019-09-19 11:00:58'),(6,'modi','Sunt voluptatem harum veniam repudiandae.','2019-09-19 11:00:58','2019-09-19 11:00:58'),(7,'excepturi','Ut ullam assumenda delectus sunt modi consequatur. Porro blanditiis sunt aut voluptatibus.','2019-09-19 11:00:58','2019-09-19 11:00:58'),(8,'tenetur','Voluptas quisquam id assumenda est et.','2019-09-19 11:00:58','2019-09-19 11:00:58'),(9,'necessitatibus','Et quia sit quod in nisi. Molestiae veritatis distinctio omnis rerum quia sequi voluptas.','2019-09-19 11:00:58','2019-09-19 11:00:58'),(10,'minus','Facere accusantium fuga minima dolores dolor omnis aut excepturi. Doloribus est et dolore id accusantium non non odit.','2019-09-19 11:00:58','2019-09-19 11:00:58'),(11,'sit','Dolores debitis at illum cumque error rerum omnis consequatur.','2019-09-19 11:00:58','2019-09-19 11:00:58'),(12,'nihil','Aliquid vero quidem rerum earum assumenda.','2019-09-19 11:00:58','2019-09-19 11:00:58'),(13,'quasi','Aliquid qui consequuntur ut officia. Et velit nesciunt fugiat dolore voluptatibus.','2019-09-19 11:00:58','2019-09-19 11:00:58'),(14,'eos','Tempora omnis numquam officiis blanditiis neque doloribus in. Cupiditate magnam debitis sapiente itaque.','2019-09-19 11:00:58','2019-09-19 11:00:58'),(15,'ut','Voluptas sunt tempore non magni voluptas sed.','2019-09-19 11:00:58','2019-09-19 11:00:58'),(16,'quidem','Quidem aperiam vel voluptas occaecati. Autem ut sed iste dolore qui.','2019-09-19 11:00:58','2019-09-19 11:00:58'),(17,'fugiat','Ipsum labore veniam aut itaque dolorem harum. Sint ut non pariatur sit dolorem enim voluptatem.','2019-09-19 11:00:58','2019-09-19 11:00:58'),(18,'debitis','Dolores id velit est debitis asperiores.','2019-09-19 11:00:58','2019-09-19 11:00:58'),(19,'vel','Voluptates commodi voluptate illum similique.','2019-09-19 11:00:58','2019-09-19 11:00:58'),(20,'suscipit','Ea aliquam maxime velit omnis quas tenetur.','2019-09-19 11:00:58','2019-09-19 11:00:58'),(21,'ducimus','Optio id modi ut magni exercitationem.','2019-09-19 11:00:58','2019-09-19 11:00:58'),(22,'blanditiis','Velit labore sed totam placeat facilis laborum mollitia. Quaerat doloremque facilis nihil sapiente aut.','2019-09-19 11:00:58','2019-09-19 11:00:58'),(23,'non','Consequatur dolorum at dolores.','2019-09-19 11:00:58','2019-09-19 11:00:58'),(24,'maiores','Aliquam quo nobis sit minus reprehenderit omnis. Quas voluptatibus ex praesentium.','2019-09-19 11:00:58','2019-09-19 11:00:58'),(25,'expedita','Illo fuga nemo sapiente eius aut nihil. Quo quo facilis incidunt sed doloribus consequatur ea.','2019-09-19 11:00:58','2019-09-19 11:00:58'),(26,'eligendi','Non nihil enim dolor voluptatem. Nesciunt velit eos fuga dolores voluptatem.','2019-09-19 11:00:58','2019-09-19 11:00:58'),(27,'quia','Hic accusamus blanditiis et ullam.','2019-09-19 11:00:58','2019-09-19 11:00:58'),(28,'quas','Aliquid nostrum fugiat voluptatum ea. Modi aut corporis non laboriosam est.','2019-09-19 11:00:58','2019-09-19 11:00:58'),(29,'nisi','Dolorem magnam aut qui temporibus est.','2019-09-19 11:00:58','2019-09-19 11:00:58'),(30,'natus','Et praesentium vero natus tempore esse perspiciatis odit placeat.','2019-09-19 11:00:58','2019-09-19 11:00:58');
/*!40000 ALTER TABLE `product_categories` ENABLE KEYS */;
UNLOCK TABLES;

--
-- Table structure for table `product_product_category`
--

DROP TABLE IF EXISTS `product_product_category`;
/*!40101 SET @saved_cs_client     = @@character_set_client */;
/*!40101 SET character_set_client = utf8 */;
CREATE TABLE `product_product_category` (
  `product_category_id` bigint(20) unsigned NOT NULL,
  `product_id` bigint(20) unsigned NOT NULL,
  KEY `product_product_category_product_category_id_foreign` (`product_category_id`),
  KEY `product_product_category_product_id_foreign` (`product_id`),
  CONSTRAINT `product_product_category_product_category_id_foreign` FOREIGN KEY (`product_category_id`) REFERENCES `product_categories` (`id`),
  CONSTRAINT `product_product_category_product_id_foreign` FOREIGN KEY (`product_id`) REFERENCES `products` (`id`)
) ENGINE=InnoDB DEFAULT CHARSET=utf8 COLLATE=utf8_unicode_ci;
/*!40101 SET character_set_client = @saved_cs_client */;

--
-- Dumping data for table `product_product_category`
--

LOCK TABLES `product_product_category` WRITE;
/*!40000 ALTER TABLE `product_product_category` DISABLE KEYS */;
INSERT INTO `product_product_category` VALUES (9,1),(12,1),(18,1),(2,2),(5,2),(9,2),(10,2),(7,3),(8,3),(17,3),(26,3),(30,3),(7,4),(14,4),(20,4),(15,5),(11,6),(15,6),(23,6),(27,6),(16,7),(18,7),(20,7),(21,8),(24,8),(5,9),(15,9),(20,9),(9,10),(13,10),(16,10),(19,11),(20,12),(6,13),(7,13),(11,13),(20,13),(23,13),(2,14),(11,15),(19,15),(20,15),(23,15),(29,15),(21,16),(9,17),(16,17),(20,17),(28,17),(1,18),(2,18),(11,18),(17,18),(24,18),(7,19),(13,19),(15,19),(29,19),(5,20),(9,20),(14,20),(27,20),(28,20),(9,21),(24,21),(1,22),(6,22),(14,22),(18,22),(25,22),(22,23),(4,24),(17,24),(21,24),(2,25),(12,25),(15,25),(20,25),(10,26),(21,26),(22,26),(27,26),(18,27),(20,27),(23,27),(29,27),(11,28),(12,28),(15,28),(16,28),(24,28),(3,29),(4,29),(5,29),(9,29),(8,30),(11,30),(6,31),(22,31),(15,32),(26,32),(28,32),(29,32),(4,33),(7,33),(24,33),(4,34),(14,34),(15,34),(26,34),(11,35),(10,36),(14,36),(15,36),(18,37),(7,38),(9,38),(1,39),(4,39),(10,39),(25,39),(27,39),(2,40),(10,40),(15,40),(20,40),(25,40),(11,41),(18,41),(6,42),(26,43),(25,44),(30,44),(15,45),(24,45),(2,46),(1,47),(2,47),(8,47),(24,47),(27,47),(8,48),(24,48),(27,48),(30,48),(1,49),(16,49),(17,49),(26,49),(2,50),(6,50),(10,50),(11,50),(9,51),(10,51),(12,51),(14,51),(29,51),(1,52),(26,52),(9,53),(13,53),(18,53),(22,53),(22,54),(1,55),(5,55),(11,55),(24,55),(1,56),(12,56),(20,57),(5,58),(13,58),(14,58),(19,58),(29,58),(16,59),(4,60),(9,60),(14,60),(20,60),(22,60),(7,61),(10,61),(14,61),(25,61),(29,61),(4,62),(10,62),(23,62),(12,63),(14,63),(30,63),(6,64),(8,64),(10,64),(20,64),(28,64),(10,65),(19,65),(15,66),(27,66),(28,66),(5,67),(8,67),(15,67),(19,67),(22,67),(3,68),(7,68),(10,68),(2,69),(12,69),(13,69),(26,69),(17,70),(23,70),(10,71),(19,72),(21,72),(23,72),(8,73),(10,73),(23,73),(24,73),(25,73),(5,74),(18,74),(20,74),(22,74),(17,75),(1,76),(2,76),(8,76),(17,76),(3,77),(5,77),(11,77),(22,77),(12,78),(22,78),(21,79),(22,79),(9,80),(19,80),(27,80),(28,80),(30,80);
/*!40000 ALTER TABLE `product_product_category` ENABLE KEYS */;
UNLOCK TABLES;

--
-- Table structure for table `products`
--

DROP TABLE IF EXISTS `products`;
/*!40101 SET @saved_cs_client     = @@character_set_client */;
/*!40101 SET character_set_client = utf8 */;
CREATE TABLE `products` (
  `id` bigint(20) unsigned NOT NULL AUTO_INCREMENT,
  `name` varchar(191) COLLATE utf8_unicode_ci NOT NULL,
  `description` varchar(1000) COLLATE utf8_unicode_ci NOT NULL,
  `status` varchar(191) COLLATE utf8_unicode_ci NOT NULL DEFAULT 'unavailable',
  `image` varchar(191) COLLATE utf8_unicode_ci NOT NULL,
  `created_at` timestamp NULL DEFAULT NULL,
  `updated_at` timestamp NULL DEFAULT NULL,
  PRIMARY KEY (`id`)
) ENGINE=InnoDB AUTO_INCREMENT=81 DEFAULT CHARSET=utf8 COLLATE=utf8_unicode_ci;
/*!40101 SET character_set_client = @saved_cs_client */;

--
-- Dumping data for table `products`
--

LOCK TABLES `products` WRITE;
/*!40000 ALTER TABLE `products` DISABLE KEYS */;
INSERT INTO `products` VALUES (1,'cupiditate','Ut sed nisi consequatur eos qui nihil enim.','available','thumb_T-shirt41.jpg','2019-09-19 11:00:58','2019-09-19 11:00:58'),(2,'et','Dolorem amet id officiis et. Aliquam provident quaerat pariatur assumenda.','unavailable','thumb_T-shirt41.jpg','2019-09-19 11:00:59','2019-09-19 11:00:59'),(3,'labore','Est magni id provident est illum quia nesciunt. Molestiae ea accusamus nostrum ea dolorum debitis.','unavailable','thumb_T-shirt31.jpg','2019-09-19 11:00:59','2019-09-19 11:00:59'),(4,'sint','Nemo saepe nesciunt est dolorum amet ipsam. Excepturi impedit ut ex adipisci aut quam ut.','unavailable','thumb_T-shirt31.jpg','2019-09-19 11:00:59','2019-09-19 11:00:59'),(5,'nemo','Voluptatibus quo soluta omnis quam soluta numquam dolorum molestias.','available','thumb_T-shirt41.jpg','2019-09-19 11:00:59','2019-09-19 11:00:59'),(6,'itaque','Vero maiores et dolorem architecto.','unavailable','thumb_T-shirt41.jpg','2019-09-19 11:00:59','2019-09-19 11:00:59'),(7,'quaerat','Dolores sit sunt est consequatur rem quam.','available','thumb_T-shirt41.jpg','2019-09-19 11:00:59','2019-09-19 11:00:59'),(8,'dicta','Omnis molestias inventore voluptatem nostrum qui quo a. Et aliquid consequatur autem dolorem.','available','thumb_T-shirt31.jpg','2019-09-19 11:00:59','2019-09-19 11:00:59'),(9,'qui','Aut rerum possimus omnis ea consequatur nihil animi.','available','thumb_T-shirt21.jpg','2019-09-19 11:00:59','2019-09-19 11:00:59'),(10,'laborum','Sit quam explicabo culpa quod accusamus.','unavailable','thumb_T-shirt41.jpg','2019-09-19 11:00:59','2019-09-19 11:00:59'),(11,'nobis','Facere tempora doloremque voluptatem.','unavailable','thumb_T-shirt31.jpg','2019-09-19 11:00:59','2019-09-19 11:00:59'),(12,'aut','Cum nemo dignissimos aut alias eum dolores occaecati.','unavailable','thumb_T-shirt41.jpg','2019-09-19 11:00:59','2019-09-19 11:00:59'),(13,'esse','Magni ipsum vel ut ipsa est. Exercitationem ab laborum architecto eveniet qui.','available','thumb_T-shirt21.jpg','2019-09-19 11:00:59','2019-09-19 11:00:59'),(14,'quod','Dolor quod ut eum quo molestiae. Necessitatibus quis sit repellendus porro dolore aperiam dolores.','unavailable','thumb_T-shirt41.jpg','2019-09-19 11:00:59','2019-09-19 11:00:59'),(15,'cumque','Et consequatur magnam voluptatibus.','unavailable','thumb_T-shirt21.jpg','2019-09-19 11:00:59','2019-09-19 11:00:59'),(16,'at','Magni laudantium molestiae eaque temporibus.','unavailable','thumb_T-shirt41.jpg','2019-09-19 11:00:59','2019-09-19 11:00:59'),(17,'rem','Earum accusantium modi nobis rerum quia. Eius eum eum laborum pariatur molestiae dolores est.','unavailable','thumb_T-shirt21.jpg','2019-09-19 11:00:59','2019-09-19 11:00:59'),(18,'unde','Quas consequuntur sit libero sit incidunt qui voluptas.','unavailable','thumb_T-shirt31.jpg','2019-09-19 11:00:59','2019-09-19 11:00:59'),(19,'libero','Exercitationem sit eaque quia exercitationem.','available','thumb_T-shirt21.jpg','2019-09-19 11:00:59','2019-09-19 11:00:59'),(20,'corporis','Quis repellat doloribus et et est culpa.','unavailable','thumb_T-shirt31.jpg','2019-09-19 11:00:59','2019-09-19 11:00:59'),(21,'eius','Dolor ratione perspiciatis doloribus sed impedit debitis. Quis explicabo minus minus.','available','thumb_T-shirt31.jpg','2019-09-19 11:00:59','2019-09-19 11:00:59'),(22,'enim','Culpa harum commodi facere exercitationem.','available','thumb_T-shirt31.jpg','2019-09-19 11:00:59','2019-09-19 11:00:59'),(23,'numquam','Adipisci modi error recusandae ut.','available','thumb_T-shirt21.jpg','2019-09-19 11:00:59','2019-09-19 11:00:59'),(24,'commodi','Amet tempora suscipit quia suscipit possimus perferendis. Iste et error impedit perspiciatis aut et.','unavailable','thumb_T-shirt21.jpg','2019-09-19 11:00:59','2019-09-19 11:00:59'),(25,'adipisci','Blanditiis et aliquam iusto. Incidunt aut aut porro et rerum.','available','thumb_T-shirt21.jpg','2019-09-19 11:00:59','2019-09-19 11:00:59'),(26,'velit','Similique dicta natus nam sed.','unavailable','thumb_T-shirt21.jpg','2019-09-19 11:00:59','2019-09-19 11:00:59'),(27,'harum','Sint voluptatem tempore nisi assumenda.','available','thumb_T-shirt31.jpg','2019-09-19 11:00:59','2019-09-19 11:00:59'),(28,'doloribus','Tempora fugit omnis deserunt doloribus magni aut. Non ut nam sit.','available','thumb_T-shirt41.jpg','2019-09-19 11:00:59','2019-09-19 11:00:59'),(29,'deleniti','Eum aut alias ea aliquam ipsum.','unavailable','thumb_T-shirt41.jpg','2019-09-19 11:00:59','2019-09-19 11:00:59'),(30,'aperiam','Hic enim quis et optio ut magni.','unavailable','thumb_T-shirt41.jpg','2019-09-19 11:00:59','2019-09-19 11:00:59'),(31,'dignissimos','Adipisci tempora numquam explicabo voluptas aperiam. Deleniti est in praesentium cupiditate.','unavailable','thumb_T-shirt31.jpg','2019-09-19 11:00:59','2019-09-19 11:00:59'),(32,'est','Perferendis voluptate rerum eum quo ut.','unavailable','thumb_T-shirt41.jpg','2019-09-19 11:00:59','2019-09-19 11:00:59'),(33,'error','Consequatur voluptas ipsam sint itaque.','unavailable','thumb_T-shirt41.jpg','2019-09-19 11:00:59','2019-09-19 11:00:59'),(34,'laudantium','Vel et voluptas quia autem ex.','unavailable','thumb_T-shirt31.jpg','2019-09-19 11:00:59','2019-09-19 11:00:59'),(35,'eum','Nisi vitae sint aut recusandae voluptas omnis.','available','thumb_T-shirt41.jpg','2019-09-19 11:00:59','2019-09-19 11:00:59'),(36,'dolores','Quis itaque et at delectus vel vel. Velit et ipsum facilis minima numquam.','available','thumb_T-shirt41.jpg','2019-09-19 11:00:59','2019-09-19 11:00:59'),(37,'accusantium','Sit non doloremque eum quo.','available','thumb_T-shirt21.jpg','2019-09-19 11:00:59','2019-09-19 11:00:59'),(38,'saepe','Inventore vel quo corrupti aut maxime delectus enim deserunt. Odio dolorem dolorum a natus dolorum.','unavailable','thumb_T-shirt31.jpg','2019-09-19 11:00:59','2019-09-19 11:00:59'),(39,'possimus','Est assumenda et perferendis repellendus et quos. Modi ratione a est.','available','thumb_T-shirt41.jpg','2019-09-19 11:00:59','2019-09-19 11:00:59'),(40,'molestiae','Libero et impedit suscipit et provident eos. Dolorem necessitatibus itaque ut incidunt.','available','thumb_T-shirt41.jpg','2019-09-19 11:00:59','2019-09-19 11:00:59'),(41,'ipsam','Dolores ea aperiam et autem enim tempora quo. Fugiat cumque nam fuga odio.','unavailable','thumb_T-shirt21.jpg','2019-09-19 11:00:59','2019-09-19 11:00:59'),(42,'voluptate','Blanditiis qui eligendi suscipit eos. Atque et aut laudantium et explicabo.','available','thumb_T-shirt21.jpg','2019-09-19 11:00:59','2019-09-19 11:00:59'),(43,'amet','Id sequi sapiente eaque id. Quia debitis est aspernatur.','available','thumb_T-shirt31.jpg','2019-09-19 11:00:59','2019-09-19 11:00:59'),(44,'voluptatem','Nisi officia consequuntur ut esse non.','available','thumb_T-shirt31.jpg','2019-09-19 11:00:59','2019-09-19 11:00:59'),(45,'laboriosam','At ratione nihil aliquam in et vero dolor. Ut eos accusantium rerum deserunt quis.','unavailable','thumb_T-shirt41.jpg','2019-09-19 11:00:59','2019-09-19 11:00:59'),(46,'magni','Autem occaecati ratione laboriosam nulla dolor ut. Et qui quo est eos architecto enim consequuntur.','unavailable','thumb_T-shirt41.jpg','2019-09-19 11:00:59','2019-09-19 11:00:59'),(47,'explicabo','Aliquam vel odit praesentium sit. Fuga pariatur aut amet ut voluptatibus distinctio accusantium.','available','thumb_T-shirt31.jpg','2019-09-19 11:00:59','2019-09-19 11:00:59'),(48,'odit','Sunt id eveniet aut architecto eum.','unavailable','thumb_T-shirt41.jpg','2019-09-19 11:00:59','2019-09-19 11:00:59'),(49,'doloremque','Ut quaerat libero voluptatem illo voluptates cum.','available','thumb_T-shirt31.jpg','2019-09-19 11:00:59','2019-09-19 11:00:59'),(50,'deserunt','Eos assumenda necessitatibus explicabo ut beatae magni.','available','thumb_T-shirt31.jpg','2019-09-19 11:00:59','2019-09-19 11:00:59'),(51,'mollitia','Doloremque magni et earum sit hic dolor animi. Error temporibus repellat quasi cum.','available','thumb_T-shirt21.jpg','2019-09-19 11:00:59','2019-09-19 11:00:59'),(52,'illo','Enim aut autem expedita vel aut nemo.','available','thumb_T-shirt41.jpg','2019-09-19 11:00:59','2019-09-19 11:00:59'),(53,'tempore','Et dolores impedit libero non id.','available','thumb_T-shirt31.jpg','2019-09-19 11:00:59','2019-09-19 11:00:59'),(54,'pariatur','Magni maiores numquam consequuntur tempore. Exercitationem eos harum rem et.','unavailable','thumb_T-shirt31.jpg','2019-09-19 11:00:59','2019-09-19 11:00:59'),(55,'autem','Magnam ut blanditiis nostrum quo facere consequuntur error tempora. Debitis quam pariatur provident maiores libero ut.','available','thumb_T-shirt21.jpg','2019-09-19 11:00:59','2019-09-19 11:00:59'),(56,'aliquam','Velit optio corporis dolorem et laudantium dolorem sit. Quia quia numquam rerum dolorem totam mollitia nihil.','unavailable','thumb_T-shirt41.jpg','2019-09-19 11:00:59','2019-09-19 11:00:59'),(57,'voluptates','Consequatur enim quia architecto nesciunt odit dolorem.','unavailable','thumb_T-shirt21.jpg','2019-09-19 11:00:59','2019-09-19 11:00:59'),(58,'voluptas','Est nulla autem officiis eum. Qui et rerum ullam sit veniam rerum dolores incidunt.','available','thumb_T-shirt41.jpg','2019-09-19 11:00:59','2019-09-19 11:00:59'),(59,'quam','Perferendis itaque pariatur velit et fuga et maxime.','available','thumb_T-shirt41.jpg','2019-09-19 11:00:59','2019-09-19 11:00:59'),(60,'incidunt','Illo similique a alias in fugiat et occaecati. Soluta eligendi alias et reprehenderit voluptas.','unavailable','thumb_T-shirt21.jpg','2019-09-19 11:00:59','2019-09-19 11:00:59'),(61,'temporibus','Soluta odit quae quod repudiandae reprehenderit dolore. Repellendus repellat natus aut rerum voluptas dolore vero.','available','thumb_T-shirt21.jpg','2019-09-19 11:00:59','2019-09-19 11:00:59'),(62,'consequuntur','Porro id ex et sed optio ullam alias. Consequatur vel debitis qui itaque.','unavailable','thumb_T-shirt41.jpg','2019-09-19 11:00:59','2019-09-19 11:00:59'),(63,'facilis','Reiciendis molestiae occaecati aut dolor quae.','unavailable','thumb_T-shirt21.jpg','2019-09-19 11:00:59','2019-09-19 11:00:59'),(64,'alias','Quibusdam voluptas inventore quaerat tempore in.','unavailable','thumb_T-shirt31.jpg','2019-09-19 11:00:59','2019-09-19 11:00:59'),(65,'reiciendis','Temporibus non est sit omnis nulla et voluptatum. Consequatur quia in repellendus omnis iusto.','unavailable','thumb_T-shirt31.jpg','2019-09-19 11:00:59','2019-09-19 11:00:59'),(66,'in','Voluptatem ipsum totam aliquid saepe rerum quis.','available','thumb_T-shirt21.jpg','2019-09-19 11:00:59','2019-09-19 11:00:59'),(67,'culpa','Enim tempore voluptate dolor consequatur omnis. Natus in ratione enim mollitia asperiores fugit.','available','thumb_T-shirt41.jpg','2019-09-19 11:00:59','2019-09-19 11:00:59'),(68,'reprehenderit','Optio optio sunt et et et est doloremque. Delectus vel voluptatibus in quidem quis ut sed.','available','thumb_T-shirt41.jpg','2019-09-19 11:00:59','2019-09-19 11:00:59'),(69,'ullam','Iste alias et aut qui nisi laudantium magnam quos.','unavailable','thumb_T-shirt21.jpg','2019-09-19 11:00:59','2019-09-19 11:00:59'),(70,'distinctio','Qui iusto perspiciatis mollitia eum consequatur velit.','unavailable','thumb_T-shirt41.jpg','2019-09-19 11:00:59','2019-09-19 11:00:59'),(71,'fugit','Ex magni soluta dolores.','unavailable','thumb_T-shirt21.jpg','2019-09-19 11:00:59','2019-09-19 11:00:59'),(72,'consequatur','Sapiente cumque maiores quae quibusdam voluptatem cupiditate. Accusantium sunt neque accusantium natus repellat impedit cumque.','available','thumb_T-shirt31.jpg','2019-09-19 11:00:59','2019-09-19 11:00:59'),(73,'quo','Aut voluptatum rerum quia quo placeat distinctio. Quidem dignissimos omnis adipisci dicta.','available','thumb_T-shirt41.jpg','2019-09-19 11:00:59','2019-09-19 11:00:59'),(74,'quae','Perferendis voluptates ut necessitatibus hic dicta doloremque temporibus.','unavailable','thumb_T-shirt21.jpg','2019-09-19 11:00:59','2019-09-19 11:00:59'),(75,'repellendus','Commodi non provident nam debitis id atque.','available','thumb_T-shirt31.jpg','2019-09-19 11:00:59','2019-09-19 11:00:59'),(76,'porro','Cumque ab doloremque sed nihil illo.','available','thumb_T-shirt21.jpg','2019-09-19 11:00:59','2019-09-19 11:00:59'),(77,'nam','Perferendis quam veniam quia vel sit dolores. Non deleniti tempora optio molestias.','available','thumb_T-shirt21.jpg','2019-09-19 11:00:59','2019-09-19 11:00:59'),(78,'nulla','Quidem tempore voluptatem voluptatum recusandae unde ab excepturi. Eveniet illo quia debitis quos cupiditate incidunt.','unavailable','thumb_T-shirt21.jpg','2019-09-19 11:00:59','2019-09-19 11:00:59'),(79,'optio','Aut sunt atque repudiandae ut odio.','unavailable','thumb_T-shirt31.jpg','2019-09-19 11:00:59','2019-09-19 11:00:59'),(80,'illum','Sit veniam dolor voluptatem voluptatibus voluptates suscipit. Laboriosam aliquam placeat doloremque est aut.','available','thumb_T-shirt31.jpg','2019-09-19 11:00:59','2019-09-19 11:00:59');
/*!40000 ALTER TABLE `products` ENABLE KEYS */;
UNLOCK TABLES;

--
-- Table structure for table `role_user`
--

DROP TABLE IF EXISTS `role_user`;
/*!40101 SET @saved_cs_client     = @@character_set_client */;
/*!40101 SET character_set_client = utf8 */;
CREATE TABLE `role_user` (
  `role_id` int(10) unsigned NOT NULL,
  `user_id` int(10) unsigned NOT NULL,
  `user_type` varchar(191) COLLATE utf8_unicode_ci NOT NULL,
  PRIMARY KEY (`user_id`,`role_id`,`user_type`),
  KEY `role_user_role_id_foreign` (`role_id`),
  CONSTRAINT `role_user_role_id_foreign` FOREIGN KEY (`role_id`) REFERENCES `roles` (`id`) ON DELETE CASCADE ON UPDATE CASCADE
) ENGINE=InnoDB DEFAULT CHARSET=utf8 COLLATE=utf8_unicode_ci;
/*!40101 SET character_set_client = @saved_cs_client */;

--
-- Dumping data for table `role_user`
--

LOCK TABLES `role_user` WRITE;
/*!40000 ALTER TABLE `role_user` DISABLE KEYS */;
INSERT INTO `role_user` VALUES (1,1,'App\\User'),(2,2,'App\\User'),(3,3,'App\\User');
/*!40000 ALTER TABLE `role_user` ENABLE KEYS */;
UNLOCK TABLES;

--
-- Table structure for table `roles`
--

DROP TABLE IF EXISTS `roles`;
/*!40101 SET @saved_cs_client     = @@character_set_client */;
/*!40101 SET character_set_client = utf8 */;
CREATE TABLE `roles` (
  `id` int(10) unsigned NOT NULL AUTO_INCREMENT,
  `name` varchar(191) COLLATE utf8_unicode_ci NOT NULL,
  `display_name` varchar(191) COLLATE utf8_unicode_ci DEFAULT NULL,
  `description` varchar(191) COLLATE utf8_unicode_ci DEFAULT NULL,
  `created_at` timestamp NULL DEFAULT NULL,
  `updated_at` timestamp NULL DEFAULT NULL,
  PRIMARY KEY (`id`),
  UNIQUE KEY `roles_name_unique` (`name`)
) ENGINE=InnoDB AUTO_INCREMENT=4 DEFAULT CHARSET=utf8 COLLATE=utf8_unicode_ci;
/*!40101 SET character_set_client = @saved_cs_client */;

--
-- Dumping data for table `roles`
--

LOCK TABLES `roles` WRITE;
/*!40000 ALTER TABLE `roles` DISABLE KEYS */;
INSERT INTO `roles` VALUES (1,'admin','Admin',NULL,'2019-09-19 11:01:14','2019-09-19 11:01:14'),(2,'editor','Editor',NULL,'2019-09-19 11:01:14','2019-09-19 11:01:14'),(3,'author','Author',NULL,'2019-09-19 11:01:14','2019-09-19 11:01:14');
/*!40000 ALTER TABLE `roles` ENABLE KEYS */;
UNLOCK TABLES;

--
-- Table structure for table `shops`
--

DROP TABLE IF EXISTS `shops`;
/*!40101 SET @saved_cs_client     = @@character_set_client */;
/*!40101 SET character_set_client = utf8 */;
CREATE TABLE `shops` (
  `id` bigint(20) unsigned NOT NULL AUTO_INCREMENT,
  `name` varchar(191) COLLATE utf8_unicode_ci NOT NULL,
  `image` varchar(191) COLLATE utf8_unicode_ci NOT NULL,
  `address` varchar(191) COLLATE utf8_unicode_ci NOT NULL,
  `description` varchar(191) COLLATE utf8_unicode_ci NOT NULL,
  `created_at` timestamp NULL DEFAULT NULL,
  `updated_at` timestamp NULL DEFAULT NULL,
  PRIMARY KEY (`id`)
) ENGINE=InnoDB AUTO_INCREMENT=11 DEFAULT CHARSET=utf8 COLLATE=utf8_unicode_ci;
/*!40101 SET character_set_client = @saved_cs_client */;

--
-- Dumping data for table `shops`
--

LOCK TABLES `shops` WRITE;
/*!40000 ALTER TABLE `shops` DISABLE KEYS */;
INSERT INTO `shops` VALUES (1,'voluptatum','thumb_T-shirt41.jpg','Kampala','Est sint enim a aut. Sunt occaecati vel dolorum neque repellendus aut.','2019-09-19 11:01:00','2019-09-19 11:01:00'),(2,'hic','thumb_T-shirt41.jpg','Kampala','Molestiae corporis sed exercitationem enim aut accusamus. Ipsum corporis dolorem et sed.','2019-09-19 11:01:00','2019-09-19 11:01:00'),(3,'quis','thumb_T-shirt21.jpg','Bombo','Distinctio ut perspiciatis porro tempore.','2019-09-19 11:01:00','2019-09-19 11:01:00'),(4,'sapiente','thumb_T-shirt41.jpg','Naguru','Magnam est et quia atque deleniti in iste molestiae.','2019-09-19 11:01:00','2019-09-19 11:01:00'),(5,'recusandae','thumb_T-shirt41.jpg','Naguru','Nobis ut nesciunt voluptatem necessitatibus dolore nostrum voluptates.','2019-09-19 11:01:00','2019-09-19 11:01:00'),(6,'totam','thumb_T-shirt41.jpg','Naguru','Non non eaque necessitatibus ut quod voluptas quia.','2019-09-19 11:01:00','2019-09-19 11:01:00'),(7,'maxime','thumb_T-shirt31.jpg','Kampala','Quis hic dolores facilis deserunt culpa voluptatem.','2019-09-19 11:01:00','2019-09-19 11:01:00'),(8,'tempora','thumb_T-shirt21.jpg','Naguru','Sint quia atque magni illo praesentium dolorem optio maxime. Tempora saepe quo est.','2019-09-19 11:01:00','2019-09-19 11:01:00'),(9,'aspernatur','thumb_T-shirt21.jpg','Bombo','Ab dignissimos id voluptas ratione. Saepe et repellat sunt a optio.','2019-09-19 11:01:00','2019-09-19 11:01:00'),(10,'perferendis','thumb_T-shirt41.jpg','Naguru','Et atque voluptatem fuga non cum ut reprehenderit. A mollitia deleniti minima non praesentium.','2019-09-19 11:01:00','2019-09-19 11:01:00');
/*!40000 ALTER TABLE `shops` ENABLE KEYS */;
UNLOCK TABLES;

--
-- Table structure for table `social_media_names`
--

DROP TABLE IF EXISTS `social_media_names`;
/*!40101 SET @saved_cs_client     = @@character_set_client */;
/*!40101 SET character_set_client = utf8 */;
CREATE TABLE `social_media_names` (
  `id` int(10) unsigned NOT NULL AUTO_INCREMENT,
  `name` varchar(191) COLLATE utf8_unicode_ci NOT NULL,
  `created_at` timestamp NULL DEFAULT NULL,
  `updated_at` timestamp NULL DEFAULT NULL,
  PRIMARY KEY (`id`)
) ENGINE=InnoDB AUTO_INCREMENT=4 DEFAULT CHARSET=utf8 COLLATE=utf8_unicode_ci;
/*!40101 SET character_set_client = @saved_cs_client */;

--
-- Dumping data for table `social_media_names`
--

LOCK TABLES `social_media_names` WRITE;
/*!40000 ALTER TABLE `social_media_names` DISABLE KEYS */;
INSERT INTO `social_media_names` VALUES (1,'linkedin','2019-09-19 11:01:00','2019-09-19 11:01:00'),(2,'facebook','2019-09-19 11:01:00','2019-09-19 11:01:00'),(3,'twitter','2019-09-19 11:01:00','2019-09-19 11:01:00');
/*!40000 ALTER TABLE `social_media_names` ENABLE KEYS */;
UNLOCK TABLES;

--
-- Table structure for table `support_member_positions`
--

DROP TABLE IF EXISTS `support_member_positions`;
/*!40101 SET @saved_cs_client     = @@character_set_client */;
/*!40101 SET character_set_client = utf8 */;
CREATE TABLE `support_member_positions` (
  `id` int(10) unsigned NOT NULL AUTO_INCREMENT,
  `title` varchar(191) COLLATE utf8_unicode_ci NOT NULL,
  `abbrev` varchar(191) COLLATE utf8_unicode_ci DEFAULT NULL,
  `created_at` timestamp NULL DEFAULT NULL,
  `updated_at` timestamp NULL DEFAULT NULL,
  PRIMARY KEY (`id`)
) ENGINE=InnoDB AUTO_INCREMENT=3 DEFAULT CHARSET=utf8 COLLATE=utf8_unicode_ci;
/*!40101 SET character_set_client = @saved_cs_client */;

--
-- Dumping data for table `support_member_positions`
--

LOCK TABLES `support_member_positions` WRITE;
/*!40000 ALTER TABLE `support_member_positions` DISABLE KEYS */;
INSERT INTO `support_member_positions` VALUES (1,'Doctor','ASP','2019-09-19 11:01:02','2019-09-19 11:01:02'),(2,'Doctor','P.A.','2019-09-19 11:01:02','2019-09-19 11:01:02');
/*!40000 ALTER TABLE `support_member_positions` ENABLE KEYS */;
UNLOCK TABLES;

--
-- Table structure for table `support_member_social_media_links`
--

DROP TABLE IF EXISTS `support_member_social_media_links`;
/*!40101 SET @saved_cs_client     = @@character_set_client */;
/*!40101 SET character_set_client = utf8 */;
CREATE TABLE `support_member_social_media_links` (
  `id` bigint(20) unsigned NOT NULL AUTO_INCREMENT,
  `support_member_id` bigint(20) unsigned NOT NULL,
  `social_media_name_id` int(10) unsigned NOT NULL,
  `url` varchar(191) COLLATE utf8_unicode_ci NOT NULL,
  `created_at` timestamp NULL DEFAULT NULL,
  `updated_at` timestamp NULL DEFAULT NULL,
  PRIMARY KEY (`id`),
  KEY `support_member_social_media_links_social_media_name_id_foreign` (`social_media_name_id`),
  KEY `support_member_social_media_links_support_member_id_foreign` (`support_member_id`),
  CONSTRAINT `support_member_social_media_links_social_media_name_id_foreign` FOREIGN KEY (`social_media_name_id`) REFERENCES `social_media_names` (`id`),
  CONSTRAINT `support_member_social_media_links_support_member_id_foreign` FOREIGN KEY (`support_member_id`) REFERENCES `support_members` (`id`)
) ENGINE=InnoDB AUTO_INCREMENT=101 DEFAULT CHARSET=utf8 COLLATE=utf8_unicode_ci;
/*!40101 SET character_set_client = @saved_cs_client */;

--
-- Dumping data for table `support_member_social_media_links`
--

LOCK TABLES `support_member_social_media_links` WRITE;
/*!40000 ALTER TABLE `support_member_social_media_links` DISABLE KEYS */;
INSERT INTO `support_member_social_media_links` VALUES (1,5,6,'Glennie Trantow DVM.facebook.com','2019-09-19 11:01:02','2019-09-19 11:01:02'),(2,4,5,'Alfred McClure.twitter.com','2019-09-19 11:01:02','2019-09-19 11:01:02'),(3,3,5,'Icie Koepp.twitter.com','2019-09-19 11:01:02','2019-09-19 11:01:02'),(4,3,3,'Travis Kub.twitter.com','2019-09-19 11:01:02','2019-09-19 11:01:02'),(5,5,3,'Dr. Perry Gottlieb.linkedin.com','2019-09-19 11:01:02','2019-09-19 11:01:02'),(6,1,2,'Freda Stamm IV.facebook.com','2019-09-19 11:01:02','2019-09-19 11:01:02'),(7,8,8,'Mr. Hank Ledner.facebook.com','2019-09-19 11:01:02','2019-09-19 11:01:02'),(8,2,3,'Darren Kunde.facebook.com','2019-09-19 11:01:02','2019-09-19 11:01:02'),(9,7,5,'Lane Bosco.twitter.com','2019-09-19 11:01:02','2019-09-19 11:01:02'),(10,8,6,'Florence West.linkedin.com','2019-09-19 11:01:02','2019-09-19 11:01:02'),(11,4,6,'Jolie Heaney.twitter.com','2019-09-19 11:01:02','2019-09-19 11:01:02'),(12,5,6,'Leatha Mann.linkedin.com','2019-09-19 11:01:02','2019-09-19 11:01:02'),(13,7,1,'Eleonore Stroman III.facebook.com','2019-09-19 11:01:02','2019-09-19 11:01:02'),(14,5,1,'Hillary Leffler DVM.linkedin.com','2019-09-19 11:01:02','2019-09-19 11:01:02'),(15,3,7,'Earnestine Barrows.facebook.com','2019-09-19 11:01:02','2019-09-19 11:01:02'),(16,2,2,'Al Pagac.twitter.com','2019-09-19 11:01:02','2019-09-19 11:01:02'),(17,3,2,'Kole Turner.twitter.com','2019-09-19 11:01:02','2019-09-19 11:01:02'),(18,7,4,'Amber Welch.linkedin.com','2019-09-19 11:01:02','2019-09-19 11:01:02'),(19,2,6,'Felix Abernathy.twitter.com','2019-09-19 11:01:02','2019-09-19 11:01:02'),(20,5,3,'Otha Erdman.facebook.com','2019-09-19 11:01:02','2019-09-19 11:01:02'),(21,4,1,'Zetta Parker PhD.linkedin.com','2019-09-19 11:01:02','2019-09-19 11:01:02'),(22,1,4,'Brown Hamill.linkedin.com','2019-09-19 11:01:02','2019-09-19 11:01:02'),(23,2,6,'Elmira Kessler.twitter.com','2019-09-19 11:01:02','2019-09-19 11:01:02'),(24,2,2,'Jeromy Keeling.facebook.com','2019-09-19 11:01:02','2019-09-19 11:01:02'),(25,6,7,'Major Ritchie.linkedin.com','2019-09-19 11:01:02','2019-09-19 11:01:02'),(26,2,8,'Alejandrin Sanford.twitter.com','2019-09-19 11:01:02','2019-09-19 11:01:02'),(27,8,2,'Favian Schaefer.facebook.com','2019-09-19 11:01:02','2019-09-19 11:01:02'),(28,1,7,'Gisselle Conn.facebook.com','2019-09-19 11:01:02','2019-09-19 11:01:02'),(29,4,1,'Izaiah Zboncak.facebook.com','2019-09-19 11:01:02','2019-09-19 11:01:02'),(30,8,6,'Van Thiel.twitter.com','2019-09-19 11:01:02','2019-09-19 11:01:02'),(31,1,3,'Adan Buckridge.facebook.com','2019-09-19 11:01:02','2019-09-19 11:01:02'),(32,2,3,'Kaela D\'Amore I.linkedin.com','2019-09-19 11:01:02','2019-09-19 11:01:02'),(33,1,5,'Shyanne Reichert.facebook.com','2019-09-19 11:01:02','2019-09-19 11:01:02'),(34,4,4,'Carlotta Schuster.twitter.com','2019-09-19 11:01:02','2019-09-19 11:01:02'),(35,5,3,'Gudrun Monahan.linkedin.com','2019-09-19 11:01:02','2019-09-19 11:01:02'),(36,6,3,'Dr. June Gaylord II.twitter.com','2019-09-19 11:01:02','2019-09-19 11:01:02'),(37,7,7,'Dr. Eugenia Stiedemann V.facebook.com','2019-09-19 11:01:03','2019-09-19 11:01:03'),(38,3,2,'Gladys Bartoletti.facebook.com','2019-09-19 11:01:03','2019-09-19 11:01:03'),(39,4,7,'Glennie Aufderhar.facebook.com','2019-09-19 11:01:03','2019-09-19 11:01:03'),(40,3,5,'Joelle Schoen.facebook.com','2019-09-19 11:01:03','2019-09-19 11:01:03'),(41,3,1,'Omari Barton.facebook.com','2019-09-19 11:01:03','2019-09-19 11:01:03'),(42,1,5,'Prof. Benton Harris I.linkedin.com','2019-09-19 11:01:03','2019-09-19 11:01:03'),(43,7,6,'Don Schaden.facebook.com','2019-09-19 11:01:03','2019-09-19 11:01:03'),(44,1,8,'Mr. Troy Sanford.linkedin.com','2019-09-19 11:01:03','2019-09-19 11:01:03'),(45,5,4,'Kenneth Hill.linkedin.com','2019-09-19 11:01:03','2019-09-19 11:01:03'),(46,6,7,'Mrs. Edyth Marquardt Sr..twitter.com','2019-09-19 11:01:03','2019-09-19 11:01:03'),(47,6,2,'Daniella Powlowski III.twitter.com','2019-09-19 11:01:03','2019-09-19 11:01:03'),(48,1,8,'Raheem Greenholt.facebook.com','2019-09-19 11:01:03','2019-09-19 11:01:03'),(49,5,2,'Dr. Lawson Pfeffer MD.twitter.com','2019-09-19 11:01:03','2019-09-19 11:01:03'),(50,4,2,'Marianna Padberg.twitter.com','2019-09-19 11:01:03','2019-09-19 11:01:03'),(51,6,4,'Durward Mohr.twitter.com','2019-09-19 11:01:03','2019-09-19 11:01:03'),(52,6,4,'Frances Jacobi.facebook.com','2019-09-19 11:01:03','2019-09-19 11:01:03'),(53,8,8,'Mr. Stephon Kub.linkedin.com','2019-09-19 11:01:03','2019-09-19 11:01:03'),(54,3,2,'Mr. Dallas Kerluke DVM.twitter.com','2019-09-19 11:01:03','2019-09-19 11:01:03'),(55,8,8,'Karl Mertz.linkedin.com','2019-09-19 11:01:03','2019-09-19 11:01:03'),(56,3,1,'Idella Will.twitter.com','2019-09-19 11:01:03','2019-09-19 11:01:03'),(57,3,8,'Sigmund Jacobi V.twitter.com','2019-09-19 11:01:03','2019-09-19 11:01:03'),(58,2,8,'Eudora Will I.twitter.com','2019-09-19 11:01:03','2019-09-19 11:01:03'),(59,2,2,'Braeden Becker.twitter.com','2019-09-19 11:01:03','2019-09-19 11:01:03'),(60,4,2,'Bettye Kutch.facebook.com','2019-09-19 11:01:03','2019-09-19 11:01:03'),(61,5,8,'Levi Nienow.facebook.com','2019-09-19 11:01:03','2019-09-19 11:01:03'),(62,1,3,'Prof. Demarco Rowe.linkedin.com','2019-09-19 11:01:03','2019-09-19 11:01:03'),(63,4,3,'Eli Stoltenberg Sr..facebook.com','2019-09-19 11:01:03','2019-09-19 11:01:03'),(64,1,6,'Tiffany Funk.facebook.com','2019-09-19 11:01:03','2019-09-19 11:01:03'),(65,8,6,'Miss Joanie O\'Hara.facebook.com','2019-09-19 11:01:03','2019-09-19 11:01:03'),(66,2,6,'Prof. Dell West II.facebook.com','2019-09-19 11:01:03','2019-09-19 11:01:03'),(67,5,4,'Terry Abbott.linkedin.com','2019-09-19 11:01:03','2019-09-19 11:01:03'),(68,1,7,'Mrs. Rebeka Skiles.facebook.com','2019-09-19 11:01:03','2019-09-19 11:01:03'),(69,1,1,'Dr. Betty Kemmer Jr..facebook.com','2019-09-19 11:01:03','2019-09-19 11:01:03'),(70,1,2,'Ms. Kenna Kuhlman.linkedin.com','2019-09-19 11:01:03','2019-09-19 11:01:03'),(71,2,1,'Mr. Adrien Donnelly.facebook.com','2019-09-19 11:01:03','2019-09-19 11:01:03'),(72,8,6,'Prof. Parker Lesch Sr..facebook.com','2019-09-19 11:01:03','2019-09-19 11:01:03'),(73,1,8,'Dr. Alaina Nolan IV.twitter.com','2019-09-19 11:01:03','2019-09-19 11:01:03'),(74,5,1,'Salvador Roob.linkedin.com','2019-09-19 11:01:03','2019-09-19 11:01:03'),(75,8,6,'Dr. Lavern Orn Jr..twitter.com','2019-09-19 11:01:03','2019-09-19 11:01:03'),(76,4,3,'Joanny Mraz MD.linkedin.com','2019-09-19 11:01:03','2019-09-19 11:01:03'),(77,1,8,'Miss Isabelle Johns Sr..linkedin.com','2019-09-19 11:01:03','2019-09-19 11:01:03'),(78,7,4,'Candida Funk.twitter.com','2019-09-19 11:01:03','2019-09-19 11:01:03'),(79,5,2,'Mr. Lamont Boyer III.facebook.com','2019-09-19 11:01:03','2019-09-19 11:01:03'),(80,1,5,'Myrtis Labadie I.facebook.com','2019-09-19 11:01:03','2019-09-19 11:01:03'),(81,7,1,'Trey Bednar.linkedin.com','2019-09-19 11:01:03','2019-09-19 11:01:03'),(82,8,6,'Kathlyn Bailey.twitter.com','2019-09-19 11:01:03','2019-09-19 11:01:03'),(83,2,3,'Hayley Shanahan.linkedin.com','2019-09-19 11:01:03','2019-09-19 11:01:03'),(84,2,7,'Osbaldo Bergstrom.linkedin.com','2019-09-19 11:01:03','2019-09-19 11:01:03'),(85,8,4,'Claudia Koelpin Sr..twitter.com','2019-09-19 11:01:03','2019-09-19 11:01:03'),(86,5,6,'Erling Predovic.linkedin.com','2019-09-19 11:01:03','2019-09-19 11:01:03'),(87,8,7,'Lilyan Baumbach.twitter.com','2019-09-19 11:01:03','2019-09-19 11:01:03'),(88,1,4,'Gabrielle Schulist.facebook.com','2019-09-19 11:01:03','2019-09-19 11:01:03'),(89,1,1,'Miss Herminia Bailey V.facebook.com','2019-09-19 11:01:03','2019-09-19 11:01:03'),(90,4,1,'Ally Welch.twitter.com','2019-09-19 11:01:03','2019-09-19 11:01:03'),(91,4,7,'Prof. Robin Gaylord MD.linkedin.com','2019-09-19 11:01:03','2019-09-19 11:01:03'),(92,2,2,'Prof. Sammy Nitzsche II.twitter.com','2019-09-19 11:01:03','2019-09-19 11:01:03'),(93,7,5,'Kamryn Beier.facebook.com','2019-09-19 11:01:03','2019-09-19 11:01:03'),(94,5,2,'Gunner Streich.facebook.com','2019-09-19 11:01:03','2019-09-19 11:01:03'),(95,4,3,'Prof. Maye Christiansen.facebook.com','2019-09-19 11:01:03','2019-09-19 11:01:03'),(96,7,4,'Mrs. Yasmin Little DVM.linkedin.com','2019-09-19 11:01:03','2019-09-19 11:01:03'),(97,3,6,'Lonny Connelly.twitter.com','2019-09-19 11:01:03','2019-09-19 11:01:03'),(98,1,7,'Enos Bode.linkedin.com','2019-09-19 11:01:03','2019-09-19 11:01:03'),(99,4,6,'Jeanette Will.twitter.com','2019-09-19 11:01:03','2019-09-19 11:01:03'),(100,2,4,'Prof. Reggie Friesen.linkedin.com','2019-09-19 11:01:03','2019-09-19 11:01:03');
/*!40000 ALTER TABLE `support_member_social_media_links` ENABLE KEYS */;
UNLOCK TABLES;

--
-- Table structure for table `support_members`
--

DROP TABLE IF EXISTS `support_members`;
/*!40101 SET @saved_cs_client     = @@character_set_client */;
/*!40101 SET character_set_client = utf8 */;
CREATE TABLE `support_members` (
  `id` bigint(20) unsigned NOT NULL AUTO_INCREMENT,
  `profile_pic` varchar(191) COLLATE utf8_unicode_ci NOT NULL,
  `position_id` int(10) unsigned NOT NULL,
  `firstname` varchar(191) COLLATE utf8_unicode_ci NOT NULL,
  `lastname` varchar(191) COLLATE utf8_unicode_ci NOT NULL,
  `bio` varchar(1000) COLLATE utf8_unicode_ci NOT NULL,
  `is_executive` varchar(191) COLLATE utf8_unicode_ci NOT NULL DEFAULT '0',
  `created_at` timestamp NULL DEFAULT NULL,
  `updated_at` timestamp NULL DEFAULT NULL,
  PRIMARY KEY (`id`),
  KEY `support_members_position_id_foreign` (`position_id`),
  CONSTRAINT `support_members_position_id_foreign` FOREIGN KEY (`position_id`) REFERENCES `support_member_positions` (`id`)
) ENGINE=InnoDB AUTO_INCREMENT=26 DEFAULT CHARSET=utf8 COLLATE=utf8_unicode_ci;
/*!40101 SET character_set_client = @saved_cs_client */;

--
-- Dumping data for table `support_members`
--

LOCK TABLES `support_members` WRITE;
/*!40000 ALTER TABLE `support_members` DISABLE KEYS */;
INSERT INTO `support_members` VALUES (1,'trainer-img.jpg',4,'Germaine Hane II','Jacky Gibson','Id eveniet odit laudantium modi. Error ut consequatur officiis nobis reprehenderit dolorem beatae.','1','2019-09-19 11:01:02','2019-09-19 11:01:02'),(2,'trainer-img2.jpg',8,'Miss Marcelle Hayes DVM','Dr. Claudia Weimann MD','Iste mollitia fugiat porro vel sit. Earum quod aut autem aut voluptas incidunt est.','1','2019-09-19 11:01:02','2019-09-19 11:01:02'),(3,'trainer-img1.jpg',8,'Adriel Hartmann II','Prof. Antoinette Auer PhD','Dolorem ea voluptatem laudantium consequuntur quaerat unde sed.','0','2019-09-19 11:01:02','2019-09-19 11:01:02'),(4,'trainer-img.jpg',7,'Ressie Lueilwitz','Deven Herman','Voluptas et nesciunt quaerat. Perferendis ut eum laborum dolorem quibusdam.','0','2019-09-19 11:01:02','2019-09-19 11:01:02'),(5,'trainer-img1.jpg',3,'Magdalen Okuneva','Sedrick Powlowski','Explicabo quo sunt vero similique cumque laboriosam architecto.','0','2019-09-19 11:01:02','2019-09-19 11:01:02'),(6,'trainer-img2.jpg',3,'Gino Wiegand','Erwin Stanton DVM','Necessitatibus hic et sapiente vero ut. Dicta iste molestiae vero modi ex.','1','2019-09-19 11:01:02','2019-09-19 11:01:02'),(7,'trainer-img.jpg',4,'Richie Cassin','Prof. Santiago Mayer','Quibusdam ea nihil fugiat.','1','2019-09-19 11:01:02','2019-09-19 11:01:02'),(8,'trainer-img.jpg',3,'Rosario Zboncak','Rick Russel DDS','Ut eos sit atque.','1','2019-09-19 11:01:02','2019-09-19 11:01:02'),(9,'trainer-img1.jpg',8,'Sasha Lesch','Glenda Larkin Jr.','Et dolorem reprehenderit animi porro est veritatis est.','1','2019-09-19 11:01:02','2019-09-19 11:01:02'),(10,'trainer-img.jpg',7,'Prof. Braden Dare','Nichole Heaney','Iure quis ut necessitatibus distinctio explicabo.','1','2019-09-19 11:01:02','2019-09-19 11:01:02'),(11,'trainer-img.jpg',5,'Everardo Ebert','Melyna Koch','Sunt aut inventore aut provident hic.','1','2019-09-19 11:01:02','2019-09-19 11:01:02'),(12,'trainer-img1.jpg',1,'Dr. Reynold Kiehn IV','Kiana Schinner','Aspernatur dolorem qui dolores nesciunt illum nesciunt omnis.','1','2019-09-19 11:01:02','2019-09-19 11:01:02'),(13,'trainer-img1.jpg',8,'Ellie Price','Wallace Kuhlman','Recusandae ipsa dicta doloribus est sed saepe.','0','2019-09-19 11:01:02','2019-09-19 11:01:02'),(14,'trainer-img.jpg',1,'Dr. Forrest Durgan Jr.','Mr. Cooper Bergstrom V','Facere qui consequuntur a ratione. Voluptatem hic minima voluptas beatae aut veniam neque.','1','2019-09-19 11:01:02','2019-09-19 11:01:02'),(15,'trainer-img2.jpg',7,'Dr. Ahmad McKenzie','Dr. Cody Pfannerstill','Doloribus dignissimos animi voluptatem mollitia omnis sint. Dignissimos labore a voluptatibus suscipit est.','1','2019-09-19 11:01:02','2019-09-19 11:01:02'),(16,'trainer-img1.jpg',3,'Marcus Brown','Kobe Mraz Sr.','Pariatur commodi maxime minima sunt quia.','0','2019-09-19 11:01:02','2019-09-19 11:01:02'),(17,'trainer-img2.jpg',1,'Leonora Friesen','Prof. Jaylen Nader','Et et aut magni tempora nisi enim. Architecto quis cumque ut molestiae at placeat neque.','1','2019-09-19 11:01:02','2019-09-19 11:01:02'),(18,'trainer-img.jpg',6,'Mr. Rashad Reichel IV','Norene Strosin IV','Vero et enim asperiores totam laudantium. Dolorem est reiciendis atque ut ut fuga exercitationem.','0','2019-09-19 11:01:02','2019-09-19 11:01:02'),(19,'trainer-img2.jpg',3,'Tiffany Fritsch','Deron Gorczany','Quae est ut omnis sunt quisquam repellendus eum amet.','0','2019-09-19 11:01:02','2019-09-19 11:01:02'),(20,'trainer-img2.jpg',5,'Mr. Cesar Beier','Nia Baumbach PhD','Exercitationem temporibus suscipit rerum sed eveniet porro. Facilis nemo aliquam minima culpa ipsa earum accusamus.','0','2019-09-19 11:01:02','2019-09-19 11:01:02'),(21,'trainer-img2.jpg',3,'Rosemary Thiel','Prof. Milan Davis','Iste aut quia consequatur officia.','1','2019-09-19 11:01:02','2019-09-19 11:01:02'),(22,'trainer-img1.jpg',4,'Trent Kulas','Johan Parker','Rem et et aut recusandae dolores ea.','0','2019-09-19 11:01:02','2019-09-19 11:01:02'),(23,'trainer-img1.jpg',4,'Ewald Pagac','Greyson Balistreri Jr.','Impedit velit incidunt non consequatur.','1','2019-09-19 11:01:02','2019-09-19 11:01:02'),(24,'trainer-img1.jpg',2,'Meaghan Kirlin','Ocie Fisher II','Dolorem rerum officiis sunt. Eveniet expedita dolor placeat consequatur blanditiis aut impedit.','1','2019-09-19 11:01:02','2019-09-19 11:01:02'),(25,'trainer-img2.jpg',4,'Theodore Olson','Trever Kilback','Et est esse ab nemo rem vero. Vel et autem voluptatem et aut.','0','2019-09-19 11:01:02','2019-09-19 11:01:02');
/*!40000 ALTER TABLE `support_members` ENABLE KEYS */;
UNLOCK TABLES;

--
-- Table structure for table `tags`
--

DROP TABLE IF EXISTS `tags`;
/*!40101 SET @saved_cs_client     = @@character_set_client */;
/*!40101 SET character_set_client = utf8 */;
CREATE TABLE `tags` (
  `id` bigint(20) unsigned NOT NULL AUTO_INCREMENT,
  `name` varchar(191) COLLATE utf8_unicode_ci NOT NULL,
  `slug` varchar(191) COLLATE utf8_unicode_ci NOT NULL,
  `created_at` timestamp NULL DEFAULT NULL,
  `updated_at` timestamp NULL DEFAULT NULL,
  PRIMARY KEY (`id`),
  UNIQUE KEY `tags_slug_unique` (`slug`)
) ENGINE=InnoDB AUTO_INCREMENT=5 DEFAULT CHARSET=utf8 COLLATE=utf8_unicode_ci;
/*!40101 SET character_set_client = @saved_cs_client */;

--
-- Dumping data for table `tags`
--

LOCK TABLES `tags` WRITE;
/*!40000 ALTER TABLE `tags` DISABLE KEYS */;
INSERT INTO `tags` VALUES (1,'PHP','php','2019-09-19 11:01:14','2019-09-19 11:01:14'),(2,'Laravel','Laravel','2019-09-19 11:01:14','2019-09-19 11:01:14'),(3,'Symphony','symphony','2019-09-19 11:01:14','2019-09-19 11:01:14'),(4,'React JS','reactjs','2019-09-19 11:01:14','2019-09-19 11:01:14');
/*!40000 ALTER TABLE `tags` ENABLE KEYS */;
UNLOCK TABLES;

--
-- Table structure for table `teams`
--

DROP TABLE IF EXISTS `teams`;
/*!40101 SET @saved_cs_client     = @@character_set_client */;
/*!40101 SET character_set_client = utf8 */;
CREATE TABLE `teams` (
  `id` bigint(20) unsigned NOT NULL AUTO_INCREMENT,
  `logo` varchar(191) COLLATE utf8_unicode_ci NOT NULL,
  `name` varchar(191) COLLATE utf8_unicode_ci NOT NULL,
  `slogan` varchar(191) COLLATE utf8_unicode_ci NOT NULL,
  `home_stadium` varchar(191) COLLATE utf8_unicode_ci NOT NULL,
  `created_at` timestamp NULL DEFAULT NULL,
  `updated_at` timestamp NULL DEFAULT NULL,
  PRIMARY KEY (`id`)
) ENGINE=InnoDB AUTO_INCREMENT=25 DEFAULT CHARSET=utf8 COLLATE=utf8_unicode_ci;
/*!40101 SET character_set_client = @saved_cs_client */;

--
-- Dumping data for table `teams`
--

LOCK TABLES `teams` WRITE;
/*!40000 ALTER TABLE `teams` DISABLE KEYS */;
INSERT INTO `teams` VALUES (1,'team-ava4.png','Elnora Sipes .F.C.','Et perferendis praesentium cumque omnis quia temporibus rem magnam.','Nambole','2019-09-19 11:01:03','2019-09-19 11:01:03'),(2,'team-ava4.png','Westley Morissette .F.C.','Quisquam cum eveniet sed omnis qui labore sapiente.','Nambole','2019-09-19 11:01:03','2019-09-19 11:01:03'),(3,'team-ava4.png','Prof. Thad Towne IV .F.C.','Similique nulla placeat et tempora qui ipsa.','Nambole','2019-09-19 11:01:03','2019-09-19 11:01:03'),(4,'team-ava5.png','Roxanne Powlowski .F.C.','Qui aut repellat ea.','Nambole','2019-09-19 11:01:03','2019-09-19 11:01:03'),(5,'team-ava3.png','Norberto Pacocha .F.C.','Hic qui quisquam debitis non.','Nambole','2019-09-19 11:01:03','2019-09-19 11:01:03'),(6,'team-ava2.png','Mrs. Lottie Windler .F.C.','A aut ea veritatis et quasi.','Kisugi','2019-09-19 11:01:03','2019-09-19 11:01:03'),(7,'team-ava3.png','Della Fahey I .F.C.','Eos voluptate est esse vel aliquam.','Kisugi','2019-09-19 11:01:03','2019-09-19 11:01:03'),(8,'team-ava4.png','Susie Lueilwitz .F.C.','Dignissimos nemo delectus id ipsa.','Kisugi','2019-09-19 11:01:03','2019-09-19 11:01:03'),(9,'team-ava3.png','Dante Zboncak .F.C.','Omnis magnam exercitationem et qui voluptatem aut quo commodi.','Nambole','2019-09-19 11:01:03','2019-09-19 11:01:03'),(10,'team-ava5.png','Zackery Schinner .F.C.','Est ut eum quia autem vitae odit.','Kisugi','2019-09-19 11:01:03','2019-09-19 11:01:03'),(11,'team-ava3.png','Mr. Mathew Langosh .F.C.','Ea et a occaecati.','Kisugi','2019-09-19 11:01:03','2019-09-19 11:01:03'),(12,'team-ava5.png','Archibald Graham .F.C.','Repudiandae omnis aspernatur ad adipisci et cum.','Nambole','2019-09-19 11:01:03','2019-09-19 11:01:03'),(13,'team-ava4.png','Mr. Cordelia Casper .F.C.','Odit possimus ex quod consequatur molestias.','Kisugi','2019-09-19 11:01:03','2019-09-19 11:01:03'),(14,'team-ava2.png','Jesse Kessler .F.C.','Non et ipsam enim quam saepe est.','Nambole','2019-09-19 11:01:03','2019-09-19 11:01:03'),(15,'team-ava5.png','Leo Wilkinson .F.C.','Molestiae sed voluptas accusamus est eos nihil.','Nambole','2019-09-19 11:01:03','2019-09-19 11:01:03'),(16,'team-ava3.png','Abbigail Douglas .F.C.','Suscipit ipsam similique nisi reiciendis dolor.','Kisugi','2019-09-19 11:01:03','2019-09-19 11:01:03'),(17,'team-ava5.png','Jacklyn Considine Sr. .F.C.','Est pariatur aut possimus voluptatum ab beatae.','Nambole','2019-09-19 11:01:03','2019-09-19 11:01:03'),(18,'team-ava4.png','Dr. Eunice Mraz III .F.C.','Quae qui iusto dignissimos atque consequatur rerum.','Nambole','2019-09-19 11:01:03','2019-09-19 11:01:03'),(19,'team-ava3.png','Prof. Elouise Schmeler .F.C.','Aliquid earum et voluptas aut sunt accusantium.','Kisugi','2019-09-19 11:01:03','2019-09-19 11:01:03'),(20,'team-ava2.png','Marianna Kassulke Sr. .F.C.','Rerum cupiditate molestiae quo consectetur nostrum numquam voluptates.','Kisugi','2019-09-19 11:01:03','2019-09-19 11:01:03'),(21,'team-ava4.png','Thomas Emmerich .F.C.','Et impedit laboriosam velit minima illo placeat enim autem.','Kisugi','2019-09-19 11:01:03','2019-09-19 11:01:03'),(22,'team-ava2.png','Katheryn Hermann .F.C.','Illo omnis ab ut quia earum labore corporis.','Nambole','2019-09-19 11:01:03','2019-09-19 11:01:03'),(23,'team-ava4.png','Bo Kshlerin .F.C.','Labore minus impedit beatae ipsam exercitationem.','Kisugi','2019-09-19 11:01:03','2019-09-19 11:01:03'),(24,'team-ava4.png','Prof. Favian Cummings .F.C.','Eligendi et dolorem quis voluptatem maiores.','Kisugi','2019-09-19 11:01:03','2019-09-19 11:01:03');
/*!40000 ALTER TABLE `teams` ENABLE KEYS */;
UNLOCK TABLES;

--
-- Table structure for table `users`
--

DROP TABLE IF EXISTS `users`;
/*!40101 SET @saved_cs_client     = @@character_set_client */;
/*!40101 SET character_set_client = utf8 */;
CREATE TABLE `users` (
  `id` bigint(20) unsigned NOT NULL AUTO_INCREMENT,
  `name` varchar(191) COLLATE utf8_unicode_ci NOT NULL,
  `email` varchar(191) COLLATE utf8_unicode_ci NOT NULL,
  `email_verified_at` timestamp NULL DEFAULT NULL,
  `password` varchar(191) COLLATE utf8_unicode_ci NOT NULL,
  `remember_token` varchar(100) COLLATE utf8_unicode_ci DEFAULT NULL,
  `verified` varchar(191) COLLATE utf8_unicode_ci NOT NULL DEFAULT '0',
  `verification_token` varchar(191) COLLATE utf8_unicode_ci DEFAULT NULL,
  `admin` varchar(191) COLLATE utf8_unicode_ci NOT NULL DEFAULT 'false',
  `created_at` timestamp NULL DEFAULT NULL,
  `updated_at` timestamp NULL DEFAULT NULL,
  `slug` varchar(191) COLLATE utf8_unicode_ci DEFAULT NULL,
  `bio` text COLLATE utf8_unicode_ci DEFAULT NULL,
  PRIMARY KEY (`id`),
  UNIQUE KEY `users_email_unique` (`email`)
) ENGINE=InnoDB AUTO_INCREMENT=104 DEFAULT CHARSET=utf8 COLLATE=utf8_unicode_ci;
/*!40101 SET character_set_client = @saved_cs_client */;

--
-- Dumping data for table `users`
--

LOCK TABLES `users` WRITE;
/*!40000 ALTER TABLE `users` DISABLE KEYS */;
INSERT INTO `users` VALUES (1,'Kazibwe Julius Junior','kazibwejuliusjunior@gmail.com',NULL,'$2y$10$2b75Goim0FP1VOfkcgFxc.ByyarXhyCoP1W5mtsYpXpSRSiThnFdq','oyPHu8zeztjVi5MXxBm7uX7tCBpzb6l2pkWmYmLmIvQmjI1IAuaJZVcED3an','1',NULL,'true',NULL,NULL,'kazibwe-julius-junior','Modi et possimus rerum.'),(2,'Male Paul','mp@test.com',NULL,'$2y$10$GOYtcA.Su7Qj2PnYAovSH.rI3Hj8l7D9.iX3DfmcWYD6.SoGmVFae','DZbVYYY1rS','1',NULL,'true',NULL,NULL,'male-paul','Officia sit et nulla mollitia non quibusdam accusantium. Totam ut aspernatur velit qui vero unde aut.'),(3,'Jjuuko Henry','jh@test.com',NULL,'$2y$10$eBsjVwk4UJZmJ9vsTFPf5OowXsuRF2yaC.RexaXDNcBii4QFTIGR2','8KJouzxxSJ','1',NULL,'true',NULL,NULL,'jjuuku-henry','Error iure omnis voluptatibus vel hic aperiam. Enim aut tenetur dolor est alias aut nobis.'),(4,'karl jaskolski phd','reynolds.sam@example.org','2019-09-19 11:00:57','$1$JNdqb3C8$HdLLdoHch//M1ug1rLVa6.','38BH1A5DPm','0','4V41QgLoWIz6JfQGrlLf1pJpx1OjGdRXJuDzv3oO','false','2019-09-19 11:00:57','2019-09-19 11:00:57',NULL,NULL),(5,'clyde yost','scottie83@example.org','2019-09-19 11:00:57','$1$EGuf8GOv$tKi8D3OmTRUiaXVbnpf4s0','bxrEgvXRzP','0','YAzJ2vjuHnE5kvzZQMBPjrFNuetU2l1znzH045Mb','true','2019-09-19 11:00:57','2019-09-19 11:00:57',NULL,NULL),(6,'bert bailey','darion.mann@example.org','2019-09-19 11:00:57','$1$BYpjbyTW$7z4tAhOkGO0phVtRorJwP.','5IxGhO9LxK','1',NULL,'true','2019-09-19 11:00:57','2019-09-19 11:00:57',NULL,NULL),(7,'reyes waters md','brice.grady@example.org','2019-09-19 11:00:57','$1$L4Zu8U2f$V9A2IwJ46EOB1e6866.ig/','AtZVqQ2HrA','1',NULL,'false','2019-09-19 11:00:57','2019-09-19 11:00:57',NULL,NULL),(8,'prof. elvis rutherford','madalyn.bode@example.com','2019-09-19 11:00:57','$1$B4CCvjhI$.cd8LAo7NEvWn3VAPyXuv0','VBh7czSzHn','1',NULL,'true','2019-09-19 11:00:57','2019-09-19 11:00:57',NULL,NULL),(9,'vinnie stokes','xbruen@example.org','2019-09-19 11:00:57','$1$5t8TPsiT$iQdV1T3qSUAsLE2Fqi8EM0','hzKbgN6IQm','0','YWSY3vvggKx6rWByxo9USCqVJu8X6igRtqcZbTdh','true','2019-09-19 11:00:57','2019-09-19 11:00:57',NULL,NULL),(10,'clifford muller','mosciski.edd@example.org','2019-09-19 11:00:57','$1$rIes1eDp$igW2AzQ8j2iRv4/fv2aaS.','MqLVyNO7yy','0','FqLM4bsyekJnWgcGqDX5za5tpY4r9pVGXnbnMWit','false','2019-09-19 11:00:57','2019-09-19 11:00:57',NULL,NULL),(11,'ruthe heaney','blakin@example.net','2019-09-19 11:00:57','$1$VaL8KUye$Cyx5lIQ5UGg9oahpK7m4..','MgbY4BdHue','0','YopdeAF3RlOqqNsq6sl7mRhwfjxl3oX9lHCgtYPP','true','2019-09-19 11:00:57','2019-09-19 11:00:57',NULL,NULL),(12,'travis gorczany i','adolph.harber@example.com','2019-09-19 11:00:57','$1$oSUh6K1P$g08LjVYIS3Mp5cmAilT7u.','ZojBYtaBOV','1',NULL,'false','2019-09-19 11:00:57','2019-09-19 11:00:57',NULL,NULL),(13,'prof. raul altenwerth jr.','willms.wilburn@example.org','2019-09-19 11:00:57','$1$16FWOBl8$TZ9O5hVPe0ZKGKglO9oMQ1','Rz40REw4qq','0','gpGJLDNdGPjG8NhGNo2PqiN8CfsNbqjQwjz6PImn','false','2019-09-19 11:00:57','2019-09-19 11:00:57',NULL,NULL),(14,'jonatan bartoletti dds','madalyn04@example.com','2019-09-19 11:00:57','$1$mynMjcs5$FNefHra.spBdyX44tQPaD/','2ePXNTi23O','0','MZyIiH0JTwLY2g74DDtXi9ibNvRrcdULVDK5tOa1','false','2019-09-19 11:00:57','2019-09-19 11:00:57',NULL,NULL),(15,'cristina cruickshank','parmstrong@example.com','2019-09-19 11:00:57','$1$kvlfwZXe$PbIY5Rcy/5BGagh5dFQ/u0','YYYIf7n355','0','sYOR6qr0R7E0whXoJcLr2TiVX84x71QfWGqjTV71','true','2019-09-19 11:00:57','2019-09-19 11:00:57',NULL,NULL),(16,'mrs. margret gusikowski sr.','showell@example.net','2019-09-19 11:00:57','$1$TBRQrZXC$.85IYQjVrAAphW2nGap4O.','Dxh4BWKpD2','0','oks0EtN3rq2Trg0PD0IR4saR69P2CLBqa6Odlbof','false','2019-09-19 11:00:57','2019-09-19 11:00:57',NULL,NULL),(17,'prof. ashly emmerich iv','kellie78@example.net','2019-09-19 11:00:57','$1$Ukb7JDD8$Xw9.RLFcfLyQqes7SZQAB/','NVmyE13JQ7','0','7Fyccqaw6iCzM1E7kuH32vn2hjCMXae5UGDngOAr','true','2019-09-19 11:00:57','2019-09-19 11:00:57',NULL,NULL),(18,'miss tierra hettinger','bahringer.fern@example.net','2019-09-19 11:00:57','$1$QqVsClaa$37cgTRRPWcoHnBk7Z4hOd1','RNxkCdeWVd','1',NULL,'false','2019-09-19 11:00:57','2019-09-19 11:00:57',NULL,NULL),(19,'hettie sipes','jules.gulgowski@example.org','2019-09-19 11:00:57','$1$1P1BlYzw$MKQufWd9hwNasM8Vykngk0','PtGUP2FoAg','0','CGJowhktpwIzZnWm5zhTi8sGhAGedi9D0Jq4k4Yc','true','2019-09-19 11:00:57','2019-09-19 11:00:57',NULL,NULL),(20,'magnus harvey','elinor.schowalter@example.net','2019-09-19 11:00:57','$1$TeK08UMQ$7ReK6Cti.E3t1MDV0Skqa0','03lgRnLAO8','1',NULL,'false','2019-09-19 11:00:57','2019-09-19 11:00:57',NULL,NULL),(21,'zack mckenzie','zleuschke@example.com','2019-09-19 11:00:57','$1$oA4.X7qF$05rcsWtMie0pFWlDeVrpX/','Vk96Ngy7pz','1',NULL,'false','2019-09-19 11:00:57','2019-09-19 11:00:57',NULL,NULL),(22,'dr. emmitt ernser ii','hturner@example.org','2019-09-19 11:00:57','$1$fGOLxz1t$WMgRbl8GIyIx2Aw2gaEi61','Z7FoSiIDN1','1',NULL,'false','2019-09-19 11:00:57','2019-09-19 11:00:57',NULL,NULL),(23,'judge prosacco','waylon.block@example.org','2019-09-19 11:00:57','$1$9lvMUXLC$dXd2q/XlfoKAfkgGFfEeS/','bq2Wz0rSfT','0','ynx8otMSR9V40OfbOk6gkCWFoRn8fMPf4EmQQKF6','true','2019-09-19 11:00:57','2019-09-19 11:00:57',NULL,NULL),(24,'filiberto dickinson','marilie.runolfsdottir@example.org','2019-09-19 11:00:57','$1$/9yAwn4i$vXUgexzqDB9cGC1Am0pHT0','vdnhmZyq5d','0','304kY7zlbRxeLXAbfEppwx4Trl5QCLx1RVPEc5Uw','true','2019-09-19 11:00:57','2019-09-19 11:00:57',NULL,NULL),(25,'delfina bernhard','reed.schuppe@example.net','2019-09-19 11:00:57','$1$gSMexyuv$GpvBezdACe/Lzn9xLDVTd/','RttNnIh0jW','1',NULL,'true','2019-09-19 11:00:57','2019-09-19 11:00:57',NULL,NULL),(26,'mallie doyle dds','jennings.kessler@example.net','2019-09-19 11:00:57','$1$6XQug7ED$CAGQPNcmuv1JWChvYrwQs/','JAad9913Ke','0','8am4jNtJX7gL0z9tDIY3cI0GVSRBH06WB36ml5lv','true','2019-09-19 11:00:57','2019-09-19 11:00:57',NULL,NULL),(27,'quinten stehr phd','felicity31@example.com','2019-09-19 11:00:57','$1$APEpnnOF$bpuo26FOgKpCG0gl08zNo1','gUkqDw4gSQ','1',NULL,'false','2019-09-19 11:00:57','2019-09-19 11:00:57',NULL,NULL),(28,'prof. euna smith','abby.beatty@example.net','2019-09-19 11:00:57','$1$kzMU8OFl$S6qxTkJTWGhQbBdWBz3xI.','8GYN2Z7adL','1',NULL,'false','2019-09-19 11:00:58','2019-09-19 11:00:58',NULL,NULL),(29,'tessie wilderman','hprohaska@example.net','2019-09-19 11:00:57','$1$4Z6HOcSt$sd.gzjIOXXEAAmwCxThJS1','jmFuU9Qlc6','0','qYOa1kN5uGjfTTJMKZLUIbGPErY3szq5ndaZlfx8','false','2019-09-19 11:00:58','2019-09-19 11:00:58',NULL,NULL),(30,'ms. betsy kuvalis','samantha18@example.com','2019-09-19 11:00:57','$1$PdYutwJs$svD7dyxqT9qRh/NZIRlsL1','cXMtXbm6kL','0','z4PxZw1LBHWEXqReqVi92yy1vIT16B5oHFojmK7L','true','2019-09-19 11:00:58','2019-09-19 11:00:58',NULL,NULL),(31,'alf rath iv','brianne.simonis@example.org','2019-09-19 11:00:57','$1$PFMfqmC/$sAcXaHNpHIeOhq4fZuXsz/','w46k0NTsGM','0','mWBtpUq9W32BgnaJJYICTOfasYKbLz9tii5amPrl','true','2019-09-19 11:00:58','2019-09-19 11:00:58',NULL,NULL),(32,'jared goldner','christiansen.laura@example.net','2019-09-19 11:00:57','$1$4MuqwFbJ$HkAEhPP6tcsxiHqtXGPTZ0','6mUcNjO7tn','1',NULL,'true','2019-09-19 11:00:58','2019-09-19 11:00:58',NULL,NULL),(33,'lura champlin','sgrimes@example.org','2019-09-19 11:00:57','$1$d6/CrrRA$bfo8gNfEMxugxFBZIoRGy1','CookZuIYuW','0','ayeJcWAyecW1XwK6uGNiu66NTPHcfbfp2YZoyHkH','true','2019-09-19 11:00:58','2019-09-19 11:00:58',NULL,NULL),(34,'johanna mcclure','kuphal.blaze@example.net','2019-09-19 11:00:57','$1$gYx88RRI$Wk6ZNEbSTJ9/CTpWTJPIZ.','ZlHUdAVP9O','0','lGoy9qhnXFbdKE0ay3r0hxXXEO6ng8vMo09kSH0s','true','2019-09-19 11:00:58','2019-09-19 11:00:58',NULL,NULL),(35,'ms. edyth rath','zemlak.willa@example.com','2019-09-19 11:00:57','$1$nJwFZ8GS$cwbo0DzoXldlKyQliggNh1','QqulhjwaER','1',NULL,'true','2019-09-19 11:00:58','2019-09-19 11:00:58',NULL,NULL),(36,'jarvis wyman','ernser.weldon@example.net','2019-09-19 11:00:57','$1$pzHWFDdh$TkGik9gg.Lbz9lAm/gzvc0','u7LbJWalmw','0','PPm0Y6S6La1pGkoScVLCwB1Qx2ybPz0hyhkB61lz','true','2019-09-19 11:00:58','2019-09-19 11:00:58',NULL,NULL),(37,'elisabeth koelpin','parisian.price@example.net','2019-09-19 11:00:57','$1$9DwH5ZHk$2aolCcTCEjEjs18K/Fudt0','WF6G68DD3l','1',NULL,'false','2019-09-19 11:00:58','2019-09-19 11:00:58',NULL,NULL),(38,'danielle crona','vern57@example.com','2019-09-19 11:00:57','$1$YpzIiT2j$HFik0htNjB4w1HGCJB5mS.','RyPdMNLUx5','0','OG36RiRDSB9tYgGWY8yHjG9oLxQHr17T3m6sMcuA','true','2019-09-19 11:00:58','2019-09-19 11:00:58',NULL,NULL),(39,'kenna schmeler','bette.ortiz@example.com','2019-09-19 11:00:57','$1$gsOG9SGi$0sV9fntVD1aSwciIhAAMV0','OGrwgnxl90','1',NULL,'true','2019-09-19 11:00:58','2019-09-19 11:00:58',NULL,NULL),(40,'raoul ziemann','meghan.weissnat@example.net','2019-09-19 11:00:57','$1$hiouehO9$BREoO41lVTYcxwXN5CZSO/','8Lx8YKQTgh','1',NULL,'true','2019-09-19 11:00:58','2019-09-19 11:00:58',NULL,NULL),(41,'judd schiller','wkertzmann@example.com','2019-09-19 11:00:57','$1$kHxZgqMi$K/Kh6MRRdtFHQOaMuQDNp1','Kmr4x4qAsN','1',NULL,'true','2019-09-19 11:00:58','2019-09-19 11:00:58',NULL,NULL),(42,'zoey daniel md','nbraun@example.net','2019-09-19 11:00:57','$1$bFZ3HjDH$qcN5kVQd8Suh/7eI2aYY4/','N2kBYbLLk5','0','BsFKnrjMewoRxh1DAKaXYCXNCF2I03wTWGdcLvaP','false','2019-09-19 11:00:58','2019-09-19 11:00:58',NULL,NULL),(43,'meredith fay','michael49@example.org','2019-09-19 11:00:57','$1$RHEH/a8E$IVKZIak8LiMUIsG9lL.h00','d7vagPFmtk','0','ZlNvfYnQ5bgzqZksF1AV75P9UXyvy13MRKeEglCe','true','2019-09-19 11:00:58','2019-09-19 11:00:58',NULL,NULL),(44,'jayson harvey','wbeahan@example.net','2019-09-19 11:00:57','$1$bDVGdvZu$siIwO8CPTTsJvHTFPYBzk/','f6jaK6htGs','0','PCXwvJEAKZu3l8Mg12U5RemgPsfV2tRQLwsraTzx','true','2019-09-19 11:00:58','2019-09-19 11:00:58',NULL,NULL),(45,'freddie torphy phd','rogahn.abe@example.com','2019-09-19 11:00:57','$1$MKih6SrK$4gl1UK8iSgi63XKWPunyn0','GB7cph7JR1','0','uyUZdccoDNIJ40zsE3K9Gg0L82glxH17lYpS3Knc','false','2019-09-19 11:00:58','2019-09-19 11:00:58',NULL,NULL),(46,'river macejkovic','rowe.laron@example.com','2019-09-19 11:00:57','$1$o..FrmQy$CKFb.cmkzGgIaiN0BSGJL/','QpFQS8v9zU','1',NULL,'false','2019-09-19 11:00:58','2019-09-19 11:00:58',NULL,NULL),(47,'filomena skiles','emard.antonia@example.org','2019-09-19 11:00:57','$1$1rKfIfFt$Ti86CGorqkQ7ATgIWdUr4.','kISDTmXjOZ','1',NULL,'false','2019-09-19 11:00:58','2019-09-19 11:00:58',NULL,NULL),(48,'dr. sandy sipes','dkirlin@example.org','2019-09-19 11:00:57','$1$7y68/Y6u$4ddiXG5FQEzfmPZVxVd4w1','yVe7tF3L2i','1',NULL,'true','2019-09-19 11:00:58','2019-09-19 11:00:58',NULL,NULL),(49,'zachary balistreri','lgoyette@example.com','2019-09-19 11:00:57','$1$ccRTRceZ$8VbbnT1lcTKXaA9Il7GvS.','3z8Tq0RIo5','1',NULL,'true','2019-09-19 11:00:58','2019-09-19 11:00:58',NULL,NULL),(50,'miss teresa lebsack i','lawrence.prosacco@example.com','2019-09-19 11:00:57','$1$sPErB.nh$t2Eer3gBecmunAOPbe5vq1','nMlitbWG2H','1',NULL,'false','2019-09-19 11:00:58','2019-09-19 11:00:58',NULL,NULL),(51,'garry boehm sr.','van00@example.net','2019-09-19 11:00:57','$1$6C.gCOXI$I78JbdQCaKNML.miX9cG5/','3tdbofLl38','0','AKF8ckdKqRO0qtOubCEkvkFXCNkVJlhv12qIskSU','false','2019-09-19 11:00:58','2019-09-19 11:00:58',NULL,NULL),(52,'carmel connelly iv','lryan@example.com','2019-09-19 11:00:57','$1$fV8dKILG$.gC3Fq81BPHBw/NXHpc/H0','zsKWqoVlRN','1',NULL,'true','2019-09-19 11:00:58','2019-09-19 11:00:58',NULL,NULL),(53,'chadrick mckenzie','volkman.adah@example.com','2019-09-19 11:00:57','$1$YVJvW.2u$XsVjJEQHZIUawfM7mkYok0','cFrBcpWgZd','1',NULL,'true','2019-09-19 11:00:58','2019-09-19 11:00:58',NULL,NULL),(54,'kade reichel','dovie81@example.org','2019-09-19 11:00:57','$1$11HPi9zg$GPuXEKnXKanbHi7P9VYi6/','OnPPd2KMGa','0','6MGB6MyMWMTIFnHhSaQcaQxzLqULYpGOgzsjEld6','true','2019-09-19 11:00:58','2019-09-19 11:00:58',NULL,NULL),(55,'tyrel jakubowski','jane38@example.org','2019-09-19 11:00:57','$1$KzMC6cBN$C/rYqy.enUigVJSwtA0.n/','bVzn8HD2Tk','0','gEBWkzY2YvTULL2wR39rM3YD9ZaC1EgQcBPIXSjp','true','2019-09-19 11:00:58','2019-09-19 11:00:58',NULL,NULL),(56,'junius keeling','pbins@example.net','2019-09-19 11:00:57','$1$2wUud4vV$tSpD.r6GOfXIVXrJ7FJiu.','q5VpdjSZ9W','1',NULL,'true','2019-09-19 11:00:58','2019-09-19 11:00:58',NULL,NULL),(57,'prof. laurine bogan','hortense23@example.org','2019-09-19 11:00:57','$1$WA5lOGht$DXe5jSjcUIB2VTvonCMS10','jvvIV5UhSp','0','5Lo0i7jbtslQFDsP4v8Tk2WmsUehl1RArAsnsUDP','true','2019-09-19 11:00:58','2019-09-19 11:00:58',NULL,NULL),(58,'modesta rempel i','ydickens@example.org','2019-09-19 11:00:57','$1$4.aWo0sa$a0U6f4OtUclRPsyZdZ0zV0','E6h7xKOrIj','1',NULL,'false','2019-09-19 11:00:58','2019-09-19 11:00:58',NULL,NULL),(59,'reggie walker','annabell81@example.org','2019-09-19 11:00:57','$1$t8WYQMzD$7BVXR7z0PRTAdZt8e5.NY0','YccQUxCJ72','1',NULL,'false','2019-09-19 11:00:58','2019-09-19 11:00:58',NULL,NULL),(60,'jimmie feeney','bergnaum.mittie@example.org','2019-09-19 11:00:57','$1$7F16yOlj$Bh/UrJJwv2QbZP7k6xMiN0','ssPJr4DQPW','1',NULL,'true','2019-09-19 11:00:58','2019-09-19 11:00:58',NULL,NULL),(61,'dr. yessenia o\'connell iii','gwaters@example.net','2019-09-19 11:00:57','$1$hAkJPgI6$y6HEiaGyIPQJFwB7S8Bcd1','kl9MWOOmva','0','Dfzy8RSlrb3Zr38CCaFoztIH9YOgU8DEVv85vmhz','true','2019-09-19 11:00:58','2019-09-19 11:00:58',NULL,NULL),(62,'mathew klein ii','jaeden.mcdermott@example.org','2019-09-19 11:00:57','$1$mOvhb8eo$fGKFr1JJIuKa.dVvMHbFB0','sIc770QU9I','1',NULL,'false','2019-09-19 11:00:58','2019-09-19 11:00:58',NULL,NULL),(63,'ines rau','oreilly.harrison@example.com','2019-09-19 11:00:57','$1$bgSoM1.c$uLXc7/2MkIBUYHhsxGWxA/','1FosG7oTwE','1',NULL,'false','2019-09-19 11:00:58','2019-09-19 11:00:58',NULL,NULL),(64,'enola leuschke','nienow.brennon@example.org','2019-09-19 11:00:57','$1$TWxJKQLv$HteJokV2lh6f04tj4mSd30','ATingYkjLY','1',NULL,'true','2019-09-19 11:00:58','2019-09-19 11:00:58',NULL,NULL),(65,'destini leffler md','ray.upton@example.org','2019-09-19 11:00:57','$1$KqOI5CS2$TFPNoVMio6skG7P7EQOLh1','AfPCK5eH2k','1',NULL,'false','2019-09-19 11:00:58','2019-09-19 11:00:58',NULL,NULL),(66,'anderson lueilwitz','penelope02@example.com','2019-09-19 11:00:57','$1$2RgxgeT2$E31A0KuOd55du7YgYI765.','wJEUn3d8Wg','1',NULL,'false','2019-09-19 11:00:58','2019-09-19 11:00:58',NULL,NULL),(67,'corrine haley','davin34@example.org','2019-09-19 11:00:57','$1$2jnCxsJf$bX3c5b81zduYFUwjETm/i.','3viZasRjhi','1',NULL,'false','2019-09-19 11:00:58','2019-09-19 11:00:58',NULL,NULL),(68,'abbigail schneider','kerluke.maria@example.com','2019-09-19 11:00:57','$1$AckM7oIs$9Qo7rEbmhrx.6KFiW5Ge6.','apFK1HVZeb','0','kBOTP8Qdam1qOZ5dYwzDfK6jNs7aXdhSQQ4z5jGD','true','2019-09-19 11:00:58','2019-09-19 11:00:58',NULL,NULL),(69,'oren bednar','ramon91@example.org','2019-09-19 11:00:57','$1$mH4jHZi5$KxL/JDq/OVVViL/AccjdK0','FLeOKz4AS8','0','w8jjnpZsK9eJGwd4wpwO5i5MP7MMZN0uL7XE43Mb','true','2019-09-19 11:00:58','2019-09-19 11:00:58',NULL,NULL),(70,'prof. watson graham','lonzo.yundt@example.com','2019-09-19 11:00:57','$1$ckTHXdEI$itbzbOqxMImOk4RRbhewG0','x4peUsUOCC','0','pBgZEPX8zlsh0yNqHdxAJ4jyzHMJkyV4t68ElgC2','false','2019-09-19 11:00:58','2019-09-19 11:00:58',NULL,NULL),(71,'mr. duncan daniel','vernon.crooks@example.net','2019-09-19 11:00:57','$1$pwz3j9Rs$rAw9mPmUgh4gIv9M33KvQ/','IsDMXPEW3m','1',NULL,'true','2019-09-19 11:00:58','2019-09-19 11:00:58',NULL,NULL),(72,'dion yundt','rau.jose@example.net','2019-09-19 11:00:57','$1$2ohSYiV.$PqWg9eHBaNCLcOFwIfREG/','FUdgdWnDkZ','0','8ts56k1gXpu0VuBjOkD1DGBVirxE4qTP6Z0ex4Kt','true','2019-09-19 11:00:58','2019-09-19 11:00:58',NULL,NULL),(73,'lafayette bechtelar','madisen.becker@example.org','2019-09-19 11:00:57','$1$ISjWTJ36$52fyPrUkSYhvdZwx0FKIE.','Pwwcbwk2UD','0','9vvgHO0Pc2c9eUeMkneMLJpaHKAv1ULpOrLVkCE1','true','2019-09-19 11:00:58','2019-09-19 11:00:58',NULL,NULL),(74,'carlie o\'hara iii','alvera74@example.com','2019-09-19 11:00:57','$1$7lMIgg2h$fCcJHMia1t8Zd4wkXofYa0','ln0UCTXQyW','1',NULL,'false','2019-09-19 11:00:58','2019-09-19 11:00:58',NULL,NULL),(75,'dr. gay franecki','gstark@example.net','2019-09-19 11:00:57','$1$KIEu5xy0$wrFHbmjpzxdq4A2dScYt3.','z5LpeXiKEw','0','EeHjkqMveLS3OMphHQamGCOqQd8EGO4fp4gbW8ue','true','2019-09-19 11:00:58','2019-09-19 11:00:58',NULL,NULL),(76,'santa purdy','goodwin.daren@example.net','2019-09-19 11:00:57','$1$DGBXR6pA$qADJjIMLw3RGejlFVqOoa/','kBjkYjCdka','1',NULL,'false','2019-09-19 11:00:58','2019-09-19 11:00:58',NULL,NULL),(77,'dolly schiller','meghan89@example.org','2019-09-19 11:00:57','$1$nt54OrVq$DpOerFr3Qnd.rmJHubyWO1','DOSqo5RnyO','0','S3dDBs6KxyGIA3xRVI9A6k1L7t1Zq6ZaJC1C5cEe','false','2019-09-19 11:00:58','2019-09-19 11:00:58',NULL,NULL),(78,'yessenia mcglynn','richard49@example.com','2019-09-19 11:00:57','$1$m0CAqcoH$b7IaIlscU7RdzwWnX03VW0','csekRnl3tv','1',NULL,'true','2019-09-19 11:00:58','2019-09-19 11:00:58',NULL,NULL),(79,'dale strosin','abigayle86@example.com','2019-09-19 11:00:57','$1$6L3vj7wQ$zWVrGjLnTtNgcgLlyhbV00','2JwVfTV9Oq','0','G8TCVhMbPmzR2r0p4dLnq8Jmwg8P4G9c6zIFaOR6','true','2019-09-19 11:00:58','2019-09-19 11:00:58',NULL,NULL),(80,'orion breitenberg','priscilla94@example.org','2019-09-19 11:00:57','$1$clW2h1gJ$j71UEYR6Dvm34u0vc2piJ/','x1qYvO4d3w','0','JrURHdaatsLznQrJxMtEYf6o1TBS6GTNGQIAuyzm','false','2019-09-19 11:00:58','2019-09-19 11:00:58',NULL,NULL),(81,'cecile wintheiser','pollich.aletha@example.org','2019-09-19 11:00:57','$1$LCoGBXXO$v7AeKL7iMbJi8pFSjde2x0','MX9udRujHN','0','Qgnf4yy2ChBD4190Nndr4ImvzjOFLjCE8fSQwZva','true','2019-09-19 11:00:58','2019-09-19 11:00:58',NULL,NULL),(82,'ms. thora lueilwitz ii','roberts.cali@example.org','2019-09-19 11:00:57','$1$GG6U/mAJ$R4GYmoQxthKO.WSQomcNX/','ji2rOpLof0','1',NULL,'true','2019-09-19 11:00:58','2019-09-19 11:00:58',NULL,NULL),(83,'dr. hillard mertz jr.','adolfo.hermiston@example.net','2019-09-19 11:00:57','$1$odIQ4Lym$dhGI/XqbNgkZtGfhc.JfT0','IPmM3XskiH','0','Lk9xP9yOdyBkAZOIjvHZO77yX99Wj90B0dMz0bF0','true','2019-09-19 11:00:58','2019-09-19 11:00:58',NULL,NULL),(84,'dr. leopold schroeder','pete.nikolaus@example.com','2019-09-19 11:00:57','$1$En/AIPdO$snvUXC82ZltYhIu7qEA/r/','Ai5jBU8M5e','1',NULL,'false','2019-09-19 11:00:58','2019-09-19 11:00:58',NULL,NULL),(85,'prof. brady dubuque','maritza.satterfield@example.net','2019-09-19 11:00:57','$1$w4gqKgFL$mYz6DKbCsa2wyWwOnL1ra/','X0e1rewMgx','1',NULL,'false','2019-09-19 11:00:58','2019-09-19 11:00:58',NULL,NULL),(86,'stephany frami md','herta54@example.net','2019-09-19 11:00:57','$1$s6.aqwtY$6GFjm6lERVqHVU311qH.e0','TMy8FXa8Gb','0','AwdNe1AeoBhjbEvnNsBrSEDMjeyzMwZoZzLrE4ZQ','true','2019-09-19 11:00:58','2019-09-19 11:00:58',NULL,NULL),(87,'myles o\'reilly','faye47@example.com','2019-09-19 11:00:57','$1$tPMPfyho$8L5Eq381P6qSNmbXeVes4.','yNIVHbosET','0','VKJWt1NfnP1ThjSOjVe6B9KWrzg3WfgHRVh1FcYi','false','2019-09-19 11:00:58','2019-09-19 11:00:58',NULL,NULL),(88,'emmalee weber','keshaun.dietrich@example.net','2019-09-19 11:00:57','$1$30iup202$fU/M/1wmq4muPDMSb4JIm1','UzuNAOFP0P','1',NULL,'true','2019-09-19 11:00:58','2019-09-19 11:00:58',NULL,NULL),(89,'mr. davonte jaskolski','fpfeffer@example.org','2019-09-19 11:00:57','$1$3PozSazQ$CPoh.wPmxaCvpCsklXXag/','JyKukQ4f9r','1',NULL,'false','2019-09-19 11:00:58','2019-09-19 11:00:58',NULL,NULL),(90,'joy jacobs phd','gutkowski.elbert@example.org','2019-09-19 11:00:57','$1$5BObtEk0$vtwOOWlMIG/JFFmcfr6g10','WvDHMaWVxa','0','UZv0d6k6jxsmkudMawGifjXv6aVGZBOVSlcA08p8','false','2019-09-19 11:00:58','2019-09-19 11:00:58',NULL,NULL),(91,'alex gorczany iii','tillman.antonietta@example.org','2019-09-19 11:00:57','$1$FFmratrt$t9TnvqMXe.Use2ZL.Qkp/.','5aAD5rz3If','1',NULL,'true','2019-09-19 11:00:58','2019-09-19 11:00:58',NULL,NULL),(92,'pearline predovic','britney.hirthe@example.org','2019-09-19 11:00:57','$1$92xzIdKC$W0a5B/m29X4j.dxMxVZy41','VRUpN9NjTi','0','JfQsTFr6tpn8EbSpHCOMicHlYgzgNX3e4wC1r9wf','true','2019-09-19 11:00:58','2019-09-19 11:00:58',NULL,NULL),(93,'mr. cristian leffler','claudia79@example.org','2019-09-19 11:00:57','$1$/fZuKeKb$UznlAXrfokfgtQUMwVK5W0','bLVHYE7qjv','0','XqdmrqbDnh7SeUYeJvRDcnuwW8Nz3dkCiQ869X0o','false','2019-09-19 11:00:58','2019-09-19 11:00:58',NULL,NULL),(94,'louisa luettgen','jarrett92@example.org','2019-09-19 11:00:57','$1$noKaP2aD$Oqn83Jrb8wBzOz46Vs.O81','G0iVmdxVcr','1',NULL,'false','2019-09-19 11:00:58','2019-09-19 11:00:58',NULL,NULL),(95,'ezequiel klocko','nathan70@example.com','2019-09-19 11:00:57','$1$Hdpg.H4f$jgHm8FXvEhd0jc6eOBEWc0','pTmo9gFBjw','0','QoJSvAvjRlYd63ymXtFv2lrvksjUpyMqbHGlqS2J','false','2019-09-19 11:00:58','2019-09-19 11:00:58',NULL,NULL),(96,'maryam effertz','summer.legros@example.net','2019-09-19 11:00:57','$1$YrFY2BL8$MXi2G6TZg20kIYUgAdDNj1','AGz3xTpBm7','1',NULL,'true','2019-09-19 11:00:58','2019-09-19 11:00:58',NULL,NULL),(97,'earline welch','raina.gusikowski@example.com','2019-09-19 11:00:57','$1$skABCjNi$l5piyKThhTHxwyDqbf01U.','qTRoDTztk9','0','e9WK8lJZUaFEk5WbpTrJSaazemOgPoYUtm1xYPHH','false','2019-09-19 11:00:58','2019-09-19 11:00:58',NULL,NULL),(98,'rosamond stokes','rheaney@example.com','2019-09-19 11:00:57','$1$Hf3maPWp$kx5GTf.LBjN9WNsYOqCN4.','pKpip9uuaL','1',NULL,'true','2019-09-19 11:00:58','2019-09-19 11:00:58',NULL,NULL),(99,'dr. coralie willms','marianne.hirthe@example.net','2019-09-19 11:00:57','$1$wZTu0KHA$zUChvo1x8A2OrBTsdibrF.','JPVFouRfkT','0','0ughOTxesXrpIZCAPiHXdsPgeV64rp3OwV7t3M0I','true','2019-09-19 11:00:58','2019-09-19 11:00:58',NULL,NULL),(100,'mr. rupert maggio','labadie.loyal@example.com','2019-09-19 11:00:57','$1$ct.zwrxV$YKlzg7v08Svru6ouvjhZn1','IDbLOGwSdD','0','PACR3KFQW5llXtsfYbDXQz0zbJxneAfb7hEC6nfs','true','2019-09-19 11:00:58','2019-09-19 11:00:58',NULL,NULL),(101,'prof. eulah anderson','block.lauren@example.org','2019-09-19 11:00:57','$1$BqEfSAy3$WTd.3LbfK.IPANti0lpnI1','kXdpI7JSJ2','0','PNyaJX50TmsB2SHiek9ThdV9mvWBW3W2VsHHZe2k','true','2019-09-19 11:00:58','2019-09-19 11:00:58',NULL,NULL),(102,'kurt goyette','estelle81@example.net','2019-09-19 11:00:57','$1$WlDQKiJA$aPegK5ryhxqsclNjzN/8u/','5gOgVfrVdf','1',NULL,'true','2019-09-19 11:00:58','2019-09-19 11:00:58',NULL,NULL),(103,'mrs. sister schulist sr.','burdette19@example.net','2019-09-19 11:00:57','$1$1JF9ccUc$9HONVuLJvLi7hUVcHCt9T.','J62ZltxggM','1',NULL,'true','2019-09-19 11:00:58','2019-09-19 11:00:58',NULL,NULL);
/*!40000 ALTER TABLE `users` ENABLE KEYS */;
UNLOCK TABLES;

--
-- Table structure for table `video_categories`
--

DROP TABLE IF EXISTS `video_categories`;
/*!40101 SET @saved_cs_client     = @@character_set_client */;
/*!40101 SET character_set_client = utf8 */;
CREATE TABLE `video_categories` (
  `id` bigint(20) unsigned NOT NULL AUTO_INCREMENT,
  `title` varchar(191) COLLATE utf8_unicode_ci NOT NULL,
  `created_at` timestamp NULL DEFAULT NULL,
  `updated_at` timestamp NULL DEFAULT NULL,
  PRIMARY KEY (`id`)
) ENGINE=InnoDB AUTO_INCREMENT=16 DEFAULT CHARSET=utf8 COLLATE=utf8_unicode_ci;
/*!40101 SET character_set_client = @saved_cs_client */;

--
-- Dumping data for table `video_categories`
--

LOCK TABLES `video_categories` WRITE;
/*!40000 ALTER TABLE `video_categories` DISABLE KEYS */;
INSERT INTO `video_categories` VALUES (1,'odit','2019-09-19 11:01:10','2019-09-19 11:01:10'),(2,'consequatur','2019-09-19 11:01:10','2019-09-19 11:01:10'),(3,'dolor','2019-09-19 11:01:10','2019-09-19 11:01:10'),(4,'quibusdam','2019-09-19 11:01:10','2019-09-19 11:01:10'),(5,'quisquam','2019-09-19 11:01:10','2019-09-19 11:01:10'),(6,'assumenda','2019-09-19 11:01:10','2019-09-19 11:01:10'),(7,'veniam','2019-09-19 11:01:10','2019-09-19 11:01:10'),(8,'vel','2019-09-19 11:01:10','2019-09-19 11:01:10'),(9,'rem','2019-09-19 11:01:10','2019-09-19 11:01:10'),(10,'amet','2019-09-19 11:01:10','2019-09-19 11:01:10'),(11,'eveniet','2019-09-19 11:01:10','2019-09-19 11:01:10'),(12,'dolorem','2019-09-19 11:01:10','2019-09-19 11:01:10'),(13,'delectus','2019-09-19 11:01:10','2019-09-19 11:01:10'),(14,'repellendus','2019-09-19 11:01:11','2019-09-19 11:01:11'),(15,'magni','2019-09-19 11:01:11','2019-09-19 11:01:11');
/*!40000 ALTER TABLE `video_categories` ENABLE KEYS */;
UNLOCK TABLES;

--
-- Table structure for table `videos`
--

DROP TABLE IF EXISTS `videos`;
/*!40101 SET @saved_cs_client     = @@character_set_client */;
/*!40101 SET character_set_client = utf8 */;
CREATE TABLE `videos` (
  `id` bigint(20) unsigned NOT NULL AUTO_INCREMENT,
  `url` varchar(191) COLLATE utf8_unicode_ci NOT NULL,
  `title` varchar(191) COLLATE utf8_unicode_ci NOT NULL,
  `overview` varchar(191) COLLATE utf8_unicode_ci DEFAULT NULL,
  `body` varchar(1000) COLLATE utf8_unicode_ci DEFAULT NULL,
  `video_category_id` bigint(20) unsigned NOT NULL,
  `created_at` timestamp NULL DEFAULT NULL,
  `updated_at` timestamp NULL DEFAULT NULL,
  PRIMARY KEY (`id`),
  KEY `videos_video_category_id_foreign` (`video_category_id`),
  CONSTRAINT `videos_video_category_id_foreign` FOREIGN KEY (`video_category_id`) REFERENCES `video_categories` (`id`)
) ENGINE=InnoDB AUTO_INCREMENT=126 DEFAULT CHARSET=utf8 COLLATE=utf8_unicode_ci;
/*!40101 SET character_set_client = @saved_cs_client */;

--
-- Dumping data for table `videos`
--

LOCK TABLES `videos` WRITE;
/*!40000 ALTER TABLE `videos` DISABLE KEYS */;
INSERT INTO `videos` VALUES (1,'trainer-img2.jpg','Aut voluptate at aliquam molestias delectus quia dolor.','placeat','Quibusdam sapiente omnis perspiciatis ipsa dolorum et natus. Earum debitis omnis nesciunt. Voluptatibus molestiae commodi vel et numquam.',3,'2019-09-19 11:01:11','2019-09-19 11:01:11'),(2,'trainer-img1.jpg','Est ratione sed sit repellat quia amet.','vero','Nisi fugiat beatae sunt voluptate. Assumenda ducimus ea voluptas omnis ullam. Sequi asperiores commodi natus sunt itaque maxime totam eius.',2,'2019-09-19 11:01:11','2019-09-19 11:01:11'),(3,'trainer-img.jpg','Quia autem blanditiis dignissimos corrupti non.','et','Voluptatem laborum eum magni quasi ex inventore nihil. Dolor animi dolor quos.',4,'2019-09-19 11:01:11','2019-09-19 11:01:11'),(4,'trainer-img1.jpg','Similique voluptates in quos laudantium pariatur atque.','quia','Aliquam consequuntur illo ea aliquid pariatur qui. Et occaecati et perspiciatis distinctio nihil laborum. Enim neque quia est ipsa molestiae.',4,'2019-09-19 11:01:11','2019-09-19 11:01:11'),(5,'trainer-img.jpg','Voluptatem labore repellat ab.','exercitationem','Consequatur et ab consequatur quas voluptas rerum vel. Atque saepe est et sit recusandae reiciendis.',2,'2019-09-19 11:01:11','2019-09-19 11:01:11'),(6,'trainer-img1.jpg','Perspiciatis ea est vitae voluptatum magnam maiores enim.','dolores','Ut consequatur voluptas mollitia porro molestiae dolor. Rerum adipisci recusandae accusantium ipsa minus vero debitis assumenda.',1,'2019-09-19 11:01:11','2019-09-19 11:01:11'),(7,'trainer-img2.jpg','Aut asperiores quisquam eaque sapiente.','quasi','Voluptatum architecto blanditiis dolorem quam eaque ut expedita. Nesciunt deserunt alias autem possimus dolore voluptate ea assumenda. Officiis iusto ut consequatur impedit.',9,'2019-09-19 11:01:11','2019-09-19 11:01:11'),(8,'trainer-img2.jpg','Unde sequi eos perferendis sit in numquam.','deserunt','Debitis dignissimos ex cumque quia adipisci perspiciatis reprehenderit. Ea vero excepturi unde assumenda. Officiis quam et doloremque fugiat ipsa.',6,'2019-09-19 11:01:11','2019-09-19 11:01:11'),(9,'trainer-img1.jpg','Qui similique enim maxime omnis quam aut.','voluptatem','Cum harum quibusdam quasi molestiae harum praesentium. Nobis fugit rerum qui exercitationem sequi. Consequatur sed neque sit atque esse dolores labore.',4,'2019-09-19 11:01:11','2019-09-19 11:01:11'),(10,'trainer-img1.jpg','Cum expedita enim suscipit accusantium voluptates aliquid ipsa.','quisquam','Quam nulla autem officia perferendis autem. Fugit consequatur ut neque. Dicta optio qui temporibus voluptas voluptas omnis.',6,'2019-09-19 11:01:11','2019-09-19 11:01:11'),(11,'trainer-img2.jpg','Molestias quos inventore adipisci veniam sit aspernatur.','minima','Praesentium cumque rerum aut cum voluptatem quasi et. Culpa quasi aut consequatur nesciunt velit distinctio repudiandae est. Voluptatem non atque perferendis ducimus.',7,'2019-09-19 11:01:11','2019-09-19 11:01:11'),(12,'trainer-img1.jpg','Ipsum possimus occaecati neque quis veritatis facilis voluptas.','aut','A harum expedita quisquam aut et. Voluptas dolore neque dignissimos voluptatibus fugit. Unde illo repellat in magni repellat fugit.',9,'2019-09-19 11:01:11','2019-09-19 11:01:11'),(13,'trainer-img2.jpg','Fugit sed voluptas explicabo asperiores sunt tenetur.','sapiente','Quo tenetur alias molestiae quisquam dicta dignissimos. Vero nihil mollitia qui tenetur temporibus doloremque est tempora. Distinctio est vel expedita nihil voluptatibus et ut.',7,'2019-09-19 11:01:11','2019-09-19 11:01:11'),(14,'trainer-img2.jpg','Deleniti est architecto voluptas praesentium facere quo voluptates.','ut','Vero nostrum ex molestiae ullam aliquid itaque dignissimos. Facilis tempore aperiam sed ea ipsa ut.',2,'2019-09-19 11:01:11','2019-09-19 11:01:11'),(15,'trainer-img1.jpg','Minus odit et natus sint.','dolores','Aspernatur repellat molestias et. Eos ut iusto accusantium qui deserunt cum.',2,'2019-09-19 11:01:11','2019-09-19 11:01:11'),(16,'trainer-img2.jpg','Nulla non dolorem consectetur nostrum delectus.','voluptas','Voluptas soluta sed sed iste ut deleniti porro. Dolorum voluptas rem illum deserunt rerum autem consectetur. Adipisci vitae ad distinctio dolorem molestias sit rerum.',8,'2019-09-19 11:01:11','2019-09-19 11:01:11'),(17,'trainer-img2.jpg','Hic perspiciatis error est ducimus.','molestias','Laudantium facilis illo aut tempora. Accusantium nostrum est commodi. Voluptatem veritatis odio quis.',4,'2019-09-19 11:01:11','2019-09-19 11:01:11'),(18,'trainer-img2.jpg','Vel consequatur omnis voluptatibus.','eligendi','Quia velit et laudantium et. Rerum facere veniam eaque qui.',1,'2019-09-19 11:01:11','2019-09-19 11:01:11'),(19,'trainer-img2.jpg','Repudiandae labore exercitationem corporis qui.','quia','Autem fuga ipsum excepturi. Tenetur distinctio dolor aut. Molestiae necessitatibus illo accusamus occaecati fugiat.',8,'2019-09-19 11:01:11','2019-09-19 11:01:11'),(20,'trainer-img1.jpg','Dolor aut facere vel occaecati et commodi.','quo','Sit autem minima quia veritatis reiciendis officia. Delectus quod non qui aliquid laborum numquam.',1,'2019-09-19 11:01:11','2019-09-19 11:01:11'),(21,'trainer-img2.jpg','Et enim omnis non.','vel','Molestias quasi aut praesentium et. Cum numquam voluptate dolores eum ducimus ut non dolorem. Vel vitae ratione aut odio.',6,'2019-09-19 11:01:11','2019-09-19 11:01:11'),(22,'trainer-img.jpg','Rerum suscipit quis illo ratione quae libero.','eum','Soluta dolore molestiae tenetur ratione sed nobis exercitationem omnis. Minima earum et voluptatem eum.',1,'2019-09-19 11:01:11','2019-09-19 11:01:11'),(23,'trainer-img.jpg','Id voluptas quia id.','commodi','Fugiat vero minima est et quo ut qui. Omnis fugit necessitatibus corrupti ducimus tenetur doloribus.',9,'2019-09-19 11:01:11','2019-09-19 11:01:11'),(24,'trainer-img1.jpg','Quis molestiae ea aut odit quibusdam in.','dolorem','Provident aut deleniti et molestiae ullam. Est quos veritatis aut delectus incidunt sed.',6,'2019-09-19 11:01:11','2019-09-19 11:01:11'),(25,'trainer-img1.jpg','Rem non nostrum aut molestiae illo.','magni','Ut cumque et tempore. Maxime possimus voluptatem sit dolorem at necessitatibus et.',9,'2019-09-19 11:01:11','2019-09-19 11:01:11'),(26,'trainer-img1.jpg','Corporis quod consequuntur voluptatem quis aut laborum.','saepe','Sunt dolorem quasi voluptas assumenda velit nihil. Inventore odit sint qui exercitationem. Dolor veniam explicabo exercitationem in.',6,'2019-09-19 11:01:11','2019-09-19 11:01:11'),(27,'trainer-img2.jpg','Tempore modi eos architecto consequuntur.','debitis','Similique ut possimus debitis eos est rerum. Hic quas est odit ab quae. Deserunt omnis dolorem consequatur at fugiat.',6,'2019-09-19 11:01:11','2019-09-19 11:01:11'),(28,'trainer-img2.jpg','Temporibus sed dicta possimus saepe rem enim et aut.','accusamus','Ipsum quidem alias sit voluptates quis officia. Cupiditate voluptas similique dolorum cupiditate repellendus quia ut sed.',9,'2019-09-19 11:01:11','2019-09-19 11:01:11'),(29,'trainer-img2.jpg','Sint repudiandae unde hic at sed explicabo autem eum.','consequatur','Autem quas deleniti sit qui et deserunt. Rerum possimus sed et esse.',1,'2019-09-19 11:01:11','2019-09-19 11:01:11'),(30,'trainer-img.jpg','Maiores ut optio aut ex distinctio laboriosam nemo vitae.','magni','Assumenda ea excepturi facere minus quisquam sunt rerum quo. Vero quod optio quibusdam ad enim qui. Ut quia voluptatem sed quam.',10,'2019-09-19 11:01:11','2019-09-19 11:01:11'),(31,'trainer-img.jpg','Ipsam et omnis autem voluptatem suscipit incidunt.','consectetur','Ut temporibus natus et assumenda quibusdam quo. Exercitationem esse iure quia. Corporis omnis iure mollitia excepturi nesciunt.',7,'2019-09-19 11:01:11','2019-09-19 11:01:11'),(32,'trainer-img1.jpg','Cumque velit deleniti ipsum.','fuga','Natus molestias provident deserunt non. Libero veritatis quos sit.',9,'2019-09-19 11:01:11','2019-09-19 11:01:11'),(33,'trainer-img1.jpg','Eveniet nemo iure quibusdam.','dicta','Nam quia aliquam dolorem et deleniti molestiae a est. Velit nemo eius necessitatibus modi fugiat omnis quas aut.',7,'2019-09-19 11:01:11','2019-09-19 11:01:11'),(34,'trainer-img1.jpg','Rerum quibusdam suscipit dolor natus.','qui','Ratione voluptatem minima praesentium aspernatur doloribus. Quia quia autem enim molestiae. Minima reiciendis reiciendis quis voluptatem odio animi non repellendus.',1,'2019-09-19 11:01:11','2019-09-19 11:01:11'),(35,'trainer-img1.jpg','Alias ab perspiciatis explicabo atque ipsum officiis et.','maiores','Doloribus enim aliquid rem et fugiat eum quo. Quam quia necessitatibus sequi consequuntur praesentium. Praesentium qui necessitatibus non.',2,'2019-09-19 11:01:11','2019-09-19 11:01:11'),(36,'trainer-img1.jpg','Ea sunt et maiores quibusdam itaque rerum sequi est.','natus','Eaque at dolor mollitia vitae. Molestiae consectetur ratione corrupti tenetur aliquid officia adipisci. Aut voluptatibus velit et nulla incidunt at rerum.',7,'2019-09-19 11:01:11','2019-09-19 11:01:11'),(37,'trainer-img1.jpg','Eius dolorem harum amet laborum tempora itaque dolores.','aliquid','Sunt officiis illo est. Vel repellat a omnis fugit voluptas asperiores. Saepe sint qui molestiae non quod est laudantium.',1,'2019-09-19 11:01:11','2019-09-19 11:01:11'),(38,'trainer-img.jpg','Molestiae distinctio voluptatem rerum est.','delectus','A hic id optio accusamus at autem et. Aut natus non autem delectus. Pariatur omnis sequi ducimus incidunt.',7,'2019-09-19 11:01:11','2019-09-19 11:01:11'),(39,'trainer-img1.jpg','Iure quia est sint et veniam est eum et.','voluptatem','Eos sed ad nulla. Ipsa ullam error consectetur.',6,'2019-09-19 11:01:11','2019-09-19 11:01:11'),(40,'trainer-img.jpg','Consectetur sunt rerum sed.','facere','Repellat a exercitationem voluptas et a quos. Et rem et quia fugiat sequi fuga consequatur aperiam. Ex velit libero magni.',10,'2019-09-19 11:01:11','2019-09-19 11:01:11'),(41,'trainer-img1.jpg','Accusamus nemo culpa cumque atque sit vel veritatis sit.','id','Sint doloribus quod unde fugit molestiae. Voluptatem adipisci voluptas ipsum dolores. Deserunt et error possimus consequatur quia placeat.',8,'2019-09-19 11:01:11','2019-09-19 11:01:11'),(42,'trainer-img1.jpg','Vel explicabo ullam fugit et est.','ipsum','Ipsum culpa vero alias eveniet temporibus eos ipsa suscipit. Numquam voluptatem similique ratione necessitatibus consequatur a.',7,'2019-09-19 11:01:11','2019-09-19 11:01:11'),(43,'trainer-img2.jpg','Corporis quia voluptatum tempora consectetur.','iste','Nam suscipit provident cumque culpa. Sed pariatur aut officiis corrupti quasi magnam. Voluptatem consequuntur est cumque occaecati beatae magnam.',6,'2019-09-19 11:01:11','2019-09-19 11:01:11'),(44,'trainer-img1.jpg','Culpa consequatur perspiciatis laborum et recusandae rerum fuga fuga.','in','Occaecati qui est et nulla. Amet veniam eligendi harum qui ea.',2,'2019-09-19 11:01:11','2019-09-19 11:01:11'),(45,'trainer-img1.jpg','Odio nam rerum voluptatem aspernatur ipsam deleniti iure.','officiis','Maiores nihil cupiditate est animi et pariatur. Qui unde et voluptate commodi. Reprehenderit explicabo consequuntur illo voluptate pariatur.',3,'2019-09-19 11:01:11','2019-09-19 11:01:11'),(46,'trainer-img.jpg','Consectetur rerum inventore sit ea mollitia hic eligendi magni.','assumenda','Et modi libero qui facere sed. Et ut quod sapiente saepe placeat. Dolorum ut dolor omnis non et rerum ut.',8,'2019-09-19 11:01:11','2019-09-19 11:01:11'),(47,'trainer-img2.jpg','Non repellendus modi qui reiciendis occaecati nam.','quo','Voluptatem ea ut possimus. Vel est autem omnis non. Iste alias ea possimus doloribus ipsam perspiciatis.',1,'2019-09-19 11:01:11','2019-09-19 11:01:11'),(48,'trainer-img.jpg','Repellendus animi consequatur sit temporibus.','laboriosam','Et quas sit dolorem tempora. Mollitia id fuga quibusdam est minus.',9,'2019-09-19 11:01:11','2019-09-19 11:01:11'),(49,'trainer-img.jpg','Laboriosam molestiae omnis modi voluptatem provident quas fugiat.','ea','Beatae possimus id rerum omnis pariatur. Eius corporis quae vel impedit rem porro eum.',4,'2019-09-19 11:01:11','2019-09-19 11:01:11'),(50,'trainer-img2.jpg','Quaerat maiores tempore quaerat excepturi rem.','voluptatibus','Incidunt nihil fugiat perferendis consequuntur eum facilis. Autem illo harum qui necessitatibus voluptas voluptatibus autem tenetur.',1,'2019-09-19 11:01:11','2019-09-19 11:01:11'),(51,'trainer-img2.jpg','Fuga nam et soluta ut.','sapiente','Quasi enim dolor libero cumque natus quo corrupti eum. Possimus et tempora consequuntur hic et quaerat. Deleniti officiis non incidunt dignissimos velit asperiores.',2,'2019-09-19 11:01:11','2019-09-19 11:01:11'),(52,'trainer-img.jpg','Aut et ea facere dolor harum inventore exercitationem reiciendis.','numquam','Molestias perferendis iusto ipsa aliquam autem. Dolorem dignissimos quaerat facilis.',1,'2019-09-19 11:01:11','2019-09-19 11:01:11'),(53,'trainer-img1.jpg','Numquam laboriosam assumenda commodi molestiae.','soluta','In consectetur officiis aut ea. Molestiae provident id sequi ut nihil quos. Blanditiis et rerum voluptas facere est velit molestiae.',1,'2019-09-19 11:01:11','2019-09-19 11:01:11'),(54,'trainer-img2.jpg','Quia facere est tenetur eum.','delectus','Ratione assumenda aut odio. Adipisci sit inventore sit et. Non molestiae illum enim.',9,'2019-09-19 11:01:11','2019-09-19 11:01:11'),(55,'trainer-img.jpg','Debitis veritatis tempora suscipit id molestias voluptate.','perspiciatis','Quia ad voluptas ratione. Consequatur voluptas quia fugit quae.',9,'2019-09-19 11:01:11','2019-09-19 11:01:11'),(56,'trainer-img1.jpg','Omnis et facere sed autem.','eius','Et non tempore non debitis. Odit veniam et expedita eligendi vitae odio doloribus non.',2,'2019-09-19 11:01:11','2019-09-19 11:01:11'),(57,'trainer-img2.jpg','Optio quam adipisci et ut ipsum est.','rem','Delectus totam quia sed maxime aliquam et vero. Unde eius occaecati magni non.',8,'2019-09-19 11:01:11','2019-09-19 11:01:11'),(58,'trainer-img.jpg','Rerum itaque ex sint et.','optio','Tempora officiis rem explicabo consequuntur laborum. Qui maxime et illo et. Aut incidunt accusamus et harum.',2,'2019-09-19 11:01:11','2019-09-19 11:01:11'),(59,'trainer-img2.jpg','Ab occaecati nostrum sunt ut sed nulla et.','deserunt','Ipsum ut dignissimos unde itaque ut labore aut. Repudiandae hic veritatis sed fugiat voluptas. Quia placeat mollitia dolorem consectetur nihil in.',5,'2019-09-19 11:01:11','2019-09-19 11:01:11'),(60,'trainer-img1.jpg','Nulla deserunt neque debitis non illo quia.','rerum','Quis culpa totam id vel. Adipisci eveniet rerum tenetur totam autem.',9,'2019-09-19 11:01:11','2019-09-19 11:01:11'),(61,'trainer-img1.jpg','Et unde possimus cumque dolore fugiat dignissimos omnis.','eveniet','Modi facere sit nostrum. Dolorum sint dolores qui tempora sed repellendus. Voluptatem et et voluptate omnis.',10,'2019-09-19 11:01:11','2019-09-19 11:01:11'),(62,'trainer-img2.jpg','Ex nemo enim nam ducimus.','esse','Atque officia impedit aliquam fuga in aspernatur libero nemo. Blanditiis quia corporis repellendus nam.',2,'2019-09-19 11:01:11','2019-09-19 11:01:11'),(63,'trainer-img2.jpg','Adipisci dolorum non voluptatem harum ipsam totam officia.','aut','Et ratione nam in est aliquam. Necessitatibus dolorum non ea id culpa quae consequatur. Quia at quasi dolores mollitia fugiat cupiditate dolorum illum.',1,'2019-09-19 11:01:11','2019-09-19 11:01:11'),(64,'trainer-img2.jpg','Sit sed et minima eius commodi.','sit','Voluptatem quisquam qui quia non quasi error aliquid. Itaque cumque porro et numquam sit.',10,'2019-09-19 11:01:11','2019-09-19 11:01:11'),(65,'trainer-img1.jpg','Omnis porro laboriosam nihil veritatis.','ut','Facilis est odio vitae non repudiandae officia. Impedit libero molestias molestias ad unde aliquam.',5,'2019-09-19 11:01:11','2019-09-19 11:01:11'),(66,'trainer-img2.jpg','Tenetur cum possimus ut eligendi laborum.','aut','Architecto cupiditate quia amet aliquam. Similique omnis et ex atque. Aut cupiditate corporis vitae expedita.',1,'2019-09-19 11:01:11','2019-09-19 11:01:11'),(67,'trainer-img2.jpg','Non accusantium aut fuga quia sint.','nemo','Fugiat nulla fuga in. Facere itaque qui deserunt quos. Fuga nostrum corporis et.',5,'2019-09-19 11:01:11','2019-09-19 11:01:11'),(68,'trainer-img1.jpg','Corporis ut et asperiores.','molestiae','Vel corrupti eum similique et occaecati quia sit. Aliquam quo dolor reiciendis in. Odio tenetur nihil itaque omnis molestiae iure.',2,'2019-09-19 11:01:11','2019-09-19 11:01:11'),(69,'trainer-img1.jpg','Recusandae ut reiciendis accusantium.','praesentium','Quam dolor odio maxime aut. Dolore quam consequatur qui. Temporibus soluta eveniet sed officiis tempore.',5,'2019-09-19 11:01:11','2019-09-19 11:01:11'),(70,'trainer-img2.jpg','Praesentium quae odit rerum cum omnis voluptatem voluptate illo.','eos','Blanditiis iste ab inventore natus adipisci. Neque ut aliquid unde repellat sint. Iusto non tenetur qui aperiam id.',8,'2019-09-19 11:01:11','2019-09-19 11:01:11'),(71,'trainer-img.jpg','Repellat nesciunt libero voluptas mollitia dolorum.','qui','Velit numquam quos cumque itaque enim. Voluptatem atque exercitationem deserunt fuga consequatur eos quidem debitis. Occaecati enim officiis enim voluptatum sequi.',4,'2019-09-19 11:01:11','2019-09-19 11:01:11'),(72,'trainer-img2.jpg','Suscipit iste excepturi molestiae sapiente aut eaque minima.','minima','Doloremque consequatur eum rerum assumenda magni eveniet. Reiciendis ut optio voluptate dolores ullam placeat at. Commodi culpa adipisci illo doloribus qui quaerat.',9,'2019-09-19 11:01:11','2019-09-19 11:01:11'),(73,'trainer-img2.jpg','Corporis voluptas placeat corporis facilis.','unde','Quaerat molestias perferendis corrupti eos. Ullam nobis quia sed voluptatem et placeat. Eos laudantium rem officia sint nihil totam.',1,'2019-09-19 11:01:11','2019-09-19 11:01:11'),(74,'trainer-img2.jpg','Architecto reprehenderit fugit voluptatibus ipsam dicta.','aliquid','Sed aliquam omnis totam reprehenderit qui. Id et facere consequatur. Provident ut aut sint veritatis.',8,'2019-09-19 11:01:11','2019-09-19 11:01:11'),(75,'trainer-img2.jpg','Consequatur laboriosam voluptas repellat eum quibusdam illum sequi.','magnam','Non ea beatae quia est. Sed omnis minus esse qui possimus. Et deleniti voluptas iste dolorem omnis maiores.',1,'2019-09-19 11:01:11','2019-09-19 11:01:11'),(76,'trainer-img1.jpg','Perferendis asperiores unde iusto.','velit','Laudantium sed voluptatem assumenda quos quisquam eum. Eos eveniet eius dolores officia. Rerum atque animi qui blanditiis dolorem occaecati sapiente.',9,'2019-09-19 11:01:11','2019-09-19 11:01:11'),(77,'trainer-img2.jpg','Ut aliquam velit sit est debitis.','sint','Voluptatem ut tempora dolores quae rerum neque ex. Id laborum et voluptas officia. Dolores adipisci rerum adipisci autem.',10,'2019-09-19 11:01:11','2019-09-19 11:01:11'),(78,'trainer-img1.jpg','Sed recusandae cum aut quaerat iusto.','tempore','Optio excepturi a tenetur nemo minus eveniet et. Magni et doloremque voluptates omnis totam est dolor.',9,'2019-09-19 11:01:11','2019-09-19 11:01:11'),(79,'trainer-img1.jpg','Reiciendis tempora reprehenderit totam est ut quod nesciunt.','ab','Error inventore nihil minus dicta blanditiis voluptatum esse atque. Commodi aliquam dolorem et dolorum possimus et harum. In at accusantium voluptate optio sunt et aut rem.',7,'2019-09-19 11:01:11','2019-09-19 11:01:11'),(80,'trainer-img.jpg','Sed minima quae veniam repudiandae tempora illo cumque.','qui','Quae voluptas dolores perspiciatis officiis sapiente. Eos consectetur et repellat. Facere sed voluptatem aut saepe voluptatem.',9,'2019-09-19 11:01:11','2019-09-19 11:01:11'),(81,'trainer-img1.jpg','Nemo placeat itaque aut ut.','aspernatur','Ducimus sed est ut ex exercitationem aliquam. Enim numquam est non totam non quae enim. Quasi minima error voluptates vero non.',6,'2019-09-19 11:01:11','2019-09-19 11:01:11'),(82,'trainer-img2.jpg','Officia dicta voluptatem suscipit iusto occaecati neque.','aut','Quia voluptas facilis non rerum sed. Quibusdam quod ut inventore porro. Esse quia aut nostrum ipsum rem veritatis.',4,'2019-09-19 11:01:11','2019-09-19 11:01:11'),(83,'trainer-img2.jpg','Id quod quisquam explicabo est.','ex','Repellat inventore unde sequi aut quisquam saepe voluptatem. Ut provident id enim aut rerum occaecati. Inventore magni qui quo et tempore quam sit.',4,'2019-09-19 11:01:11','2019-09-19 11:01:11'),(84,'trainer-img2.jpg','Ullam accusantium ut in ab harum qui.','quos','Sunt error corrupti molestiae reiciendis qui. Amet et temporibus doloremque magnam.',2,'2019-09-19 11:01:11','2019-09-19 11:01:11'),(85,'trainer-img1.jpg','Quis et rerum consequatur est sit nihil et.','dolores','Ducimus voluptatem et fugiat eos voluptas non. Et deserunt esse aspernatur quos.',9,'2019-09-19 11:01:11','2019-09-19 11:01:11'),(86,'trainer-img.jpg','Molestias id hic officia quo.','quibusdam','Vel sit et rerum consequuntur illum officia. Incidunt placeat modi non voluptatem.',9,'2019-09-19 11:01:11','2019-09-19 11:01:11'),(87,'trainer-img1.jpg','Officiis et nobis omnis porro.','repudiandae','Quia nihil velit magni dolor error tempore. Dolorum dolore qui veniam est nihil at modi est.',10,'2019-09-19 11:01:11','2019-09-19 11:01:11'),(88,'trainer-img1.jpg','Dolor unde omnis magnam quos illo culpa.','enim','Adipisci magnam corrupti nam voluptas. Praesentium atque reiciendis laborum quasi dolor.',7,'2019-09-19 11:01:11','2019-09-19 11:01:11'),(89,'trainer-img2.jpg','Nemo qui quisquam natus quia.','repudiandae','In asperiores vero assumenda et. Dolores adipisci aliquid animi numquam.',9,'2019-09-19 11:01:11','2019-09-19 11:01:11'),(90,'trainer-img1.jpg','Voluptas sunt pariatur labore modi dolorem qui.','molestias','Et minus excepturi et rem suscipit vero. Iure ut voluptatem animi molestiae qui similique molestiae quos. Consequatur vitae consectetur molestiae ipsum atque.',2,'2019-09-19 11:01:11','2019-09-19 11:01:11'),(91,'trainer-img.jpg','Recusandae nostrum molestiae ex tempore.','architecto','Molestiae quas itaque ut sunt quasi enim. Quisquam et labore sed.',7,'2019-09-19 11:01:11','2019-09-19 11:01:11'),(92,'trainer-img2.jpg','Fugit quos voluptates rerum.','ut','Ex voluptatem et provident quas pariatur porro voluptas. Explicabo ut et et quibusdam. Pariatur possimus soluta id omnis.',1,'2019-09-19 11:01:11','2019-09-19 11:01:11'),(93,'trainer-img2.jpg','Sed magni assumenda cum quos sint dolorum.','voluptatem','Vel placeat ut placeat ut sint non voluptatem. Veritatis molestiae sint repellat enim odit repellendus dignissimos culpa. Beatae minus at facere totam corrupti quia commodi.',10,'2019-09-19 11:01:11','2019-09-19 11:01:11'),(94,'trainer-img1.jpg','Sapiente officiis ut repudiandae magnam.','cum','Atque pariatur tempora consequatur placeat cupiditate. Temporibus esse alias laboriosam illo.',8,'2019-09-19 11:01:11','2019-09-19 11:01:11'),(95,'trainer-img2.jpg','Distinctio recusandae eveniet itaque qui totam id.','aut','Sit molestiae corrupti sit recusandae nulla. Enim aliquid cumque placeat qui eius voluptas magni eveniet. Magni accusamus a ab beatae tempora.',5,'2019-09-19 11:01:11','2019-09-19 11:01:11'),(96,'trainer-img.jpg','Porro molestiae vitae molestias tempore ducimus.','eligendi','Harum incidunt consectetur tenetur sit recusandae. Cum quaerat ipsa voluptas quia eos et quo. Tempore dolores modi ex rem autem.',2,'2019-09-19 11:01:12','2019-09-19 11:01:12'),(97,'trainer-img.jpg','Qui neque numquam quaerat pariatur sapiente delectus.','tempora','Debitis nisi commodi vero blanditiis repudiandae doloribus ipsum. Suscipit iure ad itaque vitae ullam corrupti.',2,'2019-09-19 11:01:12','2019-09-19 11:01:12'),(98,'trainer-img2.jpg','Magni vero sed aut.','quia','Non libero blanditiis nam consequuntur exercitationem. Quidem consequatur expedita et qui quia enim maiores ex. Voluptates aspernatur iusto nemo rerum natus error sapiente.',8,'2019-09-19 11:01:12','2019-09-19 11:01:12'),(99,'trainer-img1.jpg','Aut assumenda nemo et.','praesentium','Similique quia incidunt eum. Cum mollitia reiciendis veniam voluptates minima. Consequuntur illum tempore aut explicabo sunt laudantium.',1,'2019-09-19 11:01:12','2019-09-19 11:01:12'),(100,'trainer-img1.jpg','Natus aut quidem consequatur consequatur totam molestias illum.','sint','Quos dolores architecto in quibusdam. Est itaque est eum odio eos dolores magnam.',3,'2019-09-19 11:01:12','2019-09-19 11:01:12'),(101,'trainer-img1.jpg','Aut explicabo culpa dolore.','quidem','Est ut deserunt ipsam minus dicta voluptatem. Et et earum et ipsum alias.',2,'2019-09-19 11:01:12','2019-09-19 11:01:12'),(102,'trainer-img.jpg','Ut harum deleniti voluptatem adipisci sit consequuntur consequatur.','qui','Aut sed eos quia. Consequatur inventore fugiat facere sint ea. Enim quae magni minima velit.',6,'2019-09-19 11:01:12','2019-09-19 11:01:12'),(103,'trainer-img2.jpg','Sit dolorum quia quibusdam temporibus tempore et.','iste','Qui culpa nemo adipisci numquam et repellat rerum. Maiores dolorem suscipit officia qui cumque sit.',2,'2019-09-19 11:01:12','2019-09-19 11:01:12'),(104,'trainer-img1.jpg','Dolore et fugit voluptates eveniet nobis vel voluptatem eaque.','ea','Et voluptatem repellendus sunt odit iusto laudantium. Vel atque expedita qui aut alias labore.',3,'2019-09-19 11:01:12','2019-09-19 11:01:12'),(105,'trainer-img.jpg','Temporibus et fuga atque.','eos','Hic aut consequuntur sed ea animi. Delectus repudiandae quia autem ipsum. Est nulla non doloremque sed et culpa.',6,'2019-09-19 11:01:12','2019-09-19 11:01:12'),(106,'trainer-img1.jpg','Occaecati totam culpa cupiditate quae quam in voluptatem.','et','Et minus non optio eligendi sint voluptate magnam. Magnam aut nostrum tempora aliquam omnis facere modi provident.',9,'2019-09-19 11:01:12','2019-09-19 11:01:12'),(107,'trainer-img2.jpg','Sit possimus qui quia eveniet eos hic quidem.','rerum','Mollitia sint est quis autem minus quidem. Reiciendis est voluptatem quas cupiditate facere est eaque. Ipsum tenetur doloremque deleniti.',5,'2019-09-19 11:01:12','2019-09-19 11:01:12'),(108,'trainer-img1.jpg','Quam et unde maxime dicta nam.','architecto','Nulla nihil recusandae dolores officia velit. Laborum quidem nemo aut nisi dicta ea dolores.',1,'2019-09-19 11:01:12','2019-09-19 11:01:12'),(109,'trainer-img1.jpg','Sint inventore praesentium optio corrupti quo facilis.','ut','Pariatur ut corrupti ut reiciendis qui temporibus. Eveniet perferendis et quos. Non rerum harum debitis iusto molestiae aut assumenda.',6,'2019-09-19 11:01:12','2019-09-19 11:01:12'),(110,'trainer-img1.jpg','Est exercitationem ad ipsam qui est quia omnis.','consequatur','Excepturi labore quisquam et sapiente natus ipsum consequatur. Non ex repellendus et et aliquam.',5,'2019-09-19 11:01:12','2019-09-19 11:01:12'),(111,'trainer-img2.jpg','Consectetur architecto hic odio assumenda praesentium cumque eos.','nostrum','Eaque magnam sunt sint. Reiciendis iste et dicta voluptas. Necessitatibus et sint consectetur repellendus odit fugit.',2,'2019-09-19 11:01:12','2019-09-19 11:01:12'),(112,'trainer-img2.jpg','Nihil aliquid perferendis est ut rerum corporis.','sunt','Sit ratione commodi sit voluptatum. Beatae aut iusto suscipit et corporis ad suscipit. Qui provident pariatur modi sed voluptatem.',6,'2019-09-19 11:01:12','2019-09-19 11:01:12'),(113,'trainer-img.jpg','Vel quibusdam voluptates voluptatum nobis.','quos','Quia dolorem laudantium in libero veritatis. Magnam iure et minus et quasi voluptatem vero dolore. Aspernatur dolore vero esse provident quia est eum.',5,'2019-09-19 11:01:12','2019-09-19 11:01:12'),(114,'trainer-img.jpg','Qui quibusdam qui non doloribus dicta sit cumque.','eum','Et velit molestiae odio pariatur. Harum illum quia necessitatibus dolores.',4,'2019-09-19 11:01:12','2019-09-19 11:01:12'),(115,'trainer-img1.jpg','Dicta quae qui iusto vitae necessitatibus illum.','occaecati','Eum est sed excepturi ut aut aspernatur. Vel sed sint quas eius eum ea possimus.',7,'2019-09-19 11:01:12','2019-09-19 11:01:12'),(116,'trainer-img2.jpg','Veniam autem repellendus libero consectetur est et.','voluptatem','Vero quibusdam maiores aut aut iusto sit voluptates hic. Aliquid et accusamus in tempora deleniti amet. Sit incidunt dolorem ab laudantium totam laudantium.',6,'2019-09-19 11:01:12','2019-09-19 11:01:12'),(117,'trainer-img.jpg','Deleniti et facere cum est molestiae.','est','Dolorem recusandae non et quidem voluptatem. Aliquam iure sed temporibus soluta dolores modi placeat. Voluptas nesciunt ducimus voluptas eum porro voluptatibus.',1,'2019-09-19 11:01:12','2019-09-19 11:01:12'),(118,'trainer-img2.jpg','Non ullam molestias distinctio.','vero','Fugit rem ducimus nihil aut aperiam maxime sequi. Officia aliquam voluptate deserunt officia.',8,'2019-09-19 11:01:12','2019-09-19 11:01:12'),(119,'trainer-img2.jpg','Dolorum voluptate quasi exercitationem voluptatem iusto.','debitis','Veritatis aut sed ad pariatur hic reprehenderit eveniet. Expedita et sed et sunt nemo. Ad aut consectetur quia officia ipsa blanditiis culpa.',3,'2019-09-19 11:01:12','2019-09-19 11:01:12'),(120,'trainer-img.jpg','Omnis ex vitae recusandae ipsam occaecati.','alias','Labore eum consectetur repellat repudiandae. Est minima quas repellat repellat sint laudantium quos hic. Sunt sunt eius ratione corporis consectetur reiciendis molestiae.',3,'2019-09-19 11:01:12','2019-09-19 11:01:12'),(121,'trainer-img2.jpg','Eos sit suscipit vel sapiente iure odio.','fugiat','Sed molestiae distinctio enim quas nam expedita. Sint enim pariatur soluta eveniet deserunt iusto vel.',10,'2019-09-19 11:01:12','2019-09-19 11:01:12'),(122,'trainer-img1.jpg','Repellendus perspiciatis quam voluptatem consequuntur et.','unde','Ipsum magni similique tenetur. Iste et perferendis adipisci ab ullam et qui quidem. Reprehenderit culpa culpa est voluptate et vel.',4,'2019-09-19 11:01:12','2019-09-19 11:01:12'),(123,'trainer-img.jpg','Beatae ut qui ut.','quaerat','Sunt velit esse illo iure quo. Quas ut voluptas tempore nesciunt corporis nobis.',8,'2019-09-19 11:01:12','2019-09-19 11:01:12'),(124,'trainer-img1.jpg','Veniam vel quo quam pariatur tempora ut.','recusandae','Maxime perspiciatis eveniet sunt ab. Est qui unde non in et.',6,'2019-09-19 11:01:12','2019-09-19 11:01:12'),(125,'trainer-img1.jpg','Eius quae sit est qui qui cumque qui.','dolorem','Quia rerum aut cupiditate occaecati. Vero neque eos nam delectus est architecto voluptatem. Quia cupiditate sed voluptatem et unde facere.',5,'2019-09-19 11:01:12','2019-09-19 11:01:12');
/*!40000 ALTER TABLE `videos` ENABLE KEYS */;
UNLOCK TABLES;

--
-- Table structure for table `wall_of_fame_categories`
--

DROP TABLE IF EXISTS `wall_of_fame_categories`;
/*!40101 SET @saved_cs_client     = @@character_set_client */;
/*!40101 SET character_set_client = utf8 */;
CREATE TABLE `wall_of_fame_categories` (
  `id` bigint(20) unsigned NOT NULL AUTO_INCREMENT,
  `title` varchar(191) COLLATE utf8_unicode_ci NOT NULL,
  `created_at` timestamp NULL DEFAULT NULL,
  `updated_at` timestamp NULL DEFAULT NULL,
  PRIMARY KEY (`id`)
) ENGINE=InnoDB AUTO_INCREMENT=16 DEFAULT CHARSET=utf8 COLLATE=utf8_unicode_ci;
/*!40101 SET character_set_client = @saved_cs_client */;

--
-- Dumping data for table `wall_of_fame_categories`
--

LOCK TABLES `wall_of_fame_categories` WRITE;
/*!40000 ALTER TABLE `wall_of_fame_categories` DISABLE KEYS */;
INSERT INTO `wall_of_fame_categories` VALUES (1,'sit','2019-09-19 11:01:12','2019-09-19 11:01:12'),(2,'explicabo','2019-09-19 11:01:12','2019-09-19 11:01:12'),(3,'reprehenderit','2019-09-19 11:01:12','2019-09-19 11:01:12'),(4,'illo','2019-09-19 11:01:12','2019-09-19 11:01:12'),(5,'facere','2019-09-19 11:01:12','2019-09-19 11:01:12'),(6,'quasi','2019-09-19 11:01:12','2019-09-19 11:01:12'),(7,'hic','2019-09-19 11:01:12','2019-09-19 11:01:12'),(8,'quaerat','2019-09-19 11:01:12','2019-09-19 11:01:12'),(9,'nihil','2019-09-19 11:01:12','2019-09-19 11:01:12'),(10,'atque','2019-09-19 11:01:12','2019-09-19 11:01:12'),(11,'numquam','2019-09-19 11:01:12','2019-09-19 11:01:12'),(12,'placeat','2019-09-19 11:01:12','2019-09-19 11:01:12'),(13,'odit','2019-09-19 11:01:12','2019-09-19 11:01:12'),(14,'recusandae','2019-09-19 11:01:12','2019-09-19 11:01:12'),(15,'sapiente','2019-09-19 11:01:12','2019-09-19 11:01:12');
/*!40000 ALTER TABLE `wall_of_fame_categories` ENABLE KEYS */;
UNLOCK TABLES;

--
-- Table structure for table `wall_of_fames`
--

DROP TABLE IF EXISTS `wall_of_fames`;
/*!40101 SET @saved_cs_client     = @@character_set_client */;
/*!40101 SET character_set_client = utf8 */;
CREATE TABLE `wall_of_fames` (
  `id` bigint(20) unsigned NOT NULL AUTO_INCREMENT,
  `image` varchar(191) COLLATE utf8_unicode_ci NOT NULL,
  `title` varchar(191) COLLATE utf8_unicode_ci NOT NULL,
  `text` varchar(1000) COLLATE utf8_unicode_ci NOT NULL,
  `wall_of_fame_category_id` bigint(20) unsigned NOT NULL,
  `created_at` timestamp NULL DEFAULT NULL,
  `updated_at` timestamp NULL DEFAULT NULL,
  PRIMARY KEY (`id`),
  KEY `wall_of_fames_wall_of_fame_category_id_foreign` (`wall_of_fame_category_id`),
  CONSTRAINT `wall_of_fames_wall_of_fame_category_id_foreign` FOREIGN KEY (`wall_of_fame_category_id`) REFERENCES `wall_of_fame_categories` (`id`)
) ENGINE=InnoDB AUTO_INCREMENT=126 DEFAULT CHARSET=utf8 COLLATE=utf8_unicode_ci;
/*!40101 SET character_set_client = @saved_cs_client */;

--
-- Dumping data for table `wall_of_fames`
--

LOCK TABLES `wall_of_fames` WRITE;
/*!40000 ALTER TABLE `wall_of_fames` DISABLE KEYS */;
INSERT INTO `wall_of_fames` VALUES (1,'trainer-img2.jpg','Ducimus quod culpa cumque similique dolorum eum.','Quibusdam consectetur sit odit doloribus modi hic. Non similique rerum in incidunt.',3,'2019-09-19 11:01:12','2019-09-19 11:01:12'),(2,'trainer-img2.jpg','Ut autem iure eum doloremque.','Aut aliquid eaque et officiis assumenda repellat. Quos optio quo vitae facere ut possimus et.',8,'2019-09-19 11:01:12','2019-09-19 11:01:12'),(3,'trainer-img1.jpg','Nisi eos laboriosam aut eveniet.','Placeat iste nemo molestiae quae qui optio possimus. Et beatae culpa rem nobis corporis accusantium. Possimus non voluptatem cumque magni.',9,'2019-09-19 11:01:12','2019-09-19 11:01:12'),(4,'trainer-img2.jpg','Dolores inventore doloremque autem ipsum.','Aut reiciendis alias quisquam. Aspernatur ut impedit maxime ea eos veniam.',5,'2019-09-19 11:01:12','2019-09-19 11:01:12'),(5,'trainer-img2.jpg','Cupiditate officia dolore praesentium non impedit rerum doloremque.','Eius omnis nostrum sed est veritatis animi cum. Ipsa voluptas sit eos nulla quod.',9,'2019-09-19 11:01:12','2019-09-19 11:01:12'),(6,'trainer-img1.jpg','Ut commodi itaque minima aspernatur unde.','Officia nam officia dolorem itaque nulla excepturi laudantium rerum. Aliquid odio ut repudiandae explicabo.',2,'2019-09-19 11:01:12','2019-09-19 11:01:12'),(7,'trainer-img1.jpg','Dolorem magnam aut dolore reprehenderit inventore.','Numquam laudantium consequatur itaque quia ipsam. Vero ut ut repellat ad dolor est optio.',6,'2019-09-19 11:01:12','2019-09-19 11:01:12'),(8,'trainer-img1.jpg','Rerum similique nulla et non.','Et tenetur animi delectus porro praesentium similique fugit. Ratione ipsum aut perspiciatis iusto. Quis adipisci ullam dolore voluptatem.',4,'2019-09-19 11:01:12','2019-09-19 11:01:12'),(9,'trainer-img.jpg','Eligendi eaque et praesentium sed et aut.','Qui modi commodi et est. Doloribus quo amet qui ut.',1,'2019-09-19 11:01:12','2019-09-19 11:01:12'),(10,'trainer-img2.jpg','Quia temporibus possimus magnam et.','Id quam cupiditate eos dolorem quaerat. Vero ex molestiae velit voluptas eum excepturi.',6,'2019-09-19 11:01:12','2019-09-19 11:01:12'),(11,'trainer-img2.jpg','Id ducimus molestiae consectetur ipsum animi.','Voluptates rerum quos esse aut doloribus provident vel. Qui repellat animi quis qui numquam dicta quo. Numquam ratione provident ipsa omnis.',10,'2019-09-19 11:01:12','2019-09-19 11:01:12'),(12,'trainer-img1.jpg','Reiciendis vero incidunt aut occaecati non ipsam doloremque.','Non totam quo iusto facere accusamus animi quae unde. Omnis sit eveniet iure unde enim tempore.',1,'2019-09-19 11:01:12','2019-09-19 11:01:12'),(13,'trainer-img2.jpg','Voluptatem modi quidem veniam incidunt quos ut maxime.','Reiciendis sequi similique dolore voluptatum velit rerum in. Iste perferendis voluptates dolorum magnam eos accusamus.',9,'2019-09-19 11:01:12','2019-09-19 11:01:12'),(14,'trainer-img2.jpg','Dolorem nam enim ratione quasi consectetur.','Illo ratione enim veritatis fuga. Et officia vero exercitationem adipisci. Quaerat pariatur cupiditate ab qui et ipsam in perspiciatis.',3,'2019-09-19 11:01:12','2019-09-19 11:01:12'),(15,'trainer-img.jpg','Commodi aut vitae itaque ea nemo.','Ut laboriosam in suscipit exercitationem placeat officia saepe. Ipsa libero amet sed delectus sit deserunt exercitationem. Dolores quo quisquam repellat odit.',6,'2019-09-19 11:01:12','2019-09-19 11:01:12'),(16,'trainer-img2.jpg','Qui similique incidunt voluptatem adipisci deleniti.','Fugit consequatur molestiae ut et dolor praesentium quaerat sit. Tempora eius minus optio quae consequuntur. Exercitationem molestiae ut atque voluptates omnis perferendis esse.',1,'2019-09-19 11:01:12','2019-09-19 11:01:12'),(17,'trainer-img.jpg','Quas natus soluta voluptatem incidunt.','Dolorum quia iste nam dolores eaque. Saepe qui ad accusamus voluptas.',9,'2019-09-19 11:01:12','2019-09-19 11:01:12'),(18,'trainer-img2.jpg','Ea est sit accusamus mollitia harum repellat et quia.','Voluptatibus enim magnam magnam cupiditate. Quo quod exercitationem unde et tempora quod ea.',10,'2019-09-19 11:01:12','2019-09-19 11:01:12'),(19,'trainer-img2.jpg','Dignissimos eum ut eaque aut.','Nulla sunt beatae sunt et aut. Optio adipisci aut nostrum sint voluptatibus. Excepturi et error doloremque aliquid est voluptatem voluptas quia.',9,'2019-09-19 11:01:12','2019-09-19 11:01:12'),(20,'trainer-img2.jpg','Non necessitatibus porro nobis modi voluptas nihil perspiciatis dignissimos.','Voluptatem cupiditate quod nulla error ut tenetur qui aut. Cumque aspernatur vero et dicta voluptatem. Officia expedita consequatur culpa magnam doloribus.',3,'2019-09-19 11:01:12','2019-09-19 11:01:12'),(21,'trainer-img2.jpg','Consequuntur laudantium aut rerum et aut quia.','Nostrum fugit ut occaecati. Hic qui consectetur est aliquam aut.',9,'2019-09-19 11:01:12','2019-09-19 11:01:12'),(22,'trainer-img.jpg','Ipsam magnam rerum quod quisquam aperiam.','Commodi iste ut laborum eaque enim. Sit ut dolores nesciunt. Nihil rem ut voluptatem adipisci ratione dolores voluptatem.',6,'2019-09-19 11:01:12','2019-09-19 11:01:12'),(23,'trainer-img2.jpg','Adipisci voluptates suscipit quibusdam deserunt ut.','Ea nostrum odit dolorem ipsa consectetur voluptatem magni. Expedita voluptatem et beatae amet itaque quia accusantium.',5,'2019-09-19 11:01:12','2019-09-19 11:01:12'),(24,'trainer-img2.jpg','Voluptatem beatae quibusdam nemo sit.','Non ipsum corporis pariatur provident. Eligendi et dolorum assumenda autem et iste. Eos assumenda hic perspiciatis ea ipsam at.',1,'2019-09-19 11:01:12','2019-09-19 11:01:12'),(25,'trainer-img1.jpg','Fugiat repudiandae enim quod qui.','Culpa eos voluptatibus labore sunt odio. Nulla iste aliquid exercitationem vel eius.',8,'2019-09-19 11:01:12','2019-09-19 11:01:12'),(26,'trainer-img.jpg','Voluptatem molestiae atque neque laborum consequuntur quis.','Eligendi fuga expedita rerum nobis modi fugit. Molestiae sit illo nihil voluptate ducimus qui. Quia iusto ratione dolor minus nobis doloremque et.',8,'2019-09-19 11:01:12','2019-09-19 11:01:12'),(27,'trainer-img.jpg','Laboriosam repudiandae voluptatem natus sed incidunt.','Laboriosam mollitia eum et. Officia est consequatur amet qui.',8,'2019-09-19 11:01:12','2019-09-19 11:01:12'),(28,'trainer-img1.jpg','Labore debitis officiis enim architecto est vero debitis incidunt.','Unde ipsum voluptatem sed quos laboriosam minima consequuntur. Hic ut odio aut mollitia.',8,'2019-09-19 11:01:12','2019-09-19 11:01:12'),(29,'trainer-img1.jpg','Temporibus quia possimus similique aspernatur quae.','Omnis nemo nam nostrum. Sunt exercitationem et nesciunt.',5,'2019-09-19 11:01:12','2019-09-19 11:01:12'),(30,'trainer-img.jpg','Architecto quos sequi et veniam provident.','Vel laboriosam fugiat labore. Fuga autem illum nulla unde.',8,'2019-09-19 11:01:12','2019-09-19 11:01:12'),(31,'trainer-img1.jpg','Incidunt ut adipisci iste illum laboriosam velit.','Quia excepturi nihil esse ut beatae quasi accusantium fugit. Ipsam ut veritatis quaerat corrupti. Dignissimos reprehenderit ea aut ea distinctio enim possimus.',6,'2019-09-19 11:01:12','2019-09-19 11:01:12'),(32,'trainer-img.jpg','Ut deserunt provident quo mollitia.','Consequatur quis earum et maxime tenetur. Qui sapiente eius itaque voluptatem.',1,'2019-09-19 11:01:12','2019-09-19 11:01:12'),(33,'trainer-img2.jpg','Odit numquam vitae quis eum minus.','Inventore odit ut maiores et sunt minus. Esse voluptatem et qui. Debitis reprehenderit natus laudantium est quia.',2,'2019-09-19 11:01:12','2019-09-19 11:01:12'),(34,'trainer-img2.jpg','Pariatur sequi voluptatum nostrum nam autem ea quo.','Nobis et repudiandae quod sunt laboriosam iusto deserunt. Adipisci eaque nesciunt recusandae.',1,'2019-09-19 11:01:12','2019-09-19 11:01:12'),(35,'trainer-img1.jpg','Rem id alias et voluptas temporibus sint.','Et odio in hic occaecati qui aut omnis. Esse omnis dolor voluptas in.',6,'2019-09-19 11:01:12','2019-09-19 11:01:12'),(36,'trainer-img.jpg','Adipisci ullam voluptatem ipsa eum quis autem qui.','Enim maiores in eaque qui quo rerum deleniti. Tempora nobis eius molestias aut.',5,'2019-09-19 11:01:12','2019-09-19 11:01:12'),(37,'trainer-img2.jpg','Numquam quia occaecati iste laudantium nesciunt possimus.','Veritatis non nihil et esse. At dolor sunt sed commodi iure. Laudantium molestiae rerum ipsum.',4,'2019-09-19 11:01:12','2019-09-19 11:01:12'),(38,'trainer-img.jpg','Libero ut est voluptatum temporibus laudantium veritatis placeat ducimus.','Quam ut officiis ipsum qui. Quisquam amet expedita nobis non facere placeat. Magni id repellat optio.',5,'2019-09-19 11:01:12','2019-09-19 11:01:12'),(39,'trainer-img1.jpg','Maxime dolorum numquam dolorem non.','Quia et quo totam non iusto omnis. Nihil omnis velit architecto officia. Temporibus nemo nam voluptas eaque ad sint exercitationem.',9,'2019-09-19 11:01:12','2019-09-19 11:01:12'),(40,'trainer-img.jpg','Dignissimos quod libero deleniti autem qui inventore.','Nobis cupiditate ratione facere pariatur eveniet doloribus. Earum deleniti voluptatem ut quia optio sed ullam est.',9,'2019-09-19 11:01:12','2019-09-19 11:01:12'),(41,'trainer-img2.jpg','Fuga tempora in eligendi neque qui.','Perferendis quo qui veritatis consectetur. Esse fugiat voluptates est inventore laborum ullam eligendi. Corporis sit voluptatem voluptas animi praesentium qui dignissimos.',4,'2019-09-19 11:01:12','2019-09-19 11:01:12'),(42,'trainer-img2.jpg','Quam maxime voluptatem ipsum repellendus.','Sunt eum placeat quibusdam voluptatibus consequatur et. Consequuntur consequuntur optio provident quo sapiente cupiditate.',10,'2019-09-19 11:01:12','2019-09-19 11:01:12'),(43,'trainer-img.jpg','Et animi et et quos neque nihil.','Officiis fugiat quae quis accusantium dicta beatae. Nihil ut maxime suscipit labore unde dolorem. Veritatis labore ut quia aut sunt blanditiis in.',6,'2019-09-19 11:01:12','2019-09-19 11:01:12'),(44,'trainer-img2.jpg','Placeat iste voluptas molestias nam aliquid quas.','Nulla animi atque fugiat esse cupiditate laudantium enim odio. Ab omnis nam adipisci deleniti sed fugit ducimus accusantium. Neque ullam soluta architecto rerum est.',10,'2019-09-19 11:01:12','2019-09-19 11:01:12'),(45,'trainer-img1.jpg','Ullam maiores ratione quis libero sit ipsum quis.','Eius perferendis aut et atque sit. Animi vel voluptatem eius hic consequatur quo et quod. Beatae neque quia dolor tenetur illum.',2,'2019-09-19 11:01:12','2019-09-19 11:01:12'),(46,'trainer-img2.jpg','Minima a voluptatem velit cum deserunt sunt.','Autem laudantium quos similique nam. Voluptate libero doloribus occaecati saepe et qui. Similique facilis magnam vero necessitatibus.',7,'2019-09-19 11:01:12','2019-09-19 11:01:12'),(47,'trainer-img1.jpg','Autem et deserunt harum illo ut quidem quos.','Sint assumenda facilis ratione ratione ut atque voluptatem velit. Similique sint aliquid placeat ut.',10,'2019-09-19 11:01:12','2019-09-19 11:01:12'),(48,'trainer-img1.jpg','Ut libero perferendis dolor distinctio.','Velit consequatur eos explicabo sunt asperiores nihil. Maiores cupiditate placeat iure quis commodi delectus.',1,'2019-09-19 11:01:12','2019-09-19 11:01:12'),(49,'trainer-img.jpg','Nemo porro molestiae possimus est perspiciatis.','Optio velit tenetur amet aut consectetur voluptatem. Facere aut voluptatem tempora ducimus hic nobis sunt molestiae. Inventore eos quam vero recusandae provident neque.',8,'2019-09-19 11:01:12','2019-09-19 11:01:12'),(50,'trainer-img2.jpg','Voluptas ipsa impedit minus est sunt.','Dignissimos optio dignissimos libero officia doloribus quidem. Hic nam officiis incidunt molestias. Nesciunt fuga ea fugit perspiciatis labore.',3,'2019-09-19 11:01:12','2019-09-19 11:01:12'),(51,'trainer-img2.jpg','Sunt ratione ipsam neque cum est deserunt.','Deserunt beatae error eveniet. Et animi hic aut maxime ut unde. Nam dolor veritatis non qui voluptas sunt corporis.',5,'2019-09-19 11:01:12','2019-09-19 11:01:12'),(52,'trainer-img1.jpg','Amet tempore voluptas autem voluptatem est dolorum corrupti.','Aliquid ab magni odio rem. Sed neque aut officia ut vel.',2,'2019-09-19 11:01:12','2019-09-19 11:01:12'),(53,'trainer-img.jpg','Quo quia voluptatem hic in officia sit.','Et qui atque quis et nihil. Quae temporibus est et quam reiciendis et qui. Consequatur architecto officiis modi quos ut repellat sed.',4,'2019-09-19 11:01:12','2019-09-19 11:01:12'),(54,'trainer-img.jpg','Odit iure exercitationem hic voluptas.','Dolorem cum ratione deserunt voluptatem. Ipsam aut sit rerum nam in aliquid similique. Quia assumenda ratione maxime id.',5,'2019-09-19 11:01:12','2019-09-19 11:01:12'),(55,'trainer-img1.jpg','Exercitationem necessitatibus fuga ut repellat.','Ut voluptatum dolor nam voluptate ratione illo. Autem et voluptas ipsam odio enim. Nostrum amet quia esse sit corrupti.',6,'2019-09-19 11:01:13','2019-09-19 11:01:13'),(56,'trainer-img.jpg','Eos non autem alias qui consequatur ipsa dolore temporibus.','Aliquam id cupiditate omnis aut. Consectetur magnam qui debitis eaque repudiandae tempora. Quibusdam dignissimos nisi dignissimos temporibus quaerat.',3,'2019-09-19 11:01:13','2019-09-19 11:01:13'),(57,'trainer-img2.jpg','In amet voluptatem voluptatem.','Ab est repellat deserunt ea eum et. Aspernatur dolore earum sit aut illum. Molestiae omnis nam et reprehenderit.',8,'2019-09-19 11:01:13','2019-09-19 11:01:13'),(58,'trainer-img.jpg','Atque exercitationem blanditiis illo error molestiae.','Aut qui et est voluptatibus a. Et voluptate placeat ea tenetur quaerat aliquid autem sit.',7,'2019-09-19 11:01:13','2019-09-19 11:01:13'),(59,'trainer-img1.jpg','Ad ut at accusamus ad commodi labore harum.','Ut libero consectetur ut praesentium ea debitis. Tempore dolorum enim pariatur non quaerat quia dolores. Eius tenetur ea rerum.',6,'2019-09-19 11:01:13','2019-09-19 11:01:13'),(60,'trainer-img.jpg','Deserunt assumenda veritatis eligendi doloribus id rerum.','Nobis sed ut accusantium. Ea ratione doloribus nisi nam corporis.',3,'2019-09-19 11:01:13','2019-09-19 11:01:13'),(61,'trainer-img1.jpg','Consequatur dolores vitae iusto et sit minima hic maxime.','Corrupti voluptate soluta voluptas sequi voluptatem facilis. Hic odit eum ad necessitatibus reiciendis. Facere eius non in dolores officiis.',8,'2019-09-19 11:01:13','2019-09-19 11:01:13'),(62,'trainer-img2.jpg','Et et perferendis aut praesentium.','Voluptas et unde ut cumque. Ex similique et et delectus voluptatem neque.',7,'2019-09-19 11:01:13','2019-09-19 11:01:13'),(63,'trainer-img.jpg','Dignissimos qui veritatis excepturi officia.','Architecto quasi quo eveniet magnam. Sint eligendi accusantium tenetur.',3,'2019-09-19 11:01:13','2019-09-19 11:01:13'),(64,'trainer-img2.jpg','Sed autem sit quam sit vitae.','Accusantium et nobis earum suscipit molestias. Sit molestiae recusandae voluptatibus et.',5,'2019-09-19 11:01:13','2019-09-19 11:01:13'),(65,'trainer-img1.jpg','Non neque impedit rem minus officia.','Sint ullam ut perferendis sit impedit deserunt omnis. Pariatur quasi et corrupti et qui ea. Totam et modi eos.',8,'2019-09-19 11:01:13','2019-09-19 11:01:13'),(66,'trainer-img1.jpg','Tempore ducimus tempore soluta minima earum laboriosam.','Voluptas veritatis et autem doloremque. Rerum distinctio enim et ipsa nisi praesentium at. Reprehenderit fugit est maxime et omnis.',10,'2019-09-19 11:01:13','2019-09-19 11:01:13'),(67,'trainer-img.jpg','Et assumenda officia quia totam dolorum.','Vel voluptatem est quaerat id sint excepturi. Labore atque ab ex voluptate. Et sapiente exercitationem exercitationem.',8,'2019-09-19 11:01:13','2019-09-19 11:01:13'),(68,'trainer-img.jpg','Dolor facere molestiae dicta illum velit vitae.','Unde recusandae culpa hic similique numquam voluptatem. Id veniam ipsum ullam nobis in rem. Ab veniam quia omnis sed expedita alias.',3,'2019-09-19 11:01:13','2019-09-19 11:01:13'),(69,'trainer-img2.jpg','Sed architecto sit molestiae ut et.','Fugit vitae dolorem voluptatem corrupti est tenetur. Aut et nihil suscipit.',4,'2019-09-19 11:01:13','2019-09-19 11:01:13'),(70,'trainer-img2.jpg','Impedit aliquid sint id autem.','Velit quaerat ut cupiditate et blanditiis alias est unde. Officiis nihil doloribus expedita ipsam. Dolores eveniet doloribus est atque.',5,'2019-09-19 11:01:13','2019-09-19 11:01:13'),(71,'trainer-img.jpg','Qui et quia incidunt cum.','Odit et et magni ullam alias. Quaerat tempora quas occaecati nostrum consectetur. Aut sed illo ut et sunt.',6,'2019-09-19 11:01:13','2019-09-19 11:01:13'),(72,'trainer-img2.jpg','A eum similique repellat.','Repellat sint fuga assumenda autem aperiam. Adipisci mollitia similique iste placeat non sit. Non quos neque nisi qui quas distinctio necessitatibus.',2,'2019-09-19 11:01:13','2019-09-19 11:01:13'),(73,'trainer-img1.jpg','Eos soluta assumenda voluptatem nulla aliquid.','Deleniti facere ratione doloribus voluptatem facere voluptas. Magnam et quas vel necessitatibus. In mollitia accusantium sed praesentium repudiandae totam mollitia.',8,'2019-09-19 11:01:13','2019-09-19 11:01:13'),(74,'trainer-img2.jpg','Vitae dicta exercitationem aperiam suscipit tenetur et.','Maxime impedit repellat error ut dolor quia aut. Rem repellat accusantium repudiandae nobis ex repellendus.',10,'2019-09-19 11:01:13','2019-09-19 11:01:13'),(75,'trainer-img2.jpg','Placeat fuga cumque sunt laboriosam libero non.','Magni quis qui libero temporibus fugiat eligendi est iure. Officia ut non voluptatem id. Quaerat aut qui praesentium labore ea autem.',8,'2019-09-19 11:01:13','2019-09-19 11:01:13'),(76,'trainer-img2.jpg','Accusamus ut corrupti in eveniet molestias ipsa autem ex.','Minima dolor sunt qui sit sed eum non. Aliquid sed perferendis sed eum aut facere qui. Sed molestias error aspernatur voluptates.',4,'2019-09-19 11:01:13','2019-09-19 11:01:13'),(77,'trainer-img.jpg','Ut facilis quis modi quia.','Id a perspiciatis architecto culpa sunt. Cupiditate natus harum modi et blanditiis voluptatem. Voluptas pariatur nam autem sapiente.',9,'2019-09-19 11:01:13','2019-09-19 11:01:13'),(78,'trainer-img1.jpg','Autem ad cumque necessitatibus facilis ea hic odio.','Consequuntur vero error fugiat nemo. Aspernatur deleniti repellat accusamus eligendi eaque nam. Est ut distinctio vel minima delectus est.',3,'2019-09-19 11:01:13','2019-09-19 11:01:13'),(79,'trainer-img2.jpg','Eveniet dolorum consequatur minus.','Maiores dolorem nemo provident et. Ipsa quis dolor libero saepe est tenetur.',3,'2019-09-19 11:01:13','2019-09-19 11:01:13'),(80,'trainer-img1.jpg','Debitis sed accusamus ipsum quae officia vero vel.','Et quisquam similique consequuntur commodi. Aut quasi eligendi blanditiis repellendus. Consectetur sint vero consectetur.',4,'2019-09-19 11:01:13','2019-09-19 11:01:13'),(81,'trainer-img1.jpg','Dolores tempora a at.','Vero eum autem nemo dolores. Quia non molestiae voluptas eaque vero qui et velit.',4,'2019-09-19 11:01:13','2019-09-19 11:01:13'),(82,'trainer-img2.jpg','Reiciendis ratione unde eius ut veniam rerum.','Officiis fuga sequi odit excepturi quo non temporibus. Ipsum qui nihil qui magnam laudantium. Autem perspiciatis reprehenderit ipsam accusantium iste repudiandae provident.',4,'2019-09-19 11:01:13','2019-09-19 11:01:13'),(83,'trainer-img2.jpg','Vero repellat beatae blanditiis qui rerum laudantium accusamus.','Sint quae impedit et sed labore ut. In pariatur est earum accusantium.',2,'2019-09-19 11:01:13','2019-09-19 11:01:13'),(84,'trainer-img.jpg','Dicta pariatur aliquam nihil voluptas nisi velit qui.','Occaecati unde eveniet ut recusandae sunt consectetur porro asperiores. Vero sit iusto minus est. Deserunt culpa numquam asperiores amet.',5,'2019-09-19 11:01:13','2019-09-19 11:01:13'),(85,'trainer-img1.jpg','Alias a delectus harum sequi ipsum.','Itaque sunt corrupti nulla voluptas similique est. Voluptas doloribus quidem sint maxime in sed soluta. Et enim rerum consequatur qui.',1,'2019-09-19 11:01:13','2019-09-19 11:01:13'),(86,'trainer-img1.jpg','Molestias itaque iusto sint amet.','Eveniet sunt recusandae eos laudantium quidem sed. Architecto ullam natus saepe quibusdam blanditiis culpa.',1,'2019-09-19 11:01:13','2019-09-19 11:01:13'),(87,'trainer-img.jpg','Laboriosam ipsa iusto veniam asperiores quia quasi.','Aut quos et omnis ut porro et unde. Et voluptatem at est dignissimos recusandae libero et. Velit et aut sed dolores est.',5,'2019-09-19 11:01:13','2019-09-19 11:01:13'),(88,'trainer-img1.jpg','Numquam doloremque voluptatem dolores.','Voluptates debitis aut porro minima magni repellat. Perferendis sit quis molestiae assumenda exercitationem atque esse. Placeat voluptatum officia quo assumenda ipsa.',3,'2019-09-19 11:01:13','2019-09-19 11:01:13'),(89,'trainer-img.jpg','Quam sed expedita inventore.','Sit fugiat facere soluta ullam impedit vitae tempora. Commodi animi blanditiis et quibusdam velit.',9,'2019-09-19 11:01:13','2019-09-19 11:01:13'),(90,'trainer-img2.jpg','Laudantium perspiciatis praesentium voluptatem dolorem minus aut.','Impedit quisquam velit quas porro explicabo itaque ut. Impedit eveniet sit velit accusamus qui et. Molestias repellat ut et voluptatum et et.',5,'2019-09-19 11:01:13','2019-09-19 11:01:13'),(91,'trainer-img2.jpg','Ut amet dolorum qui aspernatur ipsa enim vitae.','Quaerat qui voluptas eos impedit. Molestiae doloremque et odit voluptate repudiandae necessitatibus at.',6,'2019-09-19 11:01:13','2019-09-19 11:01:13'),(92,'trainer-img.jpg','Repellendus numquam voluptatem reiciendis dolores harum.','Quo voluptatem minus aut rerum ea sequi. Ut ea ea accusamus omnis rerum in iusto rerum.',8,'2019-09-19 11:01:13','2019-09-19 11:01:13'),(93,'trainer-img2.jpg','Commodi sed sit ut quia deleniti aut et.','Vitae voluptas ea ut. Facilis tempora consequuntur omnis qui maiores sit at. Ea rerum dolore similique voluptates at nihil ad.',5,'2019-09-19 11:01:13','2019-09-19 11:01:13'),(94,'trainer-img.jpg','Nisi provident ut quisquam quas inventore.','Quibusdam ullam asperiores enim provident voluptatum. Ipsa quo doloremque autem est. Omnis et ad quasi vitae.',2,'2019-09-19 11:01:13','2019-09-19 11:01:13'),(95,'trainer-img1.jpg','Sit itaque sapiente quia aut et minus.','Excepturi facere earum rerum repellat perspiciatis beatae. Rerum voluptas perspiciatis quia illum ducimus.',4,'2019-09-19 11:01:13','2019-09-19 11:01:13'),(96,'trainer-img1.jpg','Voluptatibus voluptas neque qui eveniet doloremque quae.','Eum dolores alias rerum ut molestias soluta. Reprehenderit ipsum commodi sequi est quibusdam est blanditiis. Doloremque necessitatibus dolor voluptatem consequuntur incidunt.',9,'2019-09-19 11:01:13','2019-09-19 11:01:13'),(97,'trainer-img1.jpg','Praesentium earum sunt recusandae ut ipsa.','Consequatur est et mollitia omnis itaque. Amet aliquid sunt aliquid voluptatem.',7,'2019-09-19 11:01:13','2019-09-19 11:01:13'),(98,'trainer-img.jpg','Earum architecto vel ipsum totam expedita aut fugit.','Sit illum magni sed ut. Sed consectetur deserunt voluptas qui cumque hic. Magnam fuga asperiores quia distinctio.',6,'2019-09-19 11:01:13','2019-09-19 11:01:13'),(99,'trainer-img1.jpg','Totam eos rerum dolor vitae corrupti sunt.','Voluptatum adipisci quisquam voluptatem tenetur nulla corporis. Suscipit voluptatem quod amet animi quis enim odit. Dolorum voluptatem autem provident et tempora non.',10,'2019-09-19 11:01:13','2019-09-19 11:01:13'),(100,'trainer-img1.jpg','Consequatur libero et vel ipsam assumenda illum animi omnis.','Et qui qui quidem molestias corporis. Atque sit dolores minima quisquam ex aut et voluptatem.',8,'2019-09-19 11:01:13','2019-09-19 11:01:13'),(101,'trainer-img1.jpg','Eaque dolores deserunt libero omnis qui neque.','Quaerat nobis labore dolorum voluptatem ratione nihil error nam. Voluptas eos voluptas illo voluptatem.',3,'2019-09-19 11:01:13','2019-09-19 11:01:13'),(102,'trainer-img2.jpg','Adipisci aut nam dolor et error.','Quia reprehenderit error dolores commodi est vitae. Voluptatem debitis id praesentium omnis sit nesciunt qui non. Voluptatum minima dolor et.',5,'2019-09-19 11:01:13','2019-09-19 11:01:13'),(103,'trainer-img2.jpg','Eligendi non dolorum deleniti hic.','Quisquam numquam hic tenetur doloremque iure quidem aspernatur. Ratione quis et et nostrum ea quidem dolores.',6,'2019-09-19 11:01:13','2019-09-19 11:01:13'),(104,'trainer-img1.jpg','Distinctio amet et optio.','Tempore quia ducimus veniam corrupti magni. Eligendi et ut dolor ut ut. Ab assumenda culpa sunt et aperiam atque quibusdam.',1,'2019-09-19 11:01:13','2019-09-19 11:01:13'),(105,'trainer-img2.jpg','Ad modi voluptatem consequuntur omnis.','Sit est adipisci voluptate reiciendis quidem ut quia minima. Praesentium numquam optio ab ut.',6,'2019-09-19 11:01:13','2019-09-19 11:01:13'),(106,'trainer-img2.jpg','Quo sint ducimus quas veniam et.','Ut officiis ipsa non aut sed eos quasi. Sint rerum debitis quos nobis eum qui ab.',10,'2019-09-19 11:01:13','2019-09-19 11:01:13'),(107,'trainer-img2.jpg','Excepturi molestiae commodi reprehenderit voluptatem est.','Est est dignissimos repellendus quia ipsum unde. Quam quos voluptatem cum eum voluptatem.',7,'2019-09-19 11:01:13','2019-09-19 11:01:13'),(108,'trainer-img2.jpg','Fugit nobis quia fugiat vero architecto.','Error aut praesentium libero non ducimus. Deleniti voluptates vero occaecati sint non id. Rem ab et voluptatem cumque at culpa.',6,'2019-09-19 11:01:13','2019-09-19 11:01:13'),(109,'trainer-img.jpg','Neque qui eaque et ut iure.','Ipsa voluptatem voluptate soluta aspernatur dolor. Libero quae aut accusantium nostrum quia et velit.',5,'2019-09-19 11:01:13','2019-09-19 11:01:13'),(110,'trainer-img1.jpg','Error veritatis totam eos aperiam et.','Libero ullam consectetur beatae dolores est. Sunt rem sunt ipsa.',7,'2019-09-19 11:01:13','2019-09-19 11:01:13'),(111,'trainer-img.jpg','Aspernatur aperiam numquam accusamus.','Asperiores earum commodi incidunt perferendis architecto dolore. Eos qui et et hic itaque. Minima voluptas at perferendis odio est laboriosam tenetur cupiditate.',6,'2019-09-19 11:01:13','2019-09-19 11:01:13'),(112,'trainer-img2.jpg','Aut deserunt quia voluptatem quo sit ut recusandae.','Veniam voluptatem dolore sed et. Excepturi doloribus voluptas quibusdam et porro ex.',6,'2019-09-19 11:01:13','2019-09-19 11:01:13'),(113,'trainer-img.jpg','Nihil id corporis dolorum est delectus optio.','Libero quas dolorem quisquam hic voluptatibus sint. Eum non nemo nihil.',2,'2019-09-19 11:01:13','2019-09-19 11:01:13'),(114,'trainer-img1.jpg','Id vel aliquam dolores dolores.','Repellat soluta ratione unde sunt quo quam error. At et hic dolor.',2,'2019-09-19 11:01:13','2019-09-19 11:01:13'),(115,'trainer-img1.jpg','Fuga ex similique autem qui id et.','Veniam cumque quisquam aspernatur modi. Ducimus excepturi nihil omnis consequatur ut beatae.',6,'2019-09-19 11:01:13','2019-09-19 11:01:13'),(116,'trainer-img1.jpg','Ea doloribus molestiae rerum consequatur quo minus ea.','Omnis at est consequatur. Cupiditate dolor voluptate odio incidunt aut numquam.',3,'2019-09-19 11:01:13','2019-09-19 11:01:13'),(117,'trainer-img1.jpg','Laborum asperiores et sint iusto ut voluptatum facilis.','Voluptas minima temporibus voluptatem harum ducimus ipsa voluptatum. Eveniet ratione sit totam eos quia quam. Non omnis mollitia dolorem qui est.',5,'2019-09-19 11:01:13','2019-09-19 11:01:13'),(118,'trainer-img1.jpg','Eaque nihil odit consectetur totam itaque et qui.','Necessitatibus et est accusantium doloremque culpa quisquam et. Voluptatum sed perspiciatis numquam nostrum omnis. Debitis sunt qui aliquam.',1,'2019-09-19 11:01:13','2019-09-19 11:01:13'),(119,'trainer-img2.jpg','Beatae culpa perferendis quos libero.','Non tempore distinctio voluptatem animi dignissimos eius optio et. Quisquam et quibusdam totam sed soluta iste quia. Alias hic ad nisi omnis id culpa vel error.',2,'2019-09-19 11:01:13','2019-09-19 11:01:13'),(120,'trainer-img1.jpg','Sed corrupti ab voluptatem autem suscipit et.','Consequatur perspiciatis et odit sunt. Et laboriosam sed incidunt repellat possimus dolor dolorem.',5,'2019-09-19 11:01:13','2019-09-19 11:01:13'),(121,'trainer-img2.jpg','Et quia eum et non rerum.','Dolore sunt et ex porro. Excepturi necessitatibus minima molestiae ratione. Voluptas consectetur asperiores omnis dolores mollitia.',10,'2019-09-19 11:01:13','2019-09-19 11:01:13'),(122,'trainer-img1.jpg','Et est accusantium expedita eligendi provident voluptatem at.','Est et error porro ad. Qui officiis in voluptas.',3,'2019-09-19 11:01:13','2019-09-19 11:01:13'),(123,'trainer-img2.jpg','Ullam veniam esse illo.','Nihil rem aut tenetur quo ipsum. Iste consequuntur dolorum assumenda impedit natus tenetur exercitationem.',9,'2019-09-19 11:01:13','2019-09-19 11:01:13'),(124,'trainer-img.jpg','Asperiores mollitia omnis iure harum reprehenderit.','Dolor et sequi dolorem rem illum ratione est. Quaerat quas qui ex in nobis. Ratione recusandae deleniti illo.',6,'2019-09-19 11:01:13','2019-09-19 11:01:13'),(125,'trainer-img2.jpg','Hic nesciunt consequatur odit voluptatum est sed omnis vel.','Velit sit ut ratione qui et numquam. Tenetur velit neque pariatur saepe.',1,'2019-09-19 11:01:13','2019-09-19 11:01:13');
/*!40000 ALTER TABLE `wall_of_fames` ENABLE KEYS */;
UNLOCK TABLES;
/*!40103 SET TIME_ZONE=@OLD_TIME_ZONE */;

/*!40101 SET SQL_MODE=@OLD_SQL_MODE */;
/*!40014 SET FOREIGN_KEY_CHECKS=@OLD_FOREIGN_KEY_CHECKS */;
/*!40014 SET UNIQUE_CHECKS=@OLD_UNIQUE_CHECKS */;
/*!40101 SET CHARACTER_SET_CLIENT=@OLD_CHARACTER_SET_CLIENT */;
/*!40101 SET CHARACTER_SET_RESULTS=@OLD_CHARACTER_SET_RESULTS */;
/*!40101 SET COLLATION_CONNECTION=@OLD_COLLATION_CONNECTION */;
/*!40111 SET SQL_NOTES=@OLD_SQL_NOTES */;

-- Dump completed on 2019-09-25 14:14:53
